slug,ngo_name,tagline,location,established_year,hero_headline,hero_highlight,hero_subheadline,mission_text,donation_cta,primary_color,secondary_color,accent_color,hero_image_url,logo_url,program_1_title,program_1_category,program_1_description,program_1_image_url,program_2_title,program_2_category,program_2_description,program_2_image_url,program_3_title,program_3_category,program_3_description,program_3_image_url,program_4_title,program_4_category,program_4_description,program_4_image_url,impact_1_number,impact_1_label,impact_1_subtext,impact_2_number,impact_2_label,impact_2_subtext,impact_3_number,impact_3_label,impact_3_subtext,impact_4_number,impact_4_label,impact_4_subtext,testimonial_quote,testimonial_name,testimonial_location,team_1_role,team_1_bio,team_2_name,team_2_role,team_2_bio,team_3_name,team_3_role,team_3_bio,email,phone,address,donate_link,batch,status,team_1_name,contact_link,client_profile_image_url,client_banner_image_url
pure-india-trust-ngo,PURE India Trust (NGO),"Community-led impact, dignity and development for underserved families.","South Delhi, Delhi, India",2013,"Building Community Impact,",One Life at a Time.,"PURE India Trust (NGO) is presented as a premium NGO website concept focused on community development, dignity and grassroots change for communities in South Delhi.","PURE India Trust (NGO) focuses on community development, dignity and grassroots change through community-led programs, partnerships and on-ground outreach in South Delhi. This website concept presents the mission, impact, team and donation journey in a premium digital format.",Support This Cause ₹,#051f1a,#14352c,#e0bd55,https://images.unsplash.com/photo-1524492412937-b28074a5d7da?auto=format&fit=crop&w=1920&q=80,,Community Outreach,FIELD PROGRAMS,"Grassroots outreach, awareness drives and local partnerships that connect families with practical support.",https://images.unsplash.com/photo-1551731409-43eb3e517a1a?auto=format&fit=crop&w=900&q=80,Education Support,EDUCATION,"Learning support, mentoring and school-readiness programs for children from underserved communities.",https://images.unsplash.com/photo-1594608661623-aa0bd3a69799?auto=format&fit=crop&w=900&q=80,Health & Wellness Camps,HEALTHCARE,"Preventive health camps, awareness sessions and referral support for vulnerable families.",https://images.unsplash.com/photo-1631815588090-d4bfec5b1ccb?auto=format&fit=crop&w=900&q=80,Livelihood & Skills,EMPOWERMENT,"Skill-building, self-reliance and livelihood support designed to help communities move forward.",https://images.unsplash.com/photo-1611702700098-dec597b27d9d?auto=format&fit=crop&w=900&q=80,"10,000+",Lives Reached,Across South Delhi communities,75+,Community Drives,Community-led programs,12+,Years of Impact,Experience-led impact,₹1Cr+,Value Mobilised,For social programs,"The work represented by PURE India Trust (NGO) shows how focused community action can create trust, dignity and practical support for families.",Community Member,South Delhi,Founder & CEO,"Prashant Pal is associated with PURE India Trust (NGO) as Founder & CEO, helping strengthen partnerships, visibility and community impact across South Del...",Program Coordinator,Community Programs,"Coordinates local outreach, volunteer support and program delivery for communities connected with PURE India Trust (NGO).",Impact Lead,Partnerships & Reporting,"Supports donor communication, impact storytelling and transparent reporting for social programs.",hello@pure-india-trust-ngo.org,,"South Delhi, Delhi, India",https://www.linkedin.com/in/ACwAAAQI8SgBaasH0bSgpkC70QAW6x0WV3kVAzI,client-batch-1,ready,Prashant Pal,https://www.linkedin.com/in/ACwAAAQI8SgBaasH0bSgpkC70QAW6x0WV3kVAzI,https://media.licdn.com/dms/image/v2/D4D03AQFIt2aEjd7-OQ/profile-displayphoto-shrink_800_800/profile-displayphoto-shrink_800_800/0/1688214611568?e=1780531200&v=beta&t=svoXzx8yOGenIXDGTUw5BWaEHwZoPWzDEbh2vJ3AiwA,https://media.licdn.com/dms/image/v2/D5616AQEBknFOIWcTaQ/profile-displaybackgroundimage-shrink_200_800/B56Ze8tc0sHUAU-/0/1751217721760?e=1780531200&v=beta&t=a_LpfsSe1hApDgkKXWJA4Z5uMnNDjd53QzmRVR1xwzQ
truintel-reform-foundation,TruIntel Reform Foundation,"Community-led impact, dignity and development for underserved families.","New Delhi, Delhi, India",2025,"Building Community Impact,",One Life at a Time.,"TruIntel Reform Foundation is presented as a premium NGO website concept focused on community development, dignity and grassroots change for communities in New Delhi.","TruIntel Reform Foundation focuses on community development, dignity and grassroots change through community-led programs, partnerships and on-ground outreach in New Delhi. This website concept presents the mission, impact, team and donation journey in a premium digital format.",Support This Cause ₹,#071b14,#1c3a2f,#c7a646,https://images.unsplash.com/photo-1524492412937-b28074a5d7da?auto=format&fit=crop&w=1920&q=80,,Community Outreach,FIELD PROGRAMS,"Grassroots outreach, awareness drives and local partnerships that connect families with practical support.",https://images.unsplash.com/photo-1551731409-43eb3e517a1a?auto=format&fit=crop&w=900&q=80,Education Support,EDUCATION,"Learning support, mentoring and school-readiness programs for children from underserved communities.",https://images.unsplash.com/photo-1594608661623-aa0bd3a69799?auto=format&fit=crop&w=900&q=80,Health & Wellness Camps,HEALTHCARE,"Preventive health camps, awareness sessions and referral support for vulnerable families.",https://images.unsplash.com/photo-1631815588090-d4bfec5b1ccb?auto=format&fit=crop&w=900&q=80,Livelihood & Skills,EMPOWERMENT,"Skill-building, self-reliance and livelihood support designed to help communities move forward.",https://images.unsplash.com/photo-1611702700098-dec597b27d9d?auto=format&fit=crop&w=900&q=80,"10,000+",Lives Reached,Across New Delhi communities,75+,Community Drives,Community-led programs,12+,Years of Impact,Experience-led impact,₹1Cr+,Value Mobilised,For social programs,"The work represented by TruIntel Reform Foundation shows how focused community action can create trust, dignity and practical support for families.",Community Member,New Delhi,Founder & Director General,"Dr Suhaib Amin is associated with TruIntel Reform Foundation as Founder & Director General, helping strengthen partnerships, visibility and community impa...",Program Coordinator,Community Programs,"Coordinates local outreach, volunteer support and program delivery for communities connected with TruIntel Reform Foundation.",Impact Lead,Partnerships & Reporting,"Supports donor communication, impact storytelling and transparent reporting for social programs.",hello@truintel-reform-foundation.org,,"New Delhi, Delhi, India",https://www.linkedin.com/in/ACwAACnN8zIBB7AKpiH9mO9ghKh7HhusLpR6e4U,client-batch-1,ready,Dr Suhaib Amin,https://www.linkedin.com/in/ACwAACnN8zIBB7AKpiH9mO9ghKh7HhusLpR6e4U,https://media.licdn.com/dms/image/v2/D5635AQEJqxvLXbNYsA/profile-framedphoto-shrink_800_800/B56Z3TeMuWG0Ag-/0/1777369402500?e=1779458400&v=beta&t=MFlLcNnwkTc81taPWiamZQHP-TOSMG01DSc62FaG_bU,https://media.licdn.com/dms/image/v2/D4D16AQG3EStRkd_qlA/profile-displaybackgroundimage-shrink_200_800/B4DZYw_YZXHAAY-/0/1744578646293?e=1780531200&v=beta&t=grsdNg62fb5OwGGPWk_SXS45CWB_kvV3DOqXC9HzDnI
savvy-foundation,Savvy Foundation,"Community-led impact, dignity and development for underserved families.",Greater Delhi Area,2024,"Building Community Impact,",One Life at a Time.,"Savvy Foundation is presented as a premium NGO website concept focused on community development, dignity and grassroots change for communities in Delhi.","Savvy Foundation focuses on community development, dignity and grassroots change through community-led programs, partnerships and on-ground outreach in Delhi. This website concept presents the mission, impact, team and donation journey in a premium digital format.",Support This Cause ₹,#001b13,#0b2d22,#d7b84f,https://images.unsplash.com/photo-1524492412937-b28074a5d7da?auto=format&fit=crop&w=1920&q=80,,Community Outreach,FIELD PROGRAMS,"Grassroots outreach, awareness drives and local partnerships that connect families with practical support.",https://images.unsplash.com/photo-1551731409-43eb3e517a1a?auto=format&fit=crop&w=900&q=80,Education Support,EDUCATION,"Learning support, mentoring and school-readiness programs for children from underserved communities.",https://images.unsplash.com/photo-1594608661623-aa0bd3a69799?auto=format&fit=crop&w=900&q=80,Health & Wellness Camps,HEALTHCARE,"Preventive health camps, awareness sessions and referral support for vulnerable families.",https://images.unsplash.com/photo-1631815588090-d4bfec5b1ccb?auto=format&fit=crop&w=900&q=80,Livelihood & Skills,EMPOWERMENT,"Skill-building, self-reliance and livelihood support designed to help communities move forward.",https://images.unsplash.com/photo-1611702700098-dec597b27d9d?auto=format&fit=crop&w=900&q=80,"10,000+",Lives Reached,Across Delhi communities,75+,Community Drives,Community-led programs,12+,Years of Impact,Experience-led impact,₹1Cr+,Value Mobilised,For social programs,"The work represented by Savvy Foundation shows how focused community action can create trust, dignity and practical support for families.",Community Member,Delhi,President,"Mudit Pandey is associated with Savvy Foundation as President, helping strengthen partnerships, visibility and community impact across Delhi.",Program Coordinator,Community Programs,"Coordinates local outreach, volunteer support and program delivery for communities connected with Savvy Foundation.",Impact Lead,Partnerships & Reporting,"Supports donor communication, impact storytelling and transparent reporting for social programs.",hello@savvy-foundation.org,,Greater Delhi Area,https://www.linkedin.com/in/ACwAAAWt8dMBX-BHaq3w6P5YCXEQMSwTYtMPHFQ,client-batch-1,ready,Mudit Pandey,https://www.linkedin.com/in/ACwAAAWt8dMBX-BHaq3w6P5YCXEQMSwTYtMPHFQ,https://media.licdn.com/dms/image/v2/C5103AQGiT96-laiWzg/profile-displayphoto-shrink_400_400/profile-displayphoto-shrink_400_400/0/1556081889683?e=1780531200&v=beta&t=o_rXmPYitseWwbSSZg5JdWP2gT7fIhVPLnrIx-GwbQs,https://media.licdn.com/dms/image/v2/D5616AQFqoOIZc2Gpsg/profile-displaybackgroundimage-shrink_200_800/B56Zrabd2mI8AU-/0/1764601225236?e=1780531200&v=beta&t=Pgk3GQhPLCZEpq1wImMT-9q2Z6FbPt1fygDCFDazBOM
medini-international-foundation-mif,Medini International Foundation (MIF),"Community-led impact, dignity and development for underserved families.",Greater Delhi Area,2014,"Building Community Impact,",One Life at a Time.,"Medini International Foundation (MIF) is presented as a premium NGO website concept focused on community development, dignity and grassroots change for communities in Delhi.","Medini International Foundation (MIF) focuses on community development, dignity and grassroots change through community-led programs, partnerships and on-ground outreach in Delhi. This website concept presents the mission, impact, team and donation journey in a premium digital format.",Support This Cause ₹,#001b13,#0b2d22,#d7b84f,https://images.unsplash.com/photo-1524492412937-b28074a5d7da?auto=format&fit=crop&w=1920&q=80,,Community Outreach,FIELD PROGRAMS,"Grassroots outreach, awareness drives and local partnerships that connect families with practical support.",https://images.unsplash.com/photo-1551731409-43eb3e517a1a?auto=format&fit=crop&w=900&q=80,Education Support,EDUCATION,"Learning support, mentoring and school-readiness programs for children from underserved communities.",https://images.unsplash.com/photo-1594608661623-aa0bd3a69799?auto=format&fit=crop&w=900&q=80,Health & Wellness Camps,HEALTHCARE,"Preventive health camps, awareness sessions and referral support for vulnerable families.",https://images.unsplash.com/photo-1631815588090-d4bfec5b1ccb?auto=format&fit=crop&w=900&q=80,Livelihood & Skills,EMPOWERMENT,"Skill-building, self-reliance and livelihood support designed to help communities move forward.",https://images.unsplash.com/photo-1611702700098-dec597b27d9d?auto=format&fit=crop&w=900&q=80,"10,000+",Lives Reached,Across Delhi communities,75+,Community Drives,Community-led programs,12+,Years of Impact,Experience-led impact,₹1Cr+,Value Mobilised,For social programs,"The work represented by Medini International Foundation (MIF) shows how focused community action can create trust, dignity and practical support for families.",Community Member,Delhi,Chief Executive Officer,"Krishna Kumar Pateriya is associated with Medini International Foundation (MIF) as Chief Executive Officer, helping strengthen partnerships, visibility an...",Program Coordinator,Community Programs,"Coordinates local outreach, volunteer support and program delivery for communities connected with Medini International Foundation (MIF).",Impact Lead,Partnerships & Reporting,"Supports donor communication, impact storytelling and transparent reporting for social programs.",hello@medini-international-foundation-mif.org,,Greater Delhi Area,https://www.linkedin.com/in/ACwAABQgblwBHawpAVapP3qf7sTQeqstdNZt3Yk,client-batch-1,ready,Krishna Kumar Pateriya,https://www.linkedin.com/in/ACwAABQgblwBHawpAVapP3qf7sTQeqstdNZt3Yk,https://media.licdn.com/dms/image/v2/D4D03AQHX5ZhSIKrK-A/profile-displayphoto-scale_200_200/B4DZxXtkCeI8Ac-/0/1770998092998?e=1780531200&v=beta&t=7AnHQ0e0SsJIZqlyKdIEnRnd9vRhuD_lPNEBF9mY_yA,https://media.licdn.com/dms/image/v2/D5616AQErjnmGSibaHw/profile-displaybackgroundimage-shrink_200_800/profile-displaybackgroundimage-shrink_200_800/0/1737982435888?e=1780531200&v=beta&t=d7IPH1bLBArqzyNc2YmhxcnkdDLxdqb2AGFZSG7e-6Y
parwarish-cares-foundation,Parwarish Cares Foundation,"Community-led impact, dignity and development for underserved families.",Greater Delhi Area,2008,"Building Community Impact,",One Life at a Time.,"Parwarish Cares Foundation is presented as a premium NGO website concept focused on community development, dignity and grassroots change for communities in Delhi.","Parwarish Cares Foundation focuses on community development, dignity and grassroots change through community-led programs, partnerships and on-ground outreach in Delhi. This website concept presents the mission, impact, team and donation journey in a premium digital format.",Support This Cause ₹,#051f1a,#14352c,#e0bd55,https://images.unsplash.com/photo-1524492412937-b28074a5d7da?auto=format&fit=crop&w=1920&q=80,,Community Outreach,FIELD PROGRAMS,"Grassroots outreach, awareness drives and local partnerships that connect families with practical support.",https://images.unsplash.com/photo-1551731409-43eb3e517a1a?auto=format&fit=crop&w=900&q=80,Education Support,EDUCATION,"Learning support, mentoring and school-readiness programs for children from underserved communities.",https://images.unsplash.com/photo-1594608661623-aa0bd3a69799?auto=format&fit=crop&w=900&q=80,Health & Wellness Camps,HEALTHCARE,"Preventive health camps, awareness sessions and referral support for vulnerable families.",https://images.unsplash.com/photo-1631815588090-d4bfec5b1ccb?auto=format&fit=crop&w=900&q=80,Livelihood & Skills,EMPOWERMENT,"Skill-building, self-reliance and livelihood support designed to help communities move forward.",https://images.unsplash.com/photo-1611702700098-dec597b27d9d?auto=format&fit=crop&w=900&q=80,"10,000+",Lives Reached,Across Delhi communities,75+,Community Drives,Community-led programs,12+,Years of Impact,Experience-led impact,₹1Cr+,Value Mobilised,For social programs,"The work represented by Parwarish Cares Foundation shows how focused community action can create trust, dignity and practical support for families.",Community Member,Delhi,Director,"Sushant Kalra is associated with Parwarish Cares Foundation as Director, helping strengthen partnerships, visibility and community impact across Delhi.",Program Coordinator,Community Programs,"Coordinates local outreach, volunteer support and program delivery for communities connected with Parwarish Cares Foundation.",Impact Lead,Partnerships & Reporting,"Supports donor communication, impact storytelling and transparent reporting for social programs.",hello@parwarish-cares-foundation.org,,Greater Delhi Area,https://www.linkedin.com/in/ACwAAAEj4iQBbLc5xYCRrx19Y5ESTKucVhG46Qc,client-batch-1,ready,Sushant Kalra,https://www.linkedin.com/in/ACwAAAEj4iQBbLc5xYCRrx19Y5ESTKucVhG46Qc,https://media.licdn.com/dms/image/v2/C5603AQHxakgNTZtrXg/profile-displayphoto-shrink_800_800/profile-displayphoto-shrink_800_800/0/1645091633420?e=1780531200&v=beta&t=v0Jvvj5g5TgKZOsBdZvGvctVxHL5VEeevcNN2DSuh38,https://media.licdn.com/dms/image/v2/D5616AQFLjgohbUF6_g/profile-displaybackgroundimage-shrink_200_800/B56Z0HoIY9HwAU-/0/1773949454487?e=1780531200&v=beta&t=WPE5l-meyvXi8mJO3WlPxWYJi60nALegCAzAxrpl_34
veruschka-foundation,Veruschka Foundation,"Community-led impact, dignity and development for underserved families.","Mumbai, Maharashtra, India",2017,"Building Community Impact,",One Life at a Time.,"Veruschka Foundation is presented as a premium NGO website concept focused on community development, dignity and grassroots change for communities in Mumbai.","Veruschka Foundation focuses on community development, dignity and grassroots change through community-led programs, partnerships and on-ground outreach in Mumbai. This website concept presents the mission, impact, team and donation journey in a premium digital format.",Support This Cause ₹,#051f1a,#14352c,#e0bd55,https://images.unsplash.com/photo-1524492412937-b28074a5d7da?auto=format&fit=crop&w=1920&q=80,,Community Outreach,FIELD PROGRAMS,"Grassroots outreach, awareness drives and local partnerships that connect families with practical support.",https://images.unsplash.com/photo-1551731409-43eb3e517a1a?auto=format&fit=crop&w=900&q=80,Education Support,EDUCATION,"Learning support, mentoring and school-readiness programs for children from underserved communities.",https://images.unsplash.com/photo-1594608661623-aa0bd3a69799?auto=format&fit=crop&w=900&q=80,Health & Wellness Camps,HEALTHCARE,"Preventive health camps, awareness sessions and referral support for vulnerable families.",https://images.unsplash.com/photo-1631815588090-d4bfec5b1ccb?auto=format&fit=crop&w=900&q=80,Livelihood & Skills,EMPOWERMENT,"Skill-building, self-reliance and livelihood support designed to help communities move forward.",https://images.unsplash.com/photo-1611702700098-dec597b27d9d?auto=format&fit=crop&w=900&q=80,"10,000+",Lives Reached,Across Mumbai communities,75+,Community Drives,Community-led programs,12+,Years of Impact,Experience-led impact,₹1Cr+,Value Mobilised,For social programs,"The work represented by Veruschka Foundation shows how focused community action can create trust, dignity and practical support for families.",Community Member,Mumbai,Founder & CEO of Veruschka Foundation | Section 8 not-for-profit organisation,"Dr Tatyana Dias is associated with Veruschka Foundation as Founder & CEO of Veruschka Foundation | Section 8 not-for-profit organisation, helping strength...",Program Coordinator,Community Programs,"Coordinates local outreach, volunteer support and program delivery for communities connected with Veruschka Foundation.",Impact Lead,Partnerships & Reporting,"Supports donor communication, impact storytelling and transparent reporting for social programs.",hello@veruschka-foundation.org,,"Mumbai, Maharashtra, India",https://www.linkedin.com/in/ACwAABBBwEgBmEsuoauZGV8Y08LhP9fSOBR3JUM,client-batch-1,ready,Dr Tatyana Dias,https://www.linkedin.com/in/ACwAABBBwEgBmEsuoauZGV8Y08LhP9fSOBR3JUM,https://media.licdn.com/dms/image/v2/D4D03AQFBPkRmy4AE-g/profile-displayphoto-crop_800_800/B4DZxhceokG0AI-/0/1771161382523?e=1780531200&v=beta&t=p1BN1bLIuVP11nfkIXI3gu0NXhFG1CMYY6_mLcWO-Ng,https://media.licdn.com/dms/image/v2/D4D16AQEgGx-nlHNMmQ/profile-displaybackgroundimage-shrink_200_800/profile-displaybackgroundimage-shrink_200_800/0/1719354273360?e=1780531200&v=beta&t=o0PBMluFyACd9uPhtn8F_knCzsQ-cUtnJbQbZe30PDg
dakshayani-and-amaravati-health-and-education,Dakshayani and Amaravati Health and Education,Making healthcare awareness and support more accessible to communities.,"Gurgaon, Haryana, India",2013,"Bringing Care Closer,",Healing Communities.,"Dakshayani and Amaravati Health and Education is presented as a premium NGO website concept focused on healthcare access, awareness and wellness support for communities in Gurgaon.","Dakshayani and Amaravati Health and Education focuses on healthcare access, awareness and wellness support through community-led programs, partnerships and on-ground outreach in Gurgaon. This website concept presents the mission, impact, team and donation journey in a premium digital format.",Support This Cause ₹,#071b14,#1c3a2f,#c7a646,https://images.unsplash.com/photo-1584515933487-779824d29309?auto=format&fit=crop&w=1920&q=80,,Mobile Health Camps,HEALTHCARE,"Community health camps, screenings and basic medical access for families who need timely care.",https://images.unsplash.com/photo-1576091160550-2173dba999ef?auto=format&fit=crop&w=900&q=80,Patient Awareness,AWARENESS,Practical awareness programs that help people identify risks early and seek the right support.,https://images.unsplash.com/photo-1550831107-1553da8c8464?auto=format&fit=crop&w=900&q=80,Care Navigation,SUPPORT,"Guidance, referrals and follow-up support that make the healthcare journey easier for communities.",https://images.unsplash.com/photo-1559757148-5c350d0d3c56?auto=format&fit=crop&w=900&q=80,Community Wellness,WELLNESS,"Preventive care, nutrition awareness and wellness sessions delivered with local participation.",https://images.unsplash.com/photo-1587854692152-cbe660dbde88?auto=format&fit=crop&w=900&q=80,"8,500+",People Supported,Across Gurgaon communities,120+,Health Camps,Community-led programs,30+,Care Partners,Local support network,18+,Districts Reached,Purpose-led progress,"The work represented by Dakshayani and Amaravati Health and Education shows how focused community action can create trust, dignity and practical support for families.",Community Member,Gurgaon,CEO,"Dr. Ratna Devi is associated with Dakshayani and Amaravati Health and Education as CEO, helping strengthen partnerships, visibility and community impact a...",Program Coordinator,Community Programs,"Coordinates local outreach, volunteer support and program delivery for communities connected with Dakshayani and Amaravati Health and Education.",Impact Lead,Partnerships & Reporting,"Supports donor communication, impact storytelling and transparent reporting for social programs.",hello@dakshayani-and-amaravati-health-and-education.org,,"Gurgaon, Haryana, India",https://www.linkedin.com/in/ACwAAAG2jlYBwAvzH2VMVV8tRAJMqOICgIEzO8k,client-batch-1,ready,Dr. Ratna Devi,https://www.linkedin.com/in/ACwAAAG2jlYBwAvzH2VMVV8tRAJMqOICgIEzO8k,https://media.licdn.com/dms/image/v2/D5603AQE7Tgcrj32lOA/profile-displayphoto-shrink_800_800/B56ZSoJ99mHsAc-/0/1737987973939?e=1780531200&v=beta&t=3a8NP0LsmJhjTBKeuIe1kaSv8xnrU_6E2-9S2LNNEU0,https://media.licdn.com/dms/image/v2/C5616AQFPoPbXrqzCtw/profile-displaybackgroundimage-shrink_200_800/profile-displaybackgroundimage-shrink_200_800/0/1517665041057?e=1780531200&v=beta&t=XQiHlZXzqSNour6dAdXb-v69IpBQ0Q0p0wVLQFaiQuA
chakra-dialogues-foundation,Chakra Dialogues Foundation,"Community-led impact, dignity and development for underserved families.","South Delhi, Delhi, India",2024,"Building Community Impact,",One Life at a Time.,"Chakra Dialogues Foundation is presented as a premium NGO website concept focused on community development, dignity and grassroots change for communities in South Delhi.","Chakra Dialogues Foundation focuses on community development, dignity and grassroots change through community-led programs, partnerships and on-ground outreach in South Delhi. This website concept presents the mission, impact, team and donation journey in a premium digital format.",Support This Cause ₹,#001b13,#0b2d22,#d7b84f,https://images.unsplash.com/photo-1524492412937-b28074a5d7da?auto=format&fit=crop&w=1920&q=80,,Community Outreach,FIELD PROGRAMS,"Grassroots outreach, awareness drives and local partnerships that connect families with practical support.",https://images.unsplash.com/photo-1551731409-43eb3e517a1a?auto=format&fit=crop&w=900&q=80,Education Support,EDUCATION,"Learning support, mentoring and school-readiness programs for children from underserved communities.",https://images.unsplash.com/photo-1594608661623-aa0bd3a69799?auto=format&fit=crop&w=900&q=80,Health & Wellness Camps,HEALTHCARE,"Preventive health camps, awareness sessions and referral support for vulnerable families.",https://images.unsplash.com/photo-1631815588090-d4bfec5b1ccb?auto=format&fit=crop&w=900&q=80,Livelihood & Skills,EMPOWERMENT,"Skill-building, self-reliance and livelihood support designed to help communities move forward.",https://images.unsplash.com/photo-1611702700098-dec597b27d9d?auto=format&fit=crop&w=900&q=80,"10,000+",Lives Reached,Across South Delhi communities,75+,Community Drives,Community-led programs,12+,Years of Impact,Experience-led impact,₹1Cr+,Value Mobilised,For social programs,"The work represented by Chakra Dialogues Foundation shows how focused community action can create trust, dignity and practical support for families.",Community Member,South Delhi,Head-Communications and Outreach,"Shalini Khanna is associated with Chakra Dialogues Foundation as Head-Communications and Outreach, helping strengthen partnerships, visibility and communi...",Program Coordinator,Community Programs,"Coordinates local outreach, volunteer support and program delivery for communities connected with Chakra Dialogues Foundation.",Impact Lead,Partnerships & Reporting,"Supports donor communication, impact storytelling and transparent reporting for social programs.",hello@chakra-dialogues-foundation.org,,"South Delhi, Delhi, India",https://www.linkedin.com/in/ACwAAA9ip3EBbugLoBANT3PWFWsvH0pjD4BCqPw,client-batch-1,ready,Shalini Khanna,https://www.linkedin.com/in/ACwAAA9ip3EBbugLoBANT3PWFWsvH0pjD4BCqPw,https://media.licdn.com/dms/image/v2/D5603AQGX-ePvjo__Jw/profile-displayphoto-shrink_800_800/profile-displayphoto-shrink_800_800/0/1724317576738?e=1780531200&v=beta&t=qu47JiKPWtjNaWbCnMJyiRbFg7vU5Ih5Pr3Y_A06TUQ,https://media.licdn.com/dms/image/v2/D5616AQHV1RGwTshUHg/profile-displaybackgroundimage-shrink_200_800/profile-displaybackgroundimage-shrink_200_800/0/1724318839048?e=1780531200&v=beta&t=1NN0CKNrJRZTl9f1WA1M9fPiNmzVHDxRgjgaNPNnwPY
anantasa-foundation,AnantAsa Foundation,"Community-led impact, dignity and development for underserved families.","South Delhi, Delhi, India",2025,"Building Community Impact,",One Life at a Time.,"AnantAsa Foundation is presented as a premium NGO website concept focused on community development, dignity and grassroots change for communities in South Delhi.","AnantAsa Foundation focuses on community development, dignity and grassroots change through community-led programs, partnerships and on-ground outreach in South Delhi. This website concept presents the mission, impact, team and donation journey in a premium digital format.",Support This Cause ₹,#001b13,#0b2d22,#d7b84f,https://images.unsplash.com/photo-1524492412937-b28074a5d7da?auto=format&fit=crop&w=1920&q=80,,Community Outreach,FIELD PROGRAMS,"Grassroots outreach, awareness drives and local partnerships that connect families with practical support.",https://images.unsplash.com/photo-1551731409-43eb3e517a1a?auto=format&fit=crop&w=900&q=80,Education Support,EDUCATION,"Learning support, mentoring and school-readiness programs for children from underserved communities.",https://images.unsplash.com/photo-1594608661623-aa0bd3a69799?auto=format&fit=crop&w=900&q=80,Health & Wellness Camps,HEALTHCARE,"Preventive health camps, awareness sessions and referral support for vulnerable families.",https://images.unsplash.com/photo-1631815588090-d4bfec5b1ccb?auto=format&fit=crop&w=900&q=80,Livelihood & Skills,EMPOWERMENT,"Skill-building, self-reliance and livelihood support designed to help communities move forward.",https://images.unsplash.com/photo-1611702700098-dec597b27d9d?auto=format&fit=crop&w=900&q=80,"10,000+",Lives Reached,Across South Delhi communities,75+,Community Drives,Community-led programs,12+,Years of Impact,Experience-led impact,₹1Cr+,Value Mobilised,For social programs,"The work represented by AnantAsa Foundation shows how focused community action can create trust, dignity and practical support for families.",Community Member,South Delhi,Director,"Saksham Singh Chauhan is associated with AnantAsa Foundation as Director, helping strengthen partnerships, visibility and community impact across South De...",Program Coordinator,Community Programs,"Coordinates local outreach, volunteer support and program delivery for communities connected with AnantAsa Foundation.",Impact Lead,Partnerships & Reporting,"Supports donor communication, impact storytelling and transparent reporting for social programs.",hello@anantasa-foundation.org,,"South Delhi, Delhi, India",https://www.linkedin.com/in/ACwAABWTb_cBZOEM5q3Ia60L-GNW9V14IxGPxes,client-batch-1,ready,Saksham Singh Chauhan,https://www.linkedin.com/in/ACwAABWTb_cBZOEM5q3Ia60L-GNW9V14IxGPxes,https://media.licdn.com/dms/image/v2/D5603AQHeVLfxlg27YA/profile-displayphoto-crop_800_800/B56ZyS.3zGGoAI-/0/1771992485526?e=1780531200&v=beta&t=7oRr-WlibTFlHPTYFnM92CH92ZaWFYPv9fSX5dwkONQ,https://media.licdn.com/dms/image/v2/D5616AQGBZgM2cgWS-w/profile-displaybackgroundimage-shrink_200_800/B56Zoxd5ZBJwAg-/0/1761766515618?e=1780531200&v=beta&t=d6X5dJxUgCJv9cI8U4hI3dGcLdcYTeQSC9RoaKUxASw
uttejana-foundation,UTTEJANA FOUNDATION,"Community-led impact, dignity and development for underserved families.","New Delhi, Delhi, India",2017,"Building Community Impact,",One Life at a Time.,"UTTEJANA FOUNDATION is presented as a premium NGO website concept focused on community development, dignity and grassroots change for communities in New Delhi.","UTTEJANA FOUNDATION focuses on community development, dignity and grassroots change through community-led programs, partnerships and on-ground outreach in New Delhi. This website concept presents the mission, impact, team and donation journey in a premium digital format.",Support This Cause ₹,#051f1a,#14352c,#e0bd55,https://images.unsplash.com/photo-1524492412937-b28074a5d7da?auto=format&fit=crop&w=1920&q=80,,Community Outreach,FIELD PROGRAMS,"Grassroots outreach, awareness drives and local partnerships that connect families with practical support.",https://images.unsplash.com/photo-1551731409-43eb3e517a1a?auto=format&fit=crop&w=900&q=80,Education Support,EDUCATION,"Learning support, mentoring and school-readiness programs for children from underserved communities.",https://images.unsplash.com/photo-1594608661623-aa0bd3a69799?auto=format&fit=crop&w=900&q=80,Health & Wellness Camps,HEALTHCARE,"Preventive health camps, awareness sessions and referral support for vulnerable families.",https://images.unsplash.com/photo-1631815588090-d4bfec5b1ccb?auto=format&fit=crop&w=900&q=80,Livelihood & Skills,EMPOWERMENT,"Skill-building, self-reliance and livelihood support designed to help communities move forward.",https://images.unsplash.com/photo-1611702700098-dec597b27d9d?auto=format&fit=crop&w=900&q=80,"10,000+",Lives Reached,Across New Delhi communities,75+,Community Drives,Community-led programs,12+,Years of Impact,Experience-led impact,₹1Cr+,Value Mobilised,For social programs,"The work represented by UTTEJANA FOUNDATION shows how focused community action can create trust, dignity and practical support for families.",Community Member,New Delhi,Head of Operations,"Abhishek Shukla is associated with UTTEJANA FOUNDATION as Head of Operations, helping strengthen partnerships, visibility and community impact across New...",Program Coordinator,Community Programs,"Coordinates local outreach, volunteer support and program delivery for communities connected with UTTEJANA FOUNDATION.",Impact Lead,Partnerships & Reporting,"Supports donor communication, impact storytelling and transparent reporting for social programs.",hello@uttejana-foundation.org,,"New Delhi, Delhi, India",https://www.linkedin.com/in/ACwAADEOZAsBtA0R6X3p6OKYx7RuwYOl2UL7USA,client-batch-1,ready,Abhishek Shukla,https://www.linkedin.com/in/ACwAADEOZAsBtA0R6X3p6OKYx7RuwYOl2UL7USA,https://media.licdn.com/dms/image/v2/D5603AQE3g-u84mWIeQ/profile-displayphoto-scale_200_200/B56ZmPMF76I4AY-/0/1759043944496?e=1780531200&v=beta&t=YtsDH3-3wl2Rexs5Q60d5sA4Efr9UB3XTgob7i7ZzU0,https://media.licdn.com/dms/image/v2/D5616AQEXddh6YIhCug/profile-displaybackgroundimage-shrink_200_800/B56ZybAc9fIIAU-/0/1772127114896?e=1780531200&v=beta&t=DFZf3dmyW6xxQe8npNe2EiPZ0K6mCBVFtqe1fn_vv4I
new-delhi-children-s-hospital-research-centre-non-profit,New Delhi Children's Hospital & Research Centre (Non-Profit),Making healthcare awareness and support more accessible to communities.,"South Delhi, Delhi, India",2016,"Bringing Care Closer,",Healing Communities.,"New Delhi Children's Hospital & Research Centre (Non-Profit) is presented as a premium NGO website concept focused on healthcare access, awareness and wellness support for communities in So...","New Delhi Children's Hospital & Research Centre (Non-Profit) focuses on healthcare access, awareness and wellness support through community-led programs, partnerships and on-ground outreach in South Delhi. This website concept presents the mission, impact, team and donation journey in a premium digital format.",Support This Cause ₹,#071b14,#1c3a2f,#c7a646,https://images.unsplash.com/photo-1584515933487-779824d29309?auto=format&fit=crop&w=1920&q=80,,Mobile Health Camps,HEALTHCARE,"Community health camps, screenings and basic medical access for families who need timely care.",https://images.unsplash.com/photo-1576091160550-2173dba999ef?auto=format&fit=crop&w=900&q=80,Patient Awareness,AWARENESS,Practical awareness programs that help people identify risks early and seek the right support.,https://images.unsplash.com/photo-1550831107-1553da8c8464?auto=format&fit=crop&w=900&q=80,Care Navigation,SUPPORT,"Guidance, referrals and follow-up support that make the healthcare journey easier for communities.",https://images.unsplash.com/photo-1559757148-5c350d0d3c56?auto=format&fit=crop&w=900&q=80,Community Wellness,WELLNESS,"Preventive care, nutrition awareness and wellness sessions delivered with local participation.",https://images.unsplash.com/photo-1587854692152-cbe660dbde88?auto=format&fit=crop&w=900&q=80,"8,500+",People Supported,Across South Delhi communities,120+,Health Camps,Community-led programs,30+,Care Partners,Local support network,18+,Districts Reached,Purpose-led progress,"The work represented by New Delhi Children's Hospital & Research Centre (Non-Profit) shows how focused community action can create trust, dignity and practical support for families.",Community Member,South Delhi,Founder & Chief Executive Officer,"Pratyush Kumar is associated with New Delhi Children's Hospital & Research Centre (Non-Profit) as Founder & Chief Executive Officer, helping strengthen pa...",Program Coordinator,Community Programs,"Coordinates local outreach, volunteer support and program delivery for communities connected with New Delhi Children's Hospital & Research Centre (Non-Profit).",Impact Lead,Partnerships & Reporting,"Supports donor communication, impact storytelling and transparent reporting for social programs.",hello@new-delhi-children-s-hospital-research-centre-non-profit.org,,"South Delhi, Delhi, India",https://www.linkedin.com/in/ACwAAB3L2cEBeMplMI-Xr2nkr_WSdmKaQt7aUk8,client-batch-1,ready,Pratyush Kumar,https://www.linkedin.com/in/ACwAAB3L2cEBeMplMI-Xr2nkr_WSdmKaQt7aUk8,https://media.licdn.com/dms/image/v2/C4E03AQFAG7FHs140Cw/profile-displayphoto-shrink_200_200/profile-displayphoto-shrink_200_200/0/1562089863777?e=1780531200&v=beta&t=HC58EFrCvtvSI9-WBKEZ-x_jib23Nz-Pr_r0IWDp8ow,https://media.licdn.com/dms/image/v2/C4E16AQHWLYIT5teSBQ/profile-displaybackgroundimage-shrink_200_800/profile-displaybackgroundimage-shrink_200_800/0/1559040309083?e=1780531200&v=beta&t=UPoMP39m845Ep3euONWczmHOq926zxI82wH-cVD5NrY
aan-charitable-trust,Aan Charitable Trust,"Community-led impact, dignity and development for underserved families.","Gurugram, Haryana, India",2017,"Building Community Impact,",One Life at a Time.,"Aan Charitable Trust is presented as a premium NGO website concept focused on community development, dignity and grassroots change for communities in Gurugram.","Aan Charitable Trust focuses on community development, dignity and grassroots change through community-led programs, partnerships and on-ground outreach in Gurugram. This website concept presents the mission, impact, team and donation journey in a premium digital format.",Support This Cause ₹,#071b14,#1c3a2f,#c7a646,https://images.unsplash.com/photo-1524492412937-b28074a5d7da?auto=format&fit=crop&w=1920&q=80,,Community Outreach,FIELD PROGRAMS,"Grassroots outreach, awareness drives and local partnerships that connect families with practical support.",https://images.unsplash.com/photo-1551731409-43eb3e517a1a?auto=format&fit=crop&w=900&q=80,Education Support,EDUCATION,"Learning support, mentoring and school-readiness programs for children from underserved communities.",https://images.unsplash.com/photo-1594608661623-aa0bd3a69799?auto=format&fit=crop&w=900&q=80,Health & Wellness Camps,HEALTHCARE,"Preventive health camps, awareness sessions and referral support for vulnerable families.",https://images.unsplash.com/photo-1631815588090-d4bfec5b1ccb?auto=format&fit=crop&w=900&q=80,Livelihood & Skills,EMPOWERMENT,"Skill-building, self-reliance and livelihood support designed to help communities move forward.",https://images.unsplash.com/photo-1611702700098-dec597b27d9d?auto=format&fit=crop&w=900&q=80,"10,000+",Lives Reached,Across Gurugram communities,75+,Community Drives,Community-led programs,12+,Years of Impact,Experience-led impact,₹1Cr+,Value Mobilised,For social programs,"The work represented by Aan Charitable Trust shows how focused community action can create trust, dignity and practical support for families.",Community Member,Gurugram,Founder Aan Charitable Trust,"Namita Dublish is associated with Aan Charitable Trust as Founder Aan Charitable Trust, helping strengthen partnerships, visibility and community impact a...",Program Coordinator,Community Programs,"Coordinates local outreach, volunteer support and program delivery for communities connected with Aan Charitable Trust.",Impact Lead,Partnerships & Reporting,"Supports donor communication, impact storytelling and transparent reporting for social programs.",hello@aan-charitable-trust.org,,"Gurugram, Haryana, India",https://www.linkedin.com/in/ACwAADDd8ToBI2RSyb6QydVa-ng32G8LrCtE8to,client-batch-1,ready,Namita Dublish,https://www.linkedin.com/in/ACwAADDd8ToBI2RSyb6QydVa-ng32G8LrCtE8to,https://media.licdn.com/dms/image/v2/C4E03AQGyvIBcnoGdCA/profile-displayphoto-shrink_200_200/profile-displayphoto-shrink_200_200/0/1628220613158?e=1780531200&v=beta&t=484_1nNdIXMDVLH2vGMDAj0NwE_XF9m0GgKTqPdl_Do,https://media.licdn.com/dms/image/v2/C4E16AQELh28HHoEyIA/profile-displaybackgroundimage-shrink_200_800/profile-displaybackgroundimage-shrink_200_800/0/1628221221746?e=1780531200&v=beta&t=QiGr_lEJu57V-fah81JW-cmjcJPIxazeKhnj7YR1EM4
hridayamrit-foundation,Hridayamrit Foundation,"Community-led impact, dignity and development for underserved families.","New Delhi, Delhi, India",2025,"Building Community Impact,",One Life at a Time.,"Hridayamrit Foundation is presented as a premium NGO website concept focused on community development, dignity and grassroots change for communities in New Delhi.","Hridayamrit Foundation focuses on community development, dignity and grassroots change through community-led programs, partnerships and on-ground outreach in New Delhi. This website concept presents the mission, impact, team and donation journey in a premium digital format.",Support This Cause ₹,#071b14,#1c3a2f,#c7a646,https://images.unsplash.com/photo-1524492412937-b28074a5d7da?auto=format&fit=crop&w=1920&q=80,,Community Outreach,FIELD PROGRAMS,"Grassroots outreach, awareness drives and local partnerships that connect families with practical support.",https://images.unsplash.com/photo-1551731409-43eb3e517a1a?auto=format&fit=crop&w=900&q=80,Education Support,EDUCATION,"Learning support, mentoring and school-readiness programs for children from underserved communities.",https://images.unsplash.com/photo-1594608661623-aa0bd3a69799?auto=format&fit=crop&w=900&q=80,Health & Wellness Camps,HEALTHCARE,"Preventive health camps, awareness sessions and referral support for vulnerable families.",https://images.unsplash.com/photo-1631815588090-d4bfec5b1ccb?auto=format&fit=crop&w=900&q=80,Livelihood & Skills,EMPOWERMENT,"Skill-building, self-reliance and livelihood support designed to help communities move forward.",https://images.unsplash.com/photo-1611702700098-dec597b27d9d?auto=format&fit=crop&w=900&q=80,"10,000+",Lives Reached,Across New Delhi communities,75+,Community Drives,Community-led programs,12+,Years of Impact,Experience-led impact,₹1Cr+,Value Mobilised,For social programs,"The work represented by Hridayamrit Foundation shows how focused community action can create trust, dignity and practical support for families.",Community Member,New Delhi,Founder & Managing Director,"Amanpreet Singh Wasir is associated with Hridayamrit Foundation as Founder & Managing Director, helping strengthen partnerships, visibility and community...",Program Coordinator,Community Programs,"Coordinates local outreach, volunteer support and program delivery for communities connected with Hridayamrit Foundation.",Impact Lead,Partnerships & Reporting,"Supports donor communication, impact storytelling and transparent reporting for social programs.",hello@hridayamrit-foundation.org,,"New Delhi, Delhi, India",https://www.linkedin.com/in/ACwAADHavLYBxqRMQ8dclHZxbDCzjLTIqXyD0vk,client-batch-1,ready,Amanpreet Singh Wasir,https://www.linkedin.com/in/ACwAADHavLYBxqRMQ8dclHZxbDCzjLTIqXyD0vk,https://media.licdn.com/dms/image/v2/D5603AQERSQU5NGlP-g/profile-displayphoto-scale_200_200/B56Z37xpMVJ0Ac-/0/1778045589141?e=1780531200&v=beta&t=PsB2oH5KUbZlGtjaRdmT8Z-1GFFIBh1dR97uUCi2GUg,https://media.licdn.com/dms/image/v2/D4D16AQExp9xo85-lHg/profile-displaybackgroundimage-shrink_200_800/profile-displaybackgroundimage-shrink_200_800/0/1738125116101?e=1780531200&v=beta&t=3AucuyNn1oKnVyQsF5gMfe0ovf32I6y04niDZuteQUQ
elixir-foundation,Elixir Foundation,"Community-led impact, dignity and development for underserved families.","North Delhi, Delhi, India",2021,"Building Community Impact,",One Life at a Time.,"Elixir Foundation is presented as a premium NGO website concept focused on community development, dignity and grassroots change for communities in North Delhi.","Elixir Foundation focuses on community development, dignity and grassroots change through community-led programs, partnerships and on-ground outreach in North Delhi. This website concept presents the mission, impact, team and donation journey in a premium digital format.",Support This Cause ₹,#051f1a,#14352c,#e0bd55,https://images.unsplash.com/photo-1524492412937-b28074a5d7da?auto=format&fit=crop&w=1920&q=80,,Community Outreach,FIELD PROGRAMS,"Grassroots outreach, awareness drives and local partnerships that connect families with practical support.",https://images.unsplash.com/photo-1551731409-43eb3e517a1a?auto=format&fit=crop&w=900&q=80,Education Support,EDUCATION,"Learning support, mentoring and school-readiness programs for children from underserved communities.",https://images.unsplash.com/photo-1594608661623-aa0bd3a69799?auto=format&fit=crop&w=900&q=80,Health & Wellness Camps,HEALTHCARE,"Preventive health camps, awareness sessions and referral support for vulnerable families.",https://images.unsplash.com/photo-1631815588090-d4bfec5b1ccb?auto=format&fit=crop&w=900&q=80,Livelihood & Skills,EMPOWERMENT,"Skill-building, self-reliance and livelihood support designed to help communities move forward.",https://images.unsplash.com/photo-1611702700098-dec597b27d9d?auto=format&fit=crop&w=900&q=80,"10,000+",Lives Reached,Across North Delhi communities,75+,Community Drives,Community-led programs,12+,Years of Impact,Experience-led impact,₹1Cr+,Value Mobilised,For social programs,"The work represented by Elixir Foundation shows how focused community action can create trust, dignity and practical support for families.",Community Member,North Delhi,State President,"Ayush Thakur is associated with Elixir Foundation as State President, helping strengthen partnerships, visibility and community impact across North Delhi.",Program Coordinator,Community Programs,"Coordinates local outreach, volunteer support and program delivery for communities connected with Elixir Foundation.",Impact Lead,Partnerships & Reporting,"Supports donor communication, impact storytelling and transparent reporting for social programs.",hello@elixir-foundation.org,,"North Delhi, Delhi, India",https://www.linkedin.com/in/ACwAACqZXx8BmayRLJlOq1I1WBMIHX-odh2K92I,client-batch-1,ready,Ayush Thakur,https://www.linkedin.com/in/ACwAACqZXx8BmayRLJlOq1I1WBMIHX-odh2K92I,https://media.licdn.com/dms/image/v2/D5603AQE97H8-d2szIQ/profile-displayphoto-scale_200_200/B56ZoLtpCnJ8AY-/0/1761133106717?e=1780531200&v=beta&t=rRDnLDhYPZCVRxrrVhoIq1YEF1gNDdGqSwMalsn0zVU,https://media.licdn.com/dms/image/v2/D5616AQE0tBHaUjgWHQ/profile-displaybackgroundimage-shrink_200_800/profile-displaybackgroundimage-shrink_200_800/0/1732983418369?e=1780531200&v=beta&t=Z7oF1Cav-stGsbadvfdwvbxUm03bIR8Kr1vSZwsCU10
pehchaan-the-street-school-trust,Pehchaan The Street School (Trust),Helping children and young learners access brighter educational opportunities.,"Mumbai, Maharashtra, India",2017,"Opening Classrooms,",Unlocking Futures.,"Pehchaan The Street School (Trust) is presented as a premium NGO website concept focused on education access, mentoring and learning support for communities in Mumbai.","Pehchaan The Street School (Trust) focuses on education access, mentoring and learning support through community-led programs, partnerships and on-ground outreach in Mumbai. This website concept presents the mission, impact, team and donation journey in a premium digital format.",Support This Cause ₹,#071b14,#1c3a2f,#c7a646,https://images.unsplash.com/photo-1497633762265-9d179a990aa6?auto=format&fit=crop&w=1920&q=80,,Learning Centers,EDUCATION,"Community learning spaces that help children build confidence, reading skills and school continuity.",https://images.unsplash.com/photo-1503676260728-1c00da094a0b?auto=format&fit=crop&w=900&q=80,Scholarship Support,STUDENT CARE,"Support for students who need guidance, supplies and encouragement to continue their education.",https://images.unsplash.com/photo-1596495578065-6e0763fa1178?auto=format&fit=crop&w=900&q=80,Digital Learning,SKILLS,Digital literacy and practical learning exposure for young learners and first-generation students.,https://images.unsplash.com/photo-1516627145497-ae6968895b74?auto=format&fit=crop&w=900&q=80,Mentor Network,GUIDANCE,Volunteer mentoring and local role models who help students plan stronger futures.,https://images.unsplash.com/photo-1521587760476-6c12a4b040da?auto=format&fit=crop&w=900&q=80,"6,000+",Learners Supported,Across Mumbai communities,80+,Learning Sessions,Community-led programs,25+,Volunteer Mentors,Local support network,92%,Retention Focus,Purpose-led progress,"The work represented by Pehchaan The Street School (Trust) shows how focused community action can create trust, dignity and practical support for families.",Community Member,Mumbai,Content writer,"Simran Mohanty is associated with Pehchaan The Street School (Trust) as Content writer, helping strengthen partnerships, visibility and community impact a...",Program Coordinator,Community Programs,"Coordinates local outreach, volunteer support and program delivery for communities connected with Pehchaan The Street School (Trust).",Impact Lead,Partnerships & Reporting,"Supports donor communication, impact storytelling and transparent reporting for social programs.",hello@pehchaan-the-street-school-trust.org,,"Mumbai, Maharashtra, India",https://www.linkedin.com/in/ACwAAFyM8BABfNj7OE_JiF_hs89jjXnqvGTvbCI,client-batch-1,ready,Simran Mohanty,https://www.linkedin.com/in/ACwAAFyM8BABfNj7OE_JiF_hs89jjXnqvGTvbCI,https://media.licdn.com/dms/image/v2/D4D03AQE__GzZz4FV1g/profile-displayphoto-crop_800_800/B4DZ0qCmfmKAAI-/0/1774526821219?e=1780531200&v=beta&t=MWfqnQCFWmsDHyZvV0tkm-MGLNS98pXwzxGVIJqVUXA,https://media.licdn.com/dms/image/v2/D4D16AQGalRFN4bM_zw/profile-displaybackgroundimage-shrink_200_800/B4DZ0qEl1yGgAg-/0/1774527341784?e=1780531200&v=beta&t=-FANg-xd3P0HYg4PjQtGXorVHS0NS-wqB7NiynuLc-w
udhmodya-foundation,UDHMODYA FOUNDATION,"Community-led impact, dignity and development for underserved families.","New Delhi, Delhi, India",2023,"Building Community Impact,",One Life at a Time.,"UDHMODYA FOUNDATION is presented as a premium NGO website concept focused on community development, dignity and grassroots change for communities in New Delhi.","UDHMODYA FOUNDATION focuses on community development, dignity and grassroots change through community-led programs, partnerships and on-ground outreach in New Delhi. This website concept presents the mission, impact, team and donation journey in a premium digital format.",Support This Cause ₹,#001b13,#0b2d22,#d7b84f,https://images.unsplash.com/photo-1524492412937-b28074a5d7da?auto=format&fit=crop&w=1920&q=80,,Community Outreach,FIELD PROGRAMS,"Grassroots outreach, awareness drives and local partnerships that connect families with practical support.",https://images.unsplash.com/photo-1551731409-43eb3e517a1a?auto=format&fit=crop&w=900&q=80,Education Support,EDUCATION,"Learning support, mentoring and school-readiness programs for children from underserved communities.",https://images.unsplash.com/photo-1594608661623-aa0bd3a69799?auto=format&fit=crop&w=900&q=80,Health & Wellness Camps,HEALTHCARE,"Preventive health camps, awareness sessions and referral support for vulnerable families.",https://images.unsplash.com/photo-1631815588090-d4bfec5b1ccb?auto=format&fit=crop&w=900&q=80,Livelihood & Skills,EMPOWERMENT,"Skill-building, self-reliance and livelihood support designed to help communities move forward.",https://images.unsplash.com/photo-1611702700098-dec597b27d9d?auto=format&fit=crop&w=900&q=80,"10,000+",Lives Reached,Across New Delhi communities,75+,Community Drives,Community-led programs,12+,Years of Impact,Experience-led impact,₹1Cr+,Value Mobilised,For social programs,"The work represented by UDHMODYA FOUNDATION shows how focused community action can create trust, dignity and practical support for families.",Community Member,New Delhi,Joint Chief Executive Officer,"Abhishek Tandon is associated with UDHMODYA FOUNDATION as Joint Chief Executive Officer, helping strengthen partnerships, visibility and community impact...",Program Coordinator,Community Programs,"Coordinates local outreach, volunteer support and program delivery for communities connected with UDHMODYA FOUNDATION.",Impact Lead,Partnerships & Reporting,"Supports donor communication, impact storytelling and transparent reporting for social programs.",hello@udhmodya-foundation.org,,"New Delhi, Delhi, India",https://www.linkedin.com/in/ACwAAEGQr-cBcjBfAxDj-T_n8u1KHTBZL8MsuIk,client-batch-1,ready,Abhishek Tandon,https://www.linkedin.com/in/ACwAAEGQr-cBcjBfAxDj-T_n8u1KHTBZL8MsuIk,https://media.licdn.com/dms/image/v2/D5603AQH9CphDK8RT1w/profile-displayphoto-crop_800_800/B56ZtCZfqBHgAI-/0/1766345539418?e=1780531200&v=beta&t=MOhHiw15nTryOE-wmIwEvFDjipS2pmCPW_nllqhc9jc,https://media.licdn.com/dms/image/v2/D5616AQE6ROsYp0xP7Q/profile-displaybackgroundimage-shrink_200_800/profile-displaybackgroundimage-shrink_200_800/0/1711703123084?e=1780531200&v=beta&t=av8vth7zynUqDGXy0rlooNiQwT9cqchTXsdSYoYU8uk
clubfoot-india,Clubfoot India,Making healthcare awareness and support more accessible to communities.,"South Delhi, Delhi, India",2008,"Bringing Care Closer,",Healing Communities.,"Clubfoot India is presented as a premium NGO website concept focused on healthcare access, awareness and wellness support for communities in South Delhi.","Clubfoot India focuses on healthcare access, awareness and wellness support through community-led programs, partnerships and on-ground outreach in South Delhi. This website concept presents the mission, impact, team and donation journey in a premium digital format.",Support This Cause ₹,#001b13,#0b2d22,#d7b84f,https://images.unsplash.com/photo-1584515933487-779824d29309?auto=format&fit=crop&w=1920&q=80,,Mobile Health Camps,HEALTHCARE,"Community health camps, screenings and basic medical access for families who need timely care.",https://images.unsplash.com/photo-1576091160550-2173dba999ef?auto=format&fit=crop&w=900&q=80,Patient Awareness,AWARENESS,Practical awareness programs that help people identify risks early and seek the right support.,https://images.unsplash.com/photo-1550831107-1553da8c8464?auto=format&fit=crop&w=900&q=80,Care Navigation,SUPPORT,"Guidance, referrals and follow-up support that make the healthcare journey easier for communities.",https://images.unsplash.com/photo-1559757148-5c350d0d3c56?auto=format&fit=crop&w=900&q=80,Community Wellness,WELLNESS,"Preventive care, nutrition awareness and wellness sessions delivered with local participation.",https://images.unsplash.com/photo-1587854692152-cbe660dbde88?auto=format&fit=crop&w=900&q=80,"8,500+",People Supported,Across South Delhi communities,120+,Health Camps,Community-led programs,30+,Care Partners,Local support network,18+,Districts Reached,Purpose-led progress,"The work represented by Clubfoot India shows how focused community action can create trust, dignity and practical support for families.",Community Member,South Delhi,"Director, CURE Int. India","Santhosh George is associated with Clubfoot India as Director, CURE Int. India, helping strengthen partnerships, visibility and community impact across So...",Program Coordinator,Community Programs,"Coordinates local outreach, volunteer support and program delivery for communities connected with Clubfoot India.",Impact Lead,Partnerships & Reporting,"Supports donor communication, impact storytelling and transparent reporting for social programs.",hello@clubfoot-india.org,,"South Delhi, Delhi, India",https://www.linkedin.com/in/ACwAAAPT0HEBkOmKyK9FC86b0qVJ5Yey4t6-es4,client-batch-1,ready,Santhosh George,https://www.linkedin.com/in/ACwAAAPT0HEBkOmKyK9FC86b0qVJ5Yey4t6-es4,https://media.licdn.com/dms/image/v2/D5603AQF3E5EgHumpWw/profile-displayphoto-crop_800_800/B56ZgXVuWzG0AQ-/0/1752738229000?e=1780531200&v=beta&t=1mXUBQ-TYltg0fJVgi0qJ4fLtCAN9tDjUBnj8YT1FHI,https://media.licdn.com/dms/image/v2/D5616AQFIKKyyVvL9_A/profile-displaybackgroundimage-shrink_200_800/B56ZgXgBRpHQAU-/0/1752740932314?e=1780531200&v=beta&t=f2-WHyegyNHNS6w6t2qBH8fo8RamjIjOHNXhEtookOY
promising-indians,Promising Indians,"Community-led impact, dignity and development for underserved families.","Delhi, India",2017,"Building Community Impact,",One Life at a Time.,"Promising Indians is presented as a premium NGO website concept focused on community development, dignity and grassroots change for communities in Delhi.","Promising Indians focuses on community development, dignity and grassroots change through community-led programs, partnerships and on-ground outreach in Delhi. This website concept presents the mission, impact, team and donation journey in a premium digital format.",Support This Cause ₹,#051f1a,#14352c,#e0bd55,https://images.unsplash.com/photo-1524492412937-b28074a5d7da?auto=format&fit=crop&w=1920&q=80,,Community Outreach,FIELD PROGRAMS,"Grassroots outreach, awareness drives and local partnerships that connect families with practical support.",https://images.unsplash.com/photo-1551731409-43eb3e517a1a?auto=format&fit=crop&w=900&q=80,Education Support,EDUCATION,"Learning support, mentoring and school-readiness programs for children from underserved communities.",https://images.unsplash.com/photo-1594608661623-aa0bd3a69799?auto=format&fit=crop&w=900&q=80,Health & Wellness Camps,HEALTHCARE,"Preventive health camps, awareness sessions and referral support for vulnerable families.",https://images.unsplash.com/photo-1631815588090-d4bfec5b1ccb?auto=format&fit=crop&w=900&q=80,Livelihood & Skills,EMPOWERMENT,"Skill-building, self-reliance and livelihood support designed to help communities move forward.",https://images.unsplash.com/photo-1611702700098-dec597b27d9d?auto=format&fit=crop&w=900&q=80,"10,000+",Lives Reached,Across Delhi communities,75+,Community Drives,Community-led programs,12+,Years of Impact,Experience-led impact,₹1Cr+,Value Mobilised,For social programs,"The work represented by Promising Indians shows how focused community action can create trust, dignity and practical support for families.",Community Member,Delhi,Founder President,"Prerna Singh is associated with Promising Indians as Founder President, helping strengthen partnerships, visibility and community impact across Delhi.",Program Coordinator,Community Programs,"Coordinates local outreach, volunteer support and program delivery for communities connected with Promising Indians.",Impact Lead,Partnerships & Reporting,"Supports donor communication, impact storytelling and transparent reporting for social programs.",hello@promising-indians.org,,"Delhi, India",https://www.linkedin.com/in/ACwAAAQ87UEBN27iqA5XecDa2mmotKhiN2yzca4,client-batch-1,ready,Prerna Singh,https://www.linkedin.com/in/ACwAAAQ87UEBN27iqA5XecDa2mmotKhiN2yzca4,https://media.licdn.com/dms/image/v2/D5603AQHVa6cF284EAw/profile-displayphoto-shrink_200_200/B56ZReyKjCHwAg-/0/1736756996979?e=1780531200&v=beta&t=7Q3kMwJKVn0M-yvOvB2yKU6753GkkL9pPac3YZPOd0s,https://media.licdn.com/dms/image/v2/D5616AQGLeOGqs-DUHQ/profile-displaybackgroundimage-shrink_350_1400/B56ZvqtaOMIUAc-/0/1769169333747?e=1780531200&v=beta&t=AwHzxyE7XtHGDi8TH4iU-HbQPhVnlFeQ6hz454fFQGg
parwarish-cares-foundation-2,Parwarish Cares Foundation,"Community-led impact, dignity and development for underserved families.","Delhi, India",2021,"Building Community Impact,",One Life at a Time.,"Parwarish Cares Foundation is presented as a premium NGO website concept focused on community development, dignity and grassroots change for communities in Delhi.","Parwarish Cares Foundation focuses on community development, dignity and grassroots change through community-led programs, partnerships and on-ground outreach in Delhi. This website concept presents the mission, impact, team and donation journey in a premium digital format.",Support This Cause ₹,#051f1a,#14352c,#e0bd55,https://images.unsplash.com/photo-1524492412937-b28074a5d7da?auto=format&fit=crop&w=1920&q=80,,Community Outreach,FIELD PROGRAMS,"Grassroots outreach, awareness drives and local partnerships that connect families with practical support.",https://images.unsplash.com/photo-1551731409-43eb3e517a1a?auto=format&fit=crop&w=900&q=80,Education Support,EDUCATION,"Learning support, mentoring and school-readiness programs for children from underserved communities.",https://images.unsplash.com/photo-1594608661623-aa0bd3a69799?auto=format&fit=crop&w=900&q=80,Health & Wellness Camps,HEALTHCARE,"Preventive health camps, awareness sessions and referral support for vulnerable families.",https://images.unsplash.com/photo-1631815588090-d4bfec5b1ccb?auto=format&fit=crop&w=900&q=80,Livelihood & Skills,EMPOWERMENT,"Skill-building, self-reliance and livelihood support designed to help communities move forward.",https://images.unsplash.com/photo-1611702700098-dec597b27d9d?auto=format&fit=crop&w=900&q=80,"10,000+",Lives Reached,Across Delhi communities,75+,Community Drives,Community-led programs,12+,Years of Impact,Experience-led impact,₹1Cr+,Value Mobilised,For social programs,"The work represented by Parwarish Cares Foundation shows how focused community action can create trust, dignity and practical support for families.",Community Member,Delhi,Chief Operating Officer,"Rina Sharma is associated with Parwarish Cares Foundation as Chief Operating Officer, helping strengthen partnerships, visibility and community impact acr...",Program Coordinator,Community Programs,"Coordinates local outreach, volunteer support and program delivery for communities connected with Parwarish Cares Foundation.",Impact Lead,Partnerships & Reporting,"Supports donor communication, impact storytelling and transparent reporting for social programs.",hello@parwarish-cares-foundation-2.org,,"Delhi, India",https://www.linkedin.com/in/ACwAAADKXv8BL0FXwgxmoXzmCbdYl_rvQjgyEo0,client-batch-1,ready,Rina Sharma,https://www.linkedin.com/in/ACwAAADKXv8BL0FXwgxmoXzmCbdYl_rvQjgyEo0,https://media.licdn.com/dms/image/v2/D4D03AQHOnQ7IGFEdHA/profile-displayphoto-crop_800_800/B4DZll9k_PGgAI-/0/1758352266571?e=1780531200&v=beta&t=j4VAsfpl6POWcwo8fT0Xpg0rUmrbnI2UFfNNAOKgSpg,https://media.licdn.com/dms/image/v2/D4D16AQF_ZXT4VveAWA/profile-displaybackgroundimage-shrink_200_800/profile-displaybackgroundimage-shrink_200_800/0/1727089125091?e=1780531200&v=beta&t=A4LJTIZ0--AMHw5XrXPoKzR_5VNSdHVVtPeHfg-pATM
magic-creations,Magic Creations,"Community-led impact, dignity and development for underserved families.","Gurgaon, Haryana, India",2010,"Building Community Impact,",One Life at a Time.,"Magic Creations is presented as a premium NGO website concept focused on community development, dignity and grassroots change for communities in Gurgaon.","Magic Creations focuses on community development, dignity and grassroots change through community-led programs, partnerships and on-ground outreach in Gurgaon. This website concept presents the mission, impact, team and donation journey in a premium digital format.",Support This Cause ₹,#001b13,#0b2d22,#d7b84f,https://images.unsplash.com/photo-1524492412937-b28074a5d7da?auto=format&fit=crop&w=1920&q=80,,Community Outreach,FIELD PROGRAMS,"Grassroots outreach, awareness drives and local partnerships that connect families with practical support.",https://images.unsplash.com/photo-1551731409-43eb3e517a1a?auto=format&fit=crop&w=900&q=80,Education Support,EDUCATION,"Learning support, mentoring and school-readiness programs for children from underserved communities.",https://images.unsplash.com/photo-1594608661623-aa0bd3a69799?auto=format&fit=crop&w=900&q=80,Health & Wellness Camps,HEALTHCARE,"Preventive health camps, awareness sessions and referral support for vulnerable families.",https://images.unsplash.com/photo-1631815588090-d4bfec5b1ccb?auto=format&fit=crop&w=900&q=80,Livelihood & Skills,EMPOWERMENT,"Skill-building, self-reliance and livelihood support designed to help communities move forward.",https://images.unsplash.com/photo-1611702700098-dec597b27d9d?auto=format&fit=crop&w=900&q=80,"10,000+",Lives Reached,Across Gurgaon communities,75+,Community Drives,Community-led programs,12+,Years of Impact,Experience-led impact,₹1Cr+,Value Mobilised,For social programs,"The work represented by Magic Creations shows how focused community action can create trust, dignity and practical support for families.",Community Member,Gurgaon,Founder Director,"Geetika Goyal is associated with Magic Creations as Founder Director, helping strengthen partnerships, visibility and community impact across Gurgaon.",Program Coordinator,Community Programs,"Coordinates local outreach, volunteer support and program delivery for communities connected with Magic Creations.",Impact Lead,Partnerships & Reporting,"Supports donor communication, impact storytelling and transparent reporting for social programs.",hello@magic-creations.org,,"Gurgaon, Haryana, India",https://www.linkedin.com/in/ACwAAAIRCakBy4GDhnukRvjwmmkXQvqyNvudZwk,client-batch-1,ready,Geetika Goyal,https://www.linkedin.com/in/ACwAAAIRCakBy4GDhnukRvjwmmkXQvqyNvudZwk,https://media.licdn.com/dms/image/v2/D5603AQGGi8dC2LTmZw/profile-displayphoto-crop_800_800/B56ZshjDWTG8AI-/0/1765794437566?e=1780531200&v=beta&t=DRvOOPwBmbPIvXKS0pwnz1O6jJ6F1BfxfaP07HswonM,https://media.licdn.com/dms/image/v2/D5616AQFPMYIqMAyiHw/profile-displaybackgroundimage-shrink_200_800/B56ZtRMBgzG4AY-/0/1766593665598?e=1780531200&v=beta&t=QjAxHn7OV_MRJxKoeETU1Cua_p6iPJ547t-9z7chsz4
seva-foundation,Seva Foundation,"Community-led impact, dignity and development for underserved families.","Delhi, India",2023,"Building Community Impact,",One Life at a Time.,"Seva Foundation is presented as a premium NGO website concept focused on community development, dignity and grassroots change for communities in Delhi.","Seva Foundation focuses on community development, dignity and grassroots change through community-led programs, partnerships and on-ground outreach in Delhi. This website concept presents the mission, impact, team and donation journey in a premium digital format.",Support This Cause ₹,#051f1a,#14352c,#e0bd55,https://images.unsplash.com/photo-1524492412937-b28074a5d7da?auto=format&fit=crop&w=1920&q=80,,Community Outreach,FIELD PROGRAMS,"Grassroots outreach, awareness drives and local partnerships that connect families with practical support.",https://images.unsplash.com/photo-1551731409-43eb3e517a1a?auto=format&fit=crop&w=900&q=80,Education Support,EDUCATION,"Learning support, mentoring and school-readiness programs for children from underserved communities.",https://images.unsplash.com/photo-1594608661623-aa0bd3a69799?auto=format&fit=crop&w=900&q=80,Health & Wellness Camps,HEALTHCARE,"Preventive health camps, awareness sessions and referral support for vulnerable families.",https://images.unsplash.com/photo-1631815588090-d4bfec5b1ccb?auto=format&fit=crop&w=900&q=80,Livelihood & Skills,EMPOWERMENT,"Skill-building, self-reliance and livelihood support designed to help communities move forward.",https://images.unsplash.com/photo-1611702700098-dec597b27d9d?auto=format&fit=crop&w=900&q=80,"10,000+",Lives Reached,Across Delhi communities,75+,Community Drives,Community-led programs,12+,Years of Impact,Experience-led impact,₹1Cr+,Value Mobilised,For social programs,"The work represented by Seva Foundation shows how focused community action can create trust, dignity and practical support for families.",Community Member,Delhi,Asia Regional Director,"Kuldeep Singh is associated with Seva Foundation as Asia Regional Director, helping strengthen partnerships, visibility and community impact across Delhi.",Program Coordinator,Community Programs,"Coordinates local outreach, volunteer support and program delivery for communities connected with Seva Foundation.",Impact Lead,Partnerships & Reporting,"Supports donor communication, impact storytelling and transparent reporting for social programs.",hello@seva-foundation.org,,"Delhi, India",https://www.linkedin.com/in/ACwAAAItc7sBviSCAmlZlGyn6-3S00LX3K8ZrFU,client-batch-1,ready,Kuldeep Singh,https://www.linkedin.com/in/ACwAAAItc7sBviSCAmlZlGyn6-3S00LX3K8ZrFU,https://media.licdn.com/dms/image/v2/D5603AQHMdOnKZyjf5g/profile-displayphoto-shrink_800_800/profile-displayphoto-shrink_800_800/0/1725279673610?e=1780531200&v=beta&t=ZMMPTbVc-_pEU7tNeNmERWG8cpSmkCPTrHvPvFz7Q8E,
iyrc-ngo,IYRC NGO,"Community-led impact, dignity and development for underserved families.","Delhi, India",2025,"Building Community Impact,",One Life at a Time.,"IYRC NGO is presented as a premium NGO website concept focused on community development, dignity and grassroots change for communities in Delhi.","IYRC NGO focuses on community development, dignity and grassroots change through community-led programs, partnerships and on-ground outreach in Delhi. This website concept presents the mission, impact, team and donation journey in a premium digital format.",Support This Cause ₹,#071b14,#1c3a2f,#c7a646,https://images.unsplash.com/photo-1524492412937-b28074a5d7da?auto=format&fit=crop&w=1920&q=80,,Community Outreach,FIELD PROGRAMS,"Grassroots outreach, awareness drives and local partnerships that connect families with practical support.",https://images.unsplash.com/photo-1551731409-43eb3e517a1a?auto=format&fit=crop&w=900&q=80,Education Support,EDUCATION,"Learning support, mentoring and school-readiness programs for children from underserved communities.",https://images.unsplash.com/photo-1594608661623-aa0bd3a69799?auto=format&fit=crop&w=900&q=80,Health & Wellness Camps,HEALTHCARE,"Preventive health camps, awareness sessions and referral support for vulnerable families.",https://images.unsplash.com/photo-1631815588090-d4bfec5b1ccb?auto=format&fit=crop&w=900&q=80,Livelihood & Skills,EMPOWERMENT,"Skill-building, self-reliance and livelihood support designed to help communities move forward.",https://images.unsplash.com/photo-1611702700098-dec597b27d9d?auto=format&fit=crop&w=900&q=80,"10,000+",Lives Reached,Across Delhi communities,75+,Community Drives,Community-led programs,12+,Years of Impact,Experience-led impact,₹1Cr+,Value Mobilised,For social programs,"The work represented by IYRC NGO shows how focused community action can create trust, dignity and practical support for families.",Community Member,Delhi,Executive Director,"Swati Tiwari is associated with IYRC NGO as Executive Director, helping strengthen partnerships, visibility and community impact across Delhi.",Program Coordinator,Community Programs,"Coordinates local outreach, volunteer support and program delivery for communities connected with IYRC NGO.",Impact Lead,Partnerships & Reporting,"Supports donor communication, impact storytelling and transparent reporting for social programs.",hello@iyrc-ngo.org,,"Delhi, India",https://www.linkedin.com/in/ACwAADUi_4cB9rI_6DregNwuXNID5vYmF907h3g,client-batch-1,ready,Swati Tiwari,https://www.linkedin.com/in/ACwAADUi_4cB9rI_6DregNwuXNID5vYmF907h3g,https://media.licdn.com/dms/image/v2/D4E03AQHN06WhuZr6VA/profile-displayphoto-scale_200_200/B4EZpXXhAWJ0Ac-/0/1762402376675?e=1780531200&v=beta&t=FVP66Z5i2QEPxsGSNtaDYHOxlzk661bgbO4C76xkI4s,https://media.licdn.com/dms/image/v2/D5616AQEjAro10_EFmA/profile-displaybackgroundimage-shrink_200_800/profile-displaybackgroundimage-shrink_200_800/0/1733980429287?e=1780531200&v=beta&t=UWl2ocw2U_Dhou2j3pBSOax31QpXgAFemjPKq0OFSXk
pratyarth,Pratyarth,"Community-led impact, dignity and development for underserved families.",Greater Delhi Area,2021,"Building Community Impact,",One Life at a Time.,"Pratyarth is presented as a premium NGO website concept focused on community development, dignity and grassroots change for communities in Delhi.","Pratyarth focuses on community development, dignity and grassroots change through community-led programs, partnerships and on-ground outreach in Delhi. This website concept presents the mission, impact, team and donation journey in a premium digital format.",Support This Cause ₹,#001b13,#0b2d22,#d7b84f,https://images.unsplash.com/photo-1524492412937-b28074a5d7da?auto=format&fit=crop&w=1920&q=80,,Community Outreach,FIELD PROGRAMS,"Grassroots outreach, awareness drives and local partnerships that connect families with practical support.",https://images.unsplash.com/photo-1551731409-43eb3e517a1a?auto=format&fit=crop&w=900&q=80,Education Support,EDUCATION,"Learning support, mentoring and school-readiness programs for children from underserved communities.",https://images.unsplash.com/photo-1594608661623-aa0bd3a69799?auto=format&fit=crop&w=900&q=80,Health & Wellness Camps,HEALTHCARE,"Preventive health camps, awareness sessions and referral support for vulnerable families.",https://images.unsplash.com/photo-1631815588090-d4bfec5b1ccb?auto=format&fit=crop&w=900&q=80,Livelihood & Skills,EMPOWERMENT,"Skill-building, self-reliance and livelihood support designed to help communities move forward.",https://images.unsplash.com/photo-1611702700098-dec597b27d9d?auto=format&fit=crop&w=900&q=80,"10,000+",Lives Reached,Across Delhi communities,75+,Community Drives,Community-led programs,12+,Years of Impact,Experience-led impact,₹1Cr+,Value Mobilised,For social programs,"The work represented by Pratyarth shows how focused community action can create trust, dignity and practical support for families.",Community Member,Delhi,Director,"Dr. Pratima Jaiswal is associated with Pratyarth as Director, helping strengthen partnerships, visibility and community impact across Delhi.",Program Coordinator,Community Programs,"Coordinates local outreach, volunteer support and program delivery for communities connected with Pratyarth.",Impact Lead,Partnerships & Reporting,"Supports donor communication, impact storytelling and transparent reporting for social programs.",hello@pratyarth.org,,Greater Delhi Area,https://www.linkedin.com/in/ACwAADQ-v0YBxECkz2zFQcDHxxswTCF39dg4fmc,client-batch-1,ready,Dr. Pratima Jaiswal,https://www.linkedin.com/in/ACwAADQ-v0YBxECkz2zFQcDHxxswTCF39dg4fmc,https://media.licdn.com/dms/image/v2/D5603AQFZf566BlpPcQ/profile-displayphoto-shrink_800_800/B56ZWBXVYvHsAg-/0/1741632133181?e=1780531200&v=beta&t=KeGS-qwVJX2y9NCZThh1R730FL7XZgTr_we7tRKVsVU,https://media.licdn.com/dms/image/v2/D5616AQGmceLCCO--aA/profile-displaybackgroundimage-shrink_200_800/B56ZjWVSQ0G4AU-/0/1755942567332?e=1780531200&v=beta&t=A7y6c-9HkqQ3qaul7hpe16lsGkqUINRgbHzhN7c_c2w
karyashala-foundation,Karyashala Foundation,"Community-led impact, dignity and development for underserved families.","Gurgaon, Haryana, India",2020,"Building Community Impact,",One Life at a Time.,"Karyashala Foundation is presented as a premium NGO website concept focused on community development, dignity and grassroots change for communities in Gurgaon.","Karyashala Foundation focuses on community development, dignity and grassroots change through community-led programs, partnerships and on-ground outreach in Gurgaon. This website concept presents the mission, impact, team and donation journey in a premium digital format.",Support This Cause ₹,#001b13,#0b2d22,#d7b84f,https://images.unsplash.com/photo-1524492412937-b28074a5d7da?auto=format&fit=crop&w=1920&q=80,,Community Outreach,FIELD PROGRAMS,"Grassroots outreach, awareness drives and local partnerships that connect families with practical support.",https://images.unsplash.com/photo-1551731409-43eb3e517a1a?auto=format&fit=crop&w=900&q=80,Education Support,EDUCATION,"Learning support, mentoring and school-readiness programs for children from underserved communities.",https://images.unsplash.com/photo-1594608661623-aa0bd3a69799?auto=format&fit=crop&w=900&q=80,Health & Wellness Camps,HEALTHCARE,"Preventive health camps, awareness sessions and referral support for vulnerable families.",https://images.unsplash.com/photo-1631815588090-d4bfec5b1ccb?auto=format&fit=crop&w=900&q=80,Livelihood & Skills,EMPOWERMENT,"Skill-building, self-reliance and livelihood support designed to help communities move forward.",https://images.unsplash.com/photo-1611702700098-dec597b27d9d?auto=format&fit=crop&w=900&q=80,"10,000+",Lives Reached,Across Gurgaon communities,75+,Community Drives,Community-led programs,12+,Years of Impact,Experience-led impact,₹1Cr+,Value Mobilised,For social programs,"The work represented by Karyashala Foundation shows how focused community action can create trust, dignity and practical support for families.",Community Member,Gurgaon,Founder & Director,"Swati Jain is associated with Karyashala Foundation as Founder & Director, helping strengthen partnerships, visibility and community impact across Gurgaon.",Program Coordinator,Community Programs,"Coordinates local outreach, volunteer support and program delivery for communities connected with Karyashala Foundation.",Impact Lead,Partnerships & Reporting,"Supports donor communication, impact storytelling and transparent reporting for social programs.",hello@karyashala-foundation.org,,"Gurgaon, Haryana, India",https://www.linkedin.com/in/ACwAACfiXwQBHOP7EC-_zarGyah59q26raI6AzY,client-batch-1,ready,Swati Jain,https://www.linkedin.com/in/ACwAACfiXwQBHOP7EC-_zarGyah59q26raI6AzY,https://media.licdn.com/dms/image/v2/D5603AQE3cKeZTLcmQw/profile-displayphoto-shrink_200_200/profile-displayphoto-shrink_200_200/0/1727844331083?e=1780531200&v=beta&t=2_49e4tNZx4_efDB3_xiaDqlAuyTkoZPSLuw0p_-zUA,https://media.licdn.com/dms/image/v2/D5616AQHwvJpUr-p-qA/profile-displaybackgroundimage-shrink_200_800/B56Z2j8UtEIQAY-/0/1776571994097?e=1780531200&v=beta&t=1t7PSMhTTBo5F_zM5ep9sSv8sDi7n8yM8pu5fuljBtA
sunaayy-foundation,Sunaayy Foundation,"Community-led impact, dignity and development for underserved families.","New Delhi, Delhi, India",2009,"Building Community Impact,",One Life at a Time.,"Sunaayy Foundation is presented as a premium NGO website concept focused on community development, dignity and grassroots change for communities in New Delhi.","Sunaayy Foundation focuses on community development, dignity and grassroots change through community-led programs, partnerships and on-ground outreach in New Delhi. This website concept presents the mission, impact, team and donation journey in a premium digital format.",Support This Cause ₹,#071b14,#1c3a2f,#c7a646,https://images.unsplash.com/photo-1524492412937-b28074a5d7da?auto=format&fit=crop&w=1920&q=80,,Community Outreach,FIELD PROGRAMS,"Grassroots outreach, awareness drives and local partnerships that connect families with practical support.",https://images.unsplash.com/photo-1551731409-43eb3e517a1a?auto=format&fit=crop&w=900&q=80,Education Support,EDUCATION,"Learning support, mentoring and school-readiness programs for children from underserved communities.",https://images.unsplash.com/photo-1594608661623-aa0bd3a69799?auto=format&fit=crop&w=900&q=80,Health & Wellness Camps,HEALTHCARE,"Preventive health camps, awareness sessions and referral support for vulnerable families.",https://images.unsplash.com/photo-1631815588090-d4bfec5b1ccb?auto=format&fit=crop&w=900&q=80,Livelihood & Skills,EMPOWERMENT,"Skill-building, self-reliance and livelihood support designed to help communities move forward.",https://images.unsplash.com/photo-1611702700098-dec597b27d9d?auto=format&fit=crop&w=900&q=80,"10,000+",Lives Reached,Across New Delhi communities,75+,Community Drives,Community-led programs,12+,Years of Impact,Experience-led impact,₹1Cr+,Value Mobilised,For social programs,"The work represented by Sunaayy Foundation shows how focused community action can create trust, dignity and practical support for families.",Community Member,New Delhi,Founder Director,"Richa Prasant is associated with Sunaayy Foundation as Founder Director, helping strengthen partnerships, visibility and community impact across New Delhi.",Program Coordinator,Community Programs,"Coordinates local outreach, volunteer support and program delivery for communities connected with Sunaayy Foundation.",Impact Lead,Partnerships & Reporting,"Supports donor communication, impact storytelling and transparent reporting for social programs.",hello@sunaayy-foundation.org,,"New Delhi, Delhi, India",https://www.linkedin.com/in/ACwAACFVujQBTU4c9N8e6ixJNP2hSMrz3OJzkdA,client-batch-1,ready,Richa Prasant,https://www.linkedin.com/in/ACwAACFVujQBTU4c9N8e6ixJNP2hSMrz3OJzkdA,https://media.licdn.com/dms/image/v2/D4D03AQHD8OBIZ6C6YA/profile-displayphoto-shrink_800_800/profile-displayphoto-shrink_800_800/0/1725258088400?e=1780531200&v=beta&t=G7C-euvr9MIGdiJlugd38wQiT5CZzg-jPZMcpEDDsJ8,https://media.licdn.com/dms/image/v2/D4D16AQF_IbHWURzcqw/profile-displaybackgroundimage-shrink_200_800/profile-displaybackgroundimage-shrink_200_800/0/1725258164224?e=1780531200&v=beta&t=o7mTIx6Bc0Kv3vW_VZsRVJhst_VTtP3c4eHoLxk69-c
karma-foundation,KARMA Foundation,"Community-led impact, dignity and development for underserved families.","Delhi, India",2021,"Building Community Impact,",One Life at a Time.,"KARMA Foundation is presented as a premium NGO website concept focused on community development, dignity and grassroots change for communities in Delhi.","KARMA Foundation focuses on community development, dignity and grassroots change through community-led programs, partnerships and on-ground outreach in Delhi. This website concept presents the mission, impact, team and donation journey in a premium digital format.",Support This Cause ₹,#001b13,#0b2d22,#d7b84f,https://images.unsplash.com/photo-1524492412937-b28074a5d7da?auto=format&fit=crop&w=1920&q=80,,Community Outreach,FIELD PROGRAMS,"Grassroots outreach, awareness drives and local partnerships that connect families with practical support.",https://images.unsplash.com/photo-1551731409-43eb3e517a1a?auto=format&fit=crop&w=900&q=80,Education Support,EDUCATION,"Learning support, mentoring and school-readiness programs for children from underserved communities.",https://images.unsplash.com/photo-1594608661623-aa0bd3a69799?auto=format&fit=crop&w=900&q=80,Health & Wellness Camps,HEALTHCARE,"Preventive health camps, awareness sessions and referral support for vulnerable families.",https://images.unsplash.com/photo-1631815588090-d4bfec5b1ccb?auto=format&fit=crop&w=900&q=80,Livelihood & Skills,EMPOWERMENT,"Skill-building, self-reliance and livelihood support designed to help communities move forward.",https://images.unsplash.com/photo-1611702700098-dec597b27d9d?auto=format&fit=crop&w=900&q=80,"10,000+",Lives Reached,Across Delhi communities,75+,Community Drives,Community-led programs,12+,Years of Impact,Experience-led impact,₹1Cr+,Value Mobilised,For social programs,"The work represented by KARMA Foundation shows how focused community action can create trust, dignity and practical support for families.",Community Member,Delhi,Founder,"Dhwani Jain is associated with KARMA Foundation as Founder, helping strengthen partnerships, visibility and community impact across Delhi.",Program Coordinator,Community Programs,"Coordinates local outreach, volunteer support and program delivery for communities connected with KARMA Foundation.",Impact Lead,Partnerships & Reporting,"Supports donor communication, impact storytelling and transparent reporting for social programs.",hello@karma-foundation.org,,"Delhi, India",https://www.linkedin.com/in/ACwAABLust0By5ptA6dxzjFPj24t3u1beuVXD4k,client-batch-1,ready,Dhwani Jain,https://www.linkedin.com/in/ACwAABLust0By5ptA6dxzjFPj24t3u1beuVXD4k,https://media.licdn.com/dms/image/v2/C5603AQET3pM6QYUnvg/profile-displayphoto-shrink_800_800/profile-displayphoto-shrink_800_800/0/1519390030954?e=1780531200&v=beta&t=AiE5C4d0N_E9am9hG4U005IUMs8jg7CtSuTiczU8iso,https://media.licdn.com/dms/image/v2/C4E16AQGDJzGtQUlshQ/profile-displaybackgroundimage-shrink_200_800/profile-displaybackgroundimage-shrink_200_800/0/1601836478466?e=1780531200&v=beta&t=4KqFsMpaOZ4xH-auA68WoGcSjm3u1KdIh0lkxQkLArM
viksit-bharat-foundation-org,Viksit Bharat Foundation Org,"Community-led impact, dignity and development for underserved families.","Gurugram, Haryana, India",2020,"Building Community Impact,",One Life at a Time.,"Viksit Bharat Foundation Org is presented as a premium NGO website concept focused on community development, dignity and grassroots change for communities in Gurugram.","Viksit Bharat Foundation Org focuses on community development, dignity and grassroots change through community-led programs, partnerships and on-ground outreach in Gurugram. This website concept presents the mission, impact, team and donation journey in a premium digital format.",Support This Cause ₹,#001b13,#0b2d22,#d7b84f,https://images.unsplash.com/photo-1524492412937-b28074a5d7da?auto=format&fit=crop&w=1920&q=80,,Community Outreach,FIELD PROGRAMS,"Grassroots outreach, awareness drives and local partnerships that connect families with practical support.",https://images.unsplash.com/photo-1551731409-43eb3e517a1a?auto=format&fit=crop&w=900&q=80,Education Support,EDUCATION,"Learning support, mentoring and school-readiness programs for children from underserved communities.",https://images.unsplash.com/photo-1594608661623-aa0bd3a69799?auto=format&fit=crop&w=900&q=80,Health & Wellness Camps,HEALTHCARE,"Preventive health camps, awareness sessions and referral support for vulnerable families.",https://images.unsplash.com/photo-1631815588090-d4bfec5b1ccb?auto=format&fit=crop&w=900&q=80,Livelihood & Skills,EMPOWERMENT,"Skill-building, self-reliance and livelihood support designed to help communities move forward.",https://images.unsplash.com/photo-1611702700098-dec597b27d9d?auto=format&fit=crop&w=900&q=80,"10,000+",Lives Reached,Across Gurugram communities,75+,Community Drives,Community-led programs,12+,Years of Impact,Experience-led impact,₹1Cr+,Value Mobilised,For social programs,"The work represented by Viksit Bharat Foundation Org shows how focused community action can create trust, dignity and practical support for families.",Community Member,Gurugram,Chief Executive Officer,"Nillotpal D is associated with Viksit Bharat Foundation Org as Chief Executive Officer, helping strengthen partnerships, visibility and community impact a...",Program Coordinator,Community Programs,"Coordinates local outreach, volunteer support and program delivery for communities connected with Viksit Bharat Foundation Org.",Impact Lead,Partnerships & Reporting,"Supports donor communication, impact storytelling and transparent reporting for social programs.",hello@viksit-bharat-foundation-org.org,,"Gurugram, Haryana, India",https://www.linkedin.com/in/ACwAAA2UDWkBJ41DgRCXzNI8-cItOL9IRdq8k1w,client-batch-1,ready,Nillotpal D,https://www.linkedin.com/in/ACwAAA2UDWkBJ41DgRCXzNI8-cItOL9IRdq8k1w,https://media.licdn.com/dms/image/v2/C5603AQHdEarmk2Y-BA/profile-displayphoto-shrink_800_800/profile-displayphoto-shrink_800_800/0/1517569911058?e=1780531200&v=beta&t=GEIR6PXpPD3nkR4N1oF7btgeH-uK_ILTMqxqk2yW9Ms,https://media.licdn.com/dms/image/v2/D5616AQFMo6yV4O3kWA/profile-displaybackgroundimage-shrink_200_800/profile-displaybackgroundimage-shrink_200_800/0/1689088607554?e=1780531200&v=beta&t=O7LGCOP_Ig1h6LBYJbRGt6TCEjDmBVFMZIBX7gp1KAs
sir-h-n-reliance-foundation-hospital-research-centre,Sir H.N. Reliance Foundation Hospital & Research Centre,Making healthcare awareness and support more accessible to communities.,"Mumbai, Maharashtra, India",2021,"Bringing Care Closer,",Healing Communities.,"Sir H.N. Reliance Foundation Hospital & Research Centre is presented as a premium NGO website concept focused on healthcare access, awareness and wellness support for communities in Mumbai.","Sir H.N. Reliance Foundation Hospital & Research Centre focuses on healthcare access, awareness and wellness support through community-led programs, partnerships and on-ground outreach in Mumbai. This website concept presents the mission, impact, team and donation journey in a premium digital format.",Support This Cause ₹,#071b14,#1c3a2f,#c7a646,https://images.unsplash.com/photo-1584515933487-779824d29309?auto=format&fit=crop&w=1920&q=80,,Mobile Health Camps,HEALTHCARE,"Community health camps, screenings and basic medical access for families who need timely care.",https://images.unsplash.com/photo-1576091160550-2173dba999ef?auto=format&fit=crop&w=900&q=80,Patient Awareness,AWARENESS,Practical awareness programs that help people identify risks early and seek the right support.,https://images.unsplash.com/photo-1550831107-1553da8c8464?auto=format&fit=crop&w=900&q=80,Care Navigation,SUPPORT,"Guidance, referrals and follow-up support that make the healthcare journey easier for communities.",https://images.unsplash.com/photo-1559757148-5c350d0d3c56?auto=format&fit=crop&w=900&q=80,Community Wellness,WELLNESS,"Preventive care, nutrition awareness and wellness sessions delivered with local participation.",https://images.unsplash.com/photo-1587854692152-cbe660dbde88?auto=format&fit=crop&w=900&q=80,"8,500+",People Supported,Across Mumbai communities,120+,Health Camps,Community-led programs,30+,Care Partners,Local support network,18+,Districts Reached,Purpose-led progress,"The work represented by Sir H.N. Reliance Foundation Hospital & Research Centre shows how focused community action can create trust, dignity and practical support for families.",Community Member,Mumbai,Consultant Medical & Precision Oncologist,"Dr. Rajas Patel is associated with Sir H.N. Reliance Foundation Hospital & Research Centre as Consultant Medical & Precision Oncologist, helping strengthe...",Program Coordinator,Community Programs,"Coordinates local outreach, volunteer support and program delivery for communities connected with Sir H.N. Reliance Foundation Hospital & Research Centre.",Impact Lead,Partnerships & Reporting,"Supports donor communication, impact storytelling and transparent reporting for social programs.",hello@sir-h-n-reliance-foundation-hospital-research-centre.org,,"Mumbai, Maharashtra, India",https://www.linkedin.com/in/ACwAABx8f-kBdZngcV7gvd5BJn2dFyv91TMP3UE,client-batch-1,ready,Dr. Rajas Patel,https://www.linkedin.com/in/ACwAABx8f-kBdZngcV7gvd5BJn2dFyv91TMP3UE,https://media.licdn.com/dms/image/v2/D5603AQFUtpBS1MsaiA/profile-displayphoto-crop_800_800/B56ZsqcMx5G8AI-/0/1765943595646?e=1780531200&v=beta&t=-_5Rui56Jz9v42-odUeOGOE853KN4sOwNHyr1O4_0bc,
british-asian-trust,British Asian Trust,"Community-led impact, dignity and development for underserved families.","Delhi, India",2024,"Building Community Impact,",One Life at a Time.,"British Asian Trust is presented as a premium NGO website concept focused on community development, dignity and grassroots change for communities in Delhi.","British Asian Trust focuses on community development, dignity and grassroots change through community-led programs, partnerships and on-ground outreach in Delhi. This website concept presents the mission, impact, team and donation journey in a premium digital format.",Support This Cause ₹,#001b13,#0b2d22,#d7b84f,https://images.unsplash.com/photo-1524492412937-b28074a5d7da?auto=format&fit=crop&w=1920&q=80,,Community Outreach,FIELD PROGRAMS,"Grassroots outreach, awareness drives and local partnerships that connect families with practical support.",https://images.unsplash.com/photo-1551731409-43eb3e517a1a?auto=format&fit=crop&w=900&q=80,Education Support,EDUCATION,"Learning support, mentoring and school-readiness programs for children from underserved communities.",https://images.unsplash.com/photo-1594608661623-aa0bd3a69799?auto=format&fit=crop&w=900&q=80,Health & Wellness Camps,HEALTHCARE,"Preventive health camps, awareness sessions and referral support for vulnerable families.",https://images.unsplash.com/photo-1631815588090-d4bfec5b1ccb?auto=format&fit=crop&w=900&q=80,Livelihood & Skills,EMPOWERMENT,"Skill-building, self-reliance and livelihood support designed to help communities move forward.",https://images.unsplash.com/photo-1611702700098-dec597b27d9d?auto=format&fit=crop&w=900&q=80,"10,000+",Lives Reached,Across Delhi communities,75+,Community Drives,Community-led programs,12+,Years of Impact,Experience-led impact,₹1Cr+,Value Mobilised,For social programs,"The work represented by British Asian Trust shows how focused community action can create trust, dignity and practical support for families.",Community Member,Delhi,Head of Development,"Yasmin Riaz is associated with British Asian Trust as Head of Development, helping strengthen partnerships, visibility and community impact across Delhi.",Program Coordinator,Community Programs,"Coordinates local outreach, volunteer support and program delivery for communities connected with British Asian Trust.",Impact Lead,Partnerships & Reporting,"Supports donor communication, impact storytelling and transparent reporting for social programs.",hello@british-asian-trust.org,,"Delhi, India",https://www.linkedin.com/in/ACwAAACjR1sBMwOym0c3fOk0qr8hdtgnmrlPQMk,client-batch-1,ready,Yasmin Riaz,https://www.linkedin.com/in/ACwAAACjR1sBMwOym0c3fOk0qr8hdtgnmrlPQMk,https://media.licdn.com/dms/image/v2/D5603AQFhinc5fryUjA/profile-displayphoto-shrink_800_800/B56ZYjBjWyHEAc-/0/1744344334565?e=1780531200&v=beta&t=nnzTAGE3UVCqPzuwPNuCmKmuKR2jS6dvRoblDXBnhKg,
ladli-foundation-trust,Ladli Foundation Trust,"Supporting women with skills, confidence and stronger livelihood pathways.","New Delhi, Delhi, India",2018,"Empowering Women,",Strengthening Families.,"Ladli Foundation Trust is presented as a premium NGO website concept focused on women empowerment, skills and livelihood support for communities in New Delhi.","Ladli Foundation Trust focuses on women empowerment, skills and livelihood support through community-led programs, partnerships and on-ground outreach in New Delhi. This website concept presents the mission, impact, team and donation journey in a premium digital format.",Support This Cause ₹,#001b13,#0b2d22,#d7b84f,https://images.unsplash.com/photo-1611702700098-dec597b27d9d?auto=format&fit=crop&w=1920&q=80,,Women Skill Circles,EMPOWERMENT,"Skill-building groups that support confidence, income opportunities and self-reliance for women.",https://images.unsplash.com/photo-1551731409-43eb3e517a1a?auto=format&fit=crop&w=900&q=80,Entrepreneurship Support,LIVELIHOOD,"Micro-enterprise guidance, financial awareness and market-readiness support for women-led initiatives.",https://images.unsplash.com/photo-1594608661623-aa0bd3a69799?auto=format&fit=crop&w=900&q=80,Health & Safety Sessions,CARE,"Community sessions focused on health awareness, dignity, safety and access to support systems.",https://images.unsplash.com/photo-1611702700098-dec597b27d9d?auto=format&fit=crop&w=900&q=80,Leadership Groups,LEADERSHIP,Local women leaders and peer networks that create confidence and collective progress.,https://images.unsplash.com/photo-1516627145497-ae6968895b74?auto=format&fit=crop&w=900&q=80,"4,200+",Women Reached,Across New Delhi communities,60+,Skill Circles,Purpose-led progress,35+,Local Mentors,Local support network,300+,Micro Goals,For social programs,"The work represented by Ladli Foundation Trust shows how focused community action can create trust, dignity and practical support for families.",Community Member,New Delhi,Director - Head of Business Development,"Shahnawaz Shahid is associated with Ladli Foundation Trust as Director - Head of Business Development, helping strengthen partnerships, visibility and com...",Program Coordinator,Community Programs,"Coordinates local outreach, volunteer support and program delivery for communities connected with Ladli Foundation Trust.",Impact Lead,Partnerships & Reporting,"Supports donor communication, impact storytelling and transparent reporting for social programs.",hello@ladli-foundation-trust.org,,"New Delhi, Delhi, India",https://www.linkedin.com/in/ACwAACBF3OkBYDob3I0A8ZbhnDVcwE_-KldhBsM,client-batch-1,ready,Shahnawaz Shahid,https://www.linkedin.com/in/ACwAACBF3OkBYDob3I0A8ZbhnDVcwE_-KldhBsM,https://media.licdn.com/dms/image/v2/C4E03AQEiC8Dps9XATA/profile-displayphoto-shrink_800_800/profile-displayphoto-shrink_800_800/0/1605366508613?e=1780531200&v=beta&t=CvB1sjCO79ItJljihHcbyJQnKvC5sOaJXicDnTm64ng,
ladakh-football-association,Ladakh Football Association,"Community-led impact, dignity and development for underserved families.","Ghaziabad, Uttar Pradesh, India",2020,"Building Community Impact,",One Life at a Time.,"Ladakh Football Association is presented as a premium NGO website concept focused on community development, dignity and grassroots change for communities in Ghaziabad.","Ladakh Football Association focuses on community development, dignity and grassroots change through community-led programs, partnerships and on-ground outreach in Ghaziabad. This website concept presents the mission, impact, team and donation journey in a premium digital format.",Support This Cause ₹,#001b13,#0b2d22,#d7b84f,https://images.unsplash.com/photo-1524492412937-b28074a5d7da?auto=format&fit=crop&w=1920&q=80,,Community Outreach,FIELD PROGRAMS,"Grassroots outreach, awareness drives and local partnerships that connect families with practical support.",https://images.unsplash.com/photo-1551731409-43eb3e517a1a?auto=format&fit=crop&w=900&q=80,Education Support,EDUCATION,"Learning support, mentoring and school-readiness programs for children from underserved communities.",https://images.unsplash.com/photo-1594608661623-aa0bd3a69799?auto=format&fit=crop&w=900&q=80,Health & Wellness Camps,HEALTHCARE,"Preventive health camps, awareness sessions and referral support for vulnerable families.",https://images.unsplash.com/photo-1631815588090-d4bfec5b1ccb?auto=format&fit=crop&w=900&q=80,Livelihood & Skills,EMPOWERMENT,"Skill-building, self-reliance and livelihood support designed to help communities move forward.",https://images.unsplash.com/photo-1611702700098-dec597b27d9d?auto=format&fit=crop&w=900&q=80,"10,000+",Lives Reached,Across Ghaziabad communities,75+,Community Drives,Community-led programs,12+,Years of Impact,Experience-led impact,₹1Cr+,Value Mobilised,For social programs,"The work represented by Ladakh Football Association shows how focused community action can create trust, dignity and practical support for families.",Community Member,Ghaziabad,Head of Strategy and Football Development,"Dr. Kanishka Pandey is associated with Ladakh Football Association as Head of Strategy and Football Development, helping strengthen partnerships, visibili...",Program Coordinator,Community Programs,"Coordinates local outreach, volunteer support and program delivery for communities connected with Ladakh Football Association.",Impact Lead,Partnerships & Reporting,"Supports donor communication, impact storytelling and transparent reporting for social programs.",hello@ladakh-football-association.org,,"Ghaziabad, Uttar Pradesh, India",https://www.linkedin.com/in/ACwAAD8OWnMBVxXer5PhE7HbCh5SoPXs59sf1Uc,client-batch-1,ready,Dr. Kanishka Pandey,https://www.linkedin.com/in/ACwAAD8OWnMBVxXer5PhE7HbCh5SoPXs59sf1Uc,https://media.licdn.com/dms/image/v2/D4D03AQECKH02GIwwFw/profile-displayphoto-shrink_200_200/profile-displayphoto-shrink_200_200/0/1682927537034?e=1780531200&v=beta&t=soq8-tD-2_ZDo9SaenHW9Hd3bts_wDe8YVkoPl9DRls,https://media.licdn.com/dms/image/v2/D5616AQHbcEj0Q1AACg/profile-displaybackgroundimage-shrink_200_800/profile-displaybackgroundimage-shrink_200_800/0/1708624401365?e=1780531200&v=beta&t=bFg90n20ezbknjmX-jjlZkfDgMFV6c7fN2Kw8nEQLT4
renukiran-welfare-foundation,RenuKiran Welfare Foundation,"Community-led impact, dignity and development for underserved families.","New Delhi, Delhi, India",2019,"Building Community Impact,",One Life at a Time.,"RenuKiran Welfare Foundation is presented as a premium NGO website concept focused on community development, dignity and grassroots change for communities in New Delhi.","RenuKiran Welfare Foundation focuses on community development, dignity and grassroots change through community-led programs, partnerships and on-ground outreach in New Delhi. This website concept presents the mission, impact, team and donation journey in a premium digital format.",Support This Cause ₹,#071b14,#1c3a2f,#c7a646,https://images.unsplash.com/photo-1524492412937-b28074a5d7da?auto=format&fit=crop&w=1920&q=80,,Community Outreach,FIELD PROGRAMS,"Grassroots outreach, awareness drives and local partnerships that connect families with practical support.",https://images.unsplash.com/photo-1551731409-43eb3e517a1a?auto=format&fit=crop&w=900&q=80,Education Support,EDUCATION,"Learning support, mentoring and school-readiness programs for children from underserved communities.",https://images.unsplash.com/photo-1594608661623-aa0bd3a69799?auto=format&fit=crop&w=900&q=80,Health & Wellness Camps,HEALTHCARE,"Preventive health camps, awareness sessions and referral support for vulnerable families.",https://images.unsplash.com/photo-1631815588090-d4bfec5b1ccb?auto=format&fit=crop&w=900&q=80,Livelihood & Skills,EMPOWERMENT,"Skill-building, self-reliance and livelihood support designed to help communities move forward.",https://images.unsplash.com/photo-1611702700098-dec597b27d9d?auto=format&fit=crop&w=900&q=80,"10,000+",Lives Reached,Across New Delhi communities,75+,Community Drives,Community-led programs,12+,Years of Impact,Experience-led impact,₹1Cr+,Value Mobilised,For social programs,"The work represented by RenuKiran Welfare Foundation shows how focused community action can create trust, dignity and practical support for families.",Community Member,New Delhi,Founder,"Avinash Kumar is associated with RenuKiran Welfare Foundation as Founder, helping strengthen partnerships, visibility and community impact across New Delh...",Program Coordinator,Community Programs,"Coordinates local outreach, volunteer support and program delivery for communities connected with RenuKiran Welfare Foundation.",Impact Lead,Partnerships & Reporting,"Supports donor communication, impact storytelling and transparent reporting for social programs.",hello@renukiran-welfare-foundation.org,,"New Delhi, Delhi, India",https://www.linkedin.com/in/ACwAABAzhmgBI7AktxKt-CyXBW9uLy01cvWGsNM,client-batch-1,ready,Avinash Kumar,https://www.linkedin.com/in/ACwAABAzhmgBI7AktxKt-CyXBW9uLy01cvWGsNM,,https://media.licdn.com/dms/image/v2/D4E16AQGSwrEutF_AqA/profile-displaybackgroundimage-shrink_200_800/B4EZ09s.f5I4AU-/0/1774856696982?e=1780531200&v=beta&t=03cohjduK_7Qyg_HKu47yqWJja8sGBQSUFlR4Rq9Owk
positive-vibes-consulting,Positive Vibes Consulting,"Community-led impact, dignity and development for underserved families.","Gurugram, Haryana, India",2017,"Building Community Impact,",One Life at a Time.,"Positive Vibes Consulting is presented as a premium NGO website concept focused on community development, dignity and grassroots change for communities in Gurugram.","Positive Vibes Consulting focuses on community development, dignity and grassroots change through community-led programs, partnerships and on-ground outreach in Gurugram. This website concept presents the mission, impact, team and donation journey in a premium digital format.",Support This Cause ₹,#071b14,#1c3a2f,#c7a646,https://images.unsplash.com/photo-1524492412937-b28074a5d7da?auto=format&fit=crop&w=1920&q=80,,Community Outreach,FIELD PROGRAMS,"Grassroots outreach, awareness drives and local partnerships that connect families with practical support.",https://images.unsplash.com/photo-1551731409-43eb3e517a1a?auto=format&fit=crop&w=900&q=80,Education Support,EDUCATION,"Learning support, mentoring and school-readiness programs for children from underserved communities.",https://images.unsplash.com/photo-1594608661623-aa0bd3a69799?auto=format&fit=crop&w=900&q=80,Health & Wellness Camps,HEALTHCARE,"Preventive health camps, awareness sessions and referral support for vulnerable families.",https://images.unsplash.com/photo-1631815588090-d4bfec5b1ccb?auto=format&fit=crop&w=900&q=80,Livelihood & Skills,EMPOWERMENT,"Skill-building, self-reliance and livelihood support designed to help communities move forward.",https://images.unsplash.com/photo-1611702700098-dec597b27d9d?auto=format&fit=crop&w=900&q=80,"10,000+",Lives Reached,Across Gurugram communities,75+,Community Drives,Community-led programs,12+,Years of Impact,Experience-led impact,₹1Cr+,Value Mobilised,For social programs,"The work represented by Positive Vibes Consulting shows how focused community action can create trust, dignity and practical support for families.",Community Member,Gurugram,Co Founder & CEO,"Shivani Malhotra is associated with Positive Vibes Consulting as Co Founder & CEO, helping strengthen partnerships, visibility and community impact across...",Program Coordinator,Community Programs,"Coordinates local outreach, volunteer support and program delivery for communities connected with Positive Vibes Consulting.",Impact Lead,Partnerships & Reporting,"Supports donor communication, impact storytelling and transparent reporting for social programs.",hello@positive-vibes-consulting.org,,"Gurugram, Haryana, India",https://www.linkedin.com/in/ACwAAAMebQcBSLu7lQXBEb4Fvjuo-RBDaAz4t9s,client-batch-1,ready,Shivani Malhotra,https://www.linkedin.com/in/ACwAAAMebQcBSLu7lQXBEb4Fvjuo-RBDaAz4t9s,https://media.licdn.com/dms/image/v2/D4D03AQGuNbVJIym-yg/profile-displayphoto-shrink_400_400/profile-displayphoto-shrink_400_400/0/1669387531862?e=1780531200&v=beta&t=ZEX88GC_BV-yMswE1Wiy-tayxu7xg9WZSrVkYUZ4eDk,https://media.licdn.com/dms/image/v2/D5616AQHtgSWmWts2sA/profile-displaybackgroundimage-shrink_200_800/B56ZWJYW4CHQAU-/0/1741766621827?e=1780531200&v=beta&t=L9vxxEu_t3upKRv7-2rdKY9GxOvJe5IN85dd8nfkQxE
vijayash-foundation,Vijayash foundation,"Community-led impact, dignity and development for underserved families.",Greater Delhi Area,2015,"Building Community Impact,",One Life at a Time.,"Vijayash foundation is presented as a premium NGO website concept focused on community development, dignity and grassroots change for communities in Delhi.","Vijayash foundation focuses on community development, dignity and grassroots change through community-led programs, partnerships and on-ground outreach in Delhi. This website concept presents the mission, impact, team and donation journey in a premium digital format.",Support This Cause ₹,#001b13,#0b2d22,#d7b84f,https://images.unsplash.com/photo-1524492412937-b28074a5d7da?auto=format&fit=crop&w=1920&q=80,,Community Outreach,FIELD PROGRAMS,"Grassroots outreach, awareness drives and local partnerships that connect families with practical support.",https://images.unsplash.com/photo-1551731409-43eb3e517a1a?auto=format&fit=crop&w=900&q=80,Education Support,EDUCATION,"Learning support, mentoring and school-readiness programs for children from underserved communities.",https://images.unsplash.com/photo-1594608661623-aa0bd3a69799?auto=format&fit=crop&w=900&q=80,Health & Wellness Camps,HEALTHCARE,"Preventive health camps, awareness sessions and referral support for vulnerable families.",https://images.unsplash.com/photo-1631815588090-d4bfec5b1ccb?auto=format&fit=crop&w=900&q=80,Livelihood & Skills,EMPOWERMENT,"Skill-building, self-reliance and livelihood support designed to help communities move forward.",https://images.unsplash.com/photo-1611702700098-dec597b27d9d?auto=format&fit=crop&w=900&q=80,"10,000+",Lives Reached,Across Delhi communities,75+,Community Drives,Community-led programs,12+,Years of Impact,Experience-led impact,₹1Cr+,Value Mobilised,For social programs,"The work represented by Vijayash foundation shows how focused community action can create trust, dignity and practical support for families.",Community Member,Delhi,Founder,"CS Deepak Jain is associated with Vijayash foundation as Founder, helping strengthen partnerships, visibility and community impact across Delhi.",Program Coordinator,Community Programs,"Coordinates local outreach, volunteer support and program delivery for communities connected with Vijayash foundation.",Impact Lead,Partnerships & Reporting,"Supports donor communication, impact storytelling and transparent reporting for social programs.",hello@vijayash-foundation.org,,Greater Delhi Area,https://www.linkedin.com/in/ACwAAAH5iCoBOmTrb-O10lUFGLOfQCAdCyQCJVs,client-batch-1,ready,CS Deepak Jain,https://www.linkedin.com/in/ACwAAAH5iCoBOmTrb-O10lUFGLOfQCAdCyQCJVs,https://media.licdn.com/dms/image/v2/D4D03AQFWU8hVdnRXMg/profile-displayphoto-shrink_800_800/profile-displayphoto-shrink_800_800/0/1700032623692?e=1780531200&v=beta&t=ecp3u-SCFfOVcPCdMU60nHOZGhbGgTDHYBtHZ6uXKYQ,https://media.licdn.com/dms/image/v2/D5616AQHM3I5cLp8C3g/profile-displaybackgroundimage-shrink_200_800/B56Zw3gpFLIYAU-/0/1770457830836?e=1780531200&v=beta&t=eA7i8gPSJsBD9bhTaAe460G0VfKkEVlUdfco26Gek5I
healthy-aging-india,Healthy aging India,Making healthcare awareness and support more accessible to communities.,"South Delhi, Delhi, India",2011,"Bringing Care Closer,",Healing Communities.,"Healthy aging India is presented as a premium NGO website concept focused on healthcare access, awareness and wellness support for communities in South Delhi.","Healthy aging India focuses on healthcare access, awareness and wellness support through community-led programs, partnerships and on-ground outreach in South Delhi. This website concept presents the mission, impact, team and donation journey in a premium digital format.",Support This Cause ₹,#001b13,#0b2d22,#d7b84f,https://images.unsplash.com/photo-1584515933487-779824d29309?auto=format&fit=crop&w=1920&q=80,,Mobile Health Camps,HEALTHCARE,"Community health camps, screenings and basic medical access for families who need timely care.",https://images.unsplash.com/photo-1576091160550-2173dba999ef?auto=format&fit=crop&w=900&q=80,Patient Awareness,AWARENESS,Practical awareness programs that help people identify risks early and seek the right support.,https://images.unsplash.com/photo-1550831107-1553da8c8464?auto=format&fit=crop&w=900&q=80,Care Navigation,SUPPORT,"Guidance, referrals and follow-up support that make the healthcare journey easier for communities.",https://images.unsplash.com/photo-1559757148-5c350d0d3c56?auto=format&fit=crop&w=900&q=80,Community Wellness,WELLNESS,"Preventive care, nutrition awareness and wellness sessions delivered with local participation.",https://images.unsplash.com/photo-1587854692152-cbe660dbde88?auto=format&fit=crop&w=900&q=80,"8,500+",People Supported,Across South Delhi communities,120+,Health Camps,Community-led programs,30+,Care Partners,Local support network,18+,Districts Reached,Purpose-led progress,"The work represented by Healthy aging India shows how focused community action can create trust, dignity and practical support for families.",Community Member,South Delhi,Founder President,"Dr Prasun Chatterjee is associated with Healthy aging India as Founder President, helping strengthen partnerships, visibility and community impact across...",Program Coordinator,Community Programs,"Coordinates local outreach, volunteer support and program delivery for communities connected with Healthy aging India.",Impact Lead,Partnerships & Reporting,"Supports donor communication, impact storytelling and transparent reporting for social programs.",hello@healthy-aging-india.org,,"South Delhi, Delhi, India",https://www.linkedin.com/in/ACwAAAla2SkB1bODMnUiWYiP6WJHaUS6WRNHEQY,client-batch-1,ready,Dr Prasun Chatterjee,https://www.linkedin.com/in/ACwAAAla2SkB1bODMnUiWYiP6WJHaUS6WRNHEQY,https://media.licdn.com/dms/image/v2/D5603AQHUgKJW8KeKmA/profile-displayphoto-scale_200_200/B56Z2y7t3lGoAY-/0/1776823493279?e=1780531200&v=beta&t=h1iQEh3vRxilLUp9mIBd01Jk0ITEF6ynHURZx-UY-3A,https://media.licdn.com/dms/image/v2/D5616AQHX2xrvNwJP4g/profile-displaybackgroundimage-shrink_200_800/profile-displaybackgroundimage-shrink_200_800/0/1733141840483?e=1780531200&v=beta&t=Ls37c4LrKWyyMmXSTa3OQo6Ba1Dv7pznT5DMM82HCj4
ladli-foundation,Ladli Foundation,"Supporting women with skills, confidence and stronger livelihood pathways.","New Delhi, Delhi, India",2025,"Empowering Women,",Strengthening Families.,"Ladli Foundation is presented as a premium NGO website concept focused on women empowerment, skills and livelihood support for communities in New Delhi.","Ladli Foundation focuses on women empowerment, skills and livelihood support through community-led programs, partnerships and on-ground outreach in New Delhi. This website concept presents the mission, impact, team and donation journey in a premium digital format.",Support This Cause ₹,#001b13,#0b2d22,#d7b84f,https://images.unsplash.com/photo-1611702700098-dec597b27d9d?auto=format&fit=crop&w=1920&q=80,,Women Skill Circles,EMPOWERMENT,"Skill-building groups that support confidence, income opportunities and self-reliance for women.",https://images.unsplash.com/photo-1551731409-43eb3e517a1a?auto=format&fit=crop&w=900&q=80,Entrepreneurship Support,LIVELIHOOD,"Micro-enterprise guidance, financial awareness and market-readiness support for women-led initiatives.",https://images.unsplash.com/photo-1594608661623-aa0bd3a69799?auto=format&fit=crop&w=900&q=80,Health & Safety Sessions,CARE,"Community sessions focused on health awareness, dignity, safety and access to support systems.",https://images.unsplash.com/photo-1611702700098-dec597b27d9d?auto=format&fit=crop&w=900&q=80,Leadership Groups,LEADERSHIP,Local women leaders and peer networks that create confidence and collective progress.,https://images.unsplash.com/photo-1516627145497-ae6968895b74?auto=format&fit=crop&w=900&q=80,"4,200+",Women Reached,Across New Delhi communities,60+,Skill Circles,Purpose-led progress,35+,Local Mentors,Local support network,300+,Micro Goals,For social programs,"The work represented by Ladli Foundation shows how focused community action can create trust, dignity and practical support for families.",Community Member,New Delhi,Trustee,"Kamini Vaid is associated with Ladli Foundation as Trustee, helping strengthen partnerships, visibility and community impact across New Delhi.",Program Coordinator,Community Programs,"Coordinates local outreach, volunteer support and program delivery for communities connected with Ladli Foundation.",Impact Lead,Partnerships & Reporting,"Supports donor communication, impact storytelling and transparent reporting for social programs.",hello@ladli-foundation.org,,"New Delhi, Delhi, India",https://www.linkedin.com/in/ACwAACdj0fEBlTApkVIiucWkRN-eMtYSx-yEk4o,client-batch-1,ready,Kamini Vaid,https://www.linkedin.com/in/ACwAACdj0fEBlTApkVIiucWkRN-eMtYSx-yEk4o,https://media.licdn.com/dms/image/v2/D5603AQEC4y-bRYPJbQ/profile-displayphoto-scale_200_200/B56ZflOqoWGQAY-/0/1751897519524?e=1780531200&v=beta&t=fvZRIoWTB0SrR4offd1R_WjUnU1iKCnus2DpYDxQ5ao,https://media.licdn.com/dms/image/v2/D5616AQFJAg79c1V6-Q/profile-displaybackgroundimage-shrink_200_800/B56Zsx6OjiKAAU-/0/1766068908793?e=1780531200&v=beta&t=KbNaf-iokN2C4EVKRLsCh6SOfMMuIu2TOzqGbH9gffg
sitare-foundation,Sitare Foundation,"Community-led impact, dignity and development for underserved families.","Gurugram, Haryana, India",2024,"Building Community Impact,",One Life at a Time.,"Sitare Foundation is presented as a premium NGO website concept focused on community development, dignity and grassroots change for communities in Gurugram.","Sitare Foundation focuses on community development, dignity and grassroots change through community-led programs, partnerships and on-ground outreach in Gurugram. This website concept presents the mission, impact, team and donation journey in a premium digital format.",Support This Cause ₹,#001b13,#0b2d22,#d7b84f,https://images.unsplash.com/photo-1524492412937-b28074a5d7da?auto=format&fit=crop&w=1920&q=80,,Community Outreach,FIELD PROGRAMS,"Grassroots outreach, awareness drives and local partnerships that connect families with practical support.",https://images.unsplash.com/photo-1551731409-43eb3e517a1a?auto=format&fit=crop&w=900&q=80,Education Support,EDUCATION,"Learning support, mentoring and school-readiness programs for children from underserved communities.",https://images.unsplash.com/photo-1594608661623-aa0bd3a69799?auto=format&fit=crop&w=900&q=80,Health & Wellness Camps,HEALTHCARE,"Preventive health camps, awareness sessions and referral support for vulnerable families.",https://images.unsplash.com/photo-1631815588090-d4bfec5b1ccb?auto=format&fit=crop&w=900&q=80,Livelihood & Skills,EMPOWERMENT,"Skill-building, self-reliance and livelihood support designed to help communities move forward.",https://images.unsplash.com/photo-1611702700098-dec597b27d9d?auto=format&fit=crop&w=900&q=80,"10,000+",Lives Reached,Across Gurugram communities,75+,Community Drives,Community-led programs,12+,Years of Impact,Experience-led impact,₹1Cr+,Value Mobilised,For social programs,"The work represented by Sitare Foundation shows how focused community action can create trust, dignity and practical support for families.",Community Member,Gurugram,Director - People and Culture,"Pratibha Chauhan is associated with Sitare Foundation as Director - People and Culture, helping strengthen partnerships, visibility and community impact a...",Program Coordinator,Community Programs,"Coordinates local outreach, volunteer support and program delivery for communities connected with Sitare Foundation.",Impact Lead,Partnerships & Reporting,"Supports donor communication, impact storytelling and transparent reporting for social programs.",hello@sitare-foundation.org,,"Gurugram, Haryana, India",https://www.linkedin.com/in/ACwAAC1w9BUBdvUZ2_9P6TXOzGAQ1q8a1XAFOuI,client-batch-1,ready,Pratibha Chauhan,https://www.linkedin.com/in/ACwAAC1w9BUBdvUZ2_9P6TXOzGAQ1q8a1XAFOuI,https://media.licdn.com/dms/image/v2/D5603AQFYOhjiBaUw5A/profile-displayphoto-scale_200_200/B56ZwvEEwRK8AY-/0/1770316135759?e=1780531200&v=beta&t=MzCrtQAfhy-D2zzKxej6UH7Xj-QhD-p79BvXKDgZ9q0,https://media.licdn.com/dms/image/v2/D5616AQGz6vNyUEyg7A/profile-displaybackgroundimage-shrink_200_800/B56Zp8l4pvJQAU-/0/1763026898560?e=1780531200&v=beta&t=Y_VNGC4KyhdAiFQwrlZOLmeJN7bTuNKbcHrmtbuXmRw
tapas-foundation,Tapas Foundation,"Community-led impact, dignity and development for underserved families.","New Delhi, Delhi, India",2015,"Building Community Impact,",One Life at a Time.,"Tapas Foundation is presented as a premium NGO website concept focused on community development, dignity and grassroots change for communities in New Delhi.","Tapas Foundation focuses on community development, dignity and grassroots change through community-led programs, partnerships and on-ground outreach in New Delhi. This website concept presents the mission, impact, team and donation journey in a premium digital format.",Support This Cause ₹,#071b14,#1c3a2f,#c7a646,https://images.unsplash.com/photo-1524492412937-b28074a5d7da?auto=format&fit=crop&w=1920&q=80,,Community Outreach,FIELD PROGRAMS,"Grassroots outreach, awareness drives and local partnerships that connect families with practical support.",https://images.unsplash.com/photo-1551731409-43eb3e517a1a?auto=format&fit=crop&w=900&q=80,Education Support,EDUCATION,"Learning support, mentoring and school-readiness programs for children from underserved communities.",https://images.unsplash.com/photo-1594608661623-aa0bd3a69799?auto=format&fit=crop&w=900&q=80,Health & Wellness Camps,HEALTHCARE,"Preventive health camps, awareness sessions and referral support for vulnerable families.",https://images.unsplash.com/photo-1631815588090-d4bfec5b1ccb?auto=format&fit=crop&w=900&q=80,Livelihood & Skills,EMPOWERMENT,"Skill-building, self-reliance and livelihood support designed to help communities move forward.",https://images.unsplash.com/photo-1611702700098-dec597b27d9d?auto=format&fit=crop&w=900&q=80,"10,000+",Lives Reached,Across New Delhi communities,75+,Community Drives,Community-led programs,12+,Years of Impact,Experience-led impact,₹1Cr+,Value Mobilised,For social programs,"The work represented by Tapas Foundation shows how focused community action can create trust, dignity and practical support for families.",Community Member,New Delhi,Founder & Director,"Vipul Singh is associated with Tapas Foundation as Founder & Director, helping strengthen partnerships, visibility and community impact across New Delhi.",Program Coordinator,Community Programs,"Coordinates local outreach, volunteer support and program delivery for communities connected with Tapas Foundation.",Impact Lead,Partnerships & Reporting,"Supports donor communication, impact storytelling and transparent reporting for social programs.",hello@tapas-foundation.org,,"New Delhi, Delhi, India",https://www.linkedin.com/in/ACwAADHJOjABEAHMwXZIatZvBGqlSYL-boe8BgI,client-batch-1,ready,Vipul Singh,https://www.linkedin.com/in/ACwAADHJOjABEAHMwXZIatZvBGqlSYL-boe8BgI,https://media.licdn.com/dms/image/v2/D4D03AQFDvEs-dha3kg/profile-displayphoto-shrink_800_800/profile-displayphoto-shrink_800_800/0/1677081926454?e=1780531200&v=beta&t=vR4Vc_g4sCiGiJ1PmedYOJmEDd4OoXzWmYPw7NIq-qE,https://media.licdn.com/dms/image/v2/D4D16AQH-aeXJ-ytxDw/profile-displaybackgroundimage-shrink_200_800/profile-displaybackgroundimage-shrink_200_800/0/1683542330052?e=1780531200&v=beta&t=xO0NN6JNGpHBbbv1REAwpSmHDkIi25mbCgow8qRYY9k
ag-edu-hub-foundation,AG EDU HUB FOUNDATION,"Community-led impact, dignity and development for underserved families.","Gurugram, Haryana, India",2016,"Building Community Impact,",One Life at a Time.,"AG EDU HUB FOUNDATION is presented as a premium NGO website concept focused on community development, dignity and grassroots change for communities in Gurugram.","AG EDU HUB FOUNDATION focuses on community development, dignity and grassroots change through community-led programs, partnerships and on-ground outreach in Gurugram. This website concept presents the mission, impact, team and donation journey in a premium digital format.",Support This Cause ₹,#071b14,#1c3a2f,#c7a646,https://images.unsplash.com/photo-1524492412937-b28074a5d7da?auto=format&fit=crop&w=1920&q=80,,Community Outreach,FIELD PROGRAMS,"Grassroots outreach, awareness drives and local partnerships that connect families with practical support.",https://images.unsplash.com/photo-1551731409-43eb3e517a1a?auto=format&fit=crop&w=900&q=80,Education Support,EDUCATION,"Learning support, mentoring and school-readiness programs for children from underserved communities.",https://images.unsplash.com/photo-1594608661623-aa0bd3a69799?auto=format&fit=crop&w=900&q=80,Health & Wellness Camps,HEALTHCARE,"Preventive health camps, awareness sessions and referral support for vulnerable families.",https://images.unsplash.com/photo-1631815588090-d4bfec5b1ccb?auto=format&fit=crop&w=900&q=80,Livelihood & Skills,EMPOWERMENT,"Skill-building, self-reliance and livelihood support designed to help communities move forward.",https://images.unsplash.com/photo-1611702700098-dec597b27d9d?auto=format&fit=crop&w=900&q=80,"10,000+",Lives Reached,Across Gurugram communities,75+,Community Drives,Community-led programs,12+,Years of Impact,Experience-led impact,₹1Cr+,Value Mobilised,For social programs,"The work represented by AG EDU HUB FOUNDATION shows how focused community action can create trust, dignity and practical support for families.",Community Member,Gurugram,Director,"Ankush Tyagi is associated with AG EDU HUB FOUNDATION as Director, helping strengthen partnerships, visibility and community impact across Gurugram.",Program Coordinator,Community Programs,"Coordinates local outreach, volunteer support and program delivery for communities connected with AG EDU HUB FOUNDATION.",Impact Lead,Partnerships & Reporting,"Supports donor communication, impact storytelling and transparent reporting for social programs.",hello@ag-edu-hub-foundation.org,,"Gurugram, Haryana, India",https://www.linkedin.com/in/ACwAAB7dyzYBq3_UxEhDBj2rqE9SkpRvWm06LHc,client-batch-1,ready,Ankush Tyagi,https://www.linkedin.com/in/ACwAAB7dyzYBq3_UxEhDBj2rqE9SkpRvWm06LHc,https://media.licdn.com/dms/image/v2/D5603AQGFEBWANRe1jQ/profile-displayphoto-scale_200_200/B56ZvxJiCFJEAY-/0/1769277373038?e=1780531200&v=beta&t=x9ef_qSxpHNa9zueYt33-DALN-LDb7-LouCR_u14JuE,https://media.licdn.com/dms/image/v2/D4D16AQF5CWEGb2dPUg/profile-displaybackgroundimage-shrink_200_800/B4DZmf0UWuJYAU-/0/1759322917142?e=1780531200&v=beta&t=fRrLIIcshUzMbklD9mEVCsd6N5FRGcG-xkRkmTr3rpA
sanskaar-nirmaan-charitable-trust,Sanskaar Nirmaan Charitable Trust,"Community-led impact, dignity and development for underserved families.","Gurugram, Haryana, India",2021,"Building Community Impact,",One Life at a Time.,"Sanskaar Nirmaan Charitable Trust is presented as a premium NGO website concept focused on community development, dignity and grassroots change for communities in Gurugram.","Sanskaar Nirmaan Charitable Trust focuses on community development, dignity and grassroots change through community-led programs, partnerships and on-ground outreach in Gurugram. This website concept presents the mission, impact, team and donation journey in a premium digital format.",Support This Cause ₹,#071b14,#1c3a2f,#c7a646,https://images.unsplash.com/photo-1524492412937-b28074a5d7da?auto=format&fit=crop&w=1920&q=80,,Community Outreach,FIELD PROGRAMS,"Grassroots outreach, awareness drives and local partnerships that connect families with practical support.",https://images.unsplash.com/photo-1551731409-43eb3e517a1a?auto=format&fit=crop&w=900&q=80,Education Support,EDUCATION,"Learning support, mentoring and school-readiness programs for children from underserved communities.",https://images.unsplash.com/photo-1594608661623-aa0bd3a69799?auto=format&fit=crop&w=900&q=80,Health & Wellness Camps,HEALTHCARE,"Preventive health camps, awareness sessions and referral support for vulnerable families.",https://images.unsplash.com/photo-1631815588090-d4bfec5b1ccb?auto=format&fit=crop&w=900&q=80,Livelihood & Skills,EMPOWERMENT,"Skill-building, self-reliance and livelihood support designed to help communities move forward.",https://images.unsplash.com/photo-1611702700098-dec597b27d9d?auto=format&fit=crop&w=900&q=80,"10,000+",Lives Reached,Across Gurugram communities,75+,Community Drives,Community-led programs,12+,Years of Impact,Experience-led impact,₹1Cr+,Value Mobilised,For social programs,"The work represented by Sanskaar Nirmaan Charitable Trust shows how focused community action can create trust, dignity and practical support for families.",Community Member,Gurugram,Founder & President,"Coach Simran Sharma is associated with Sanskaar Nirmaan Charitable Trust as Founder & President, helping strengthen partnerships, visibility and community...",Program Coordinator,Community Programs,"Coordinates local outreach, volunteer support and program delivery for communities connected with Sanskaar Nirmaan Charitable Trust.",Impact Lead,Partnerships & Reporting,"Supports donor communication, impact storytelling and transparent reporting for social programs.",hello@sanskaar-nirmaan-charitable-trust.org,,"Gurugram, Haryana, India",https://www.linkedin.com/in/ACwAAClBSR8BRdJfZipzFGALXAAPMLVaa-P2yis,client-batch-1,ready,Coach Simran Sharma,https://www.linkedin.com/in/ACwAAClBSR8BRdJfZipzFGALXAAPMLVaa-P2yis,https://media.licdn.com/dms/image/v2/D5603AQEJjBWYC_4kzw/profile-displayphoto-scale_200_200/B56Z4L4rrsJIAc-/0/1778315869152?e=1780531200&v=beta&t=QeAl871cRJvFGQ6Ju33NzDK3Ge049Iq8F83SMTlK8a4,https://media.licdn.com/dms/image/v2/D5616AQGsPlMZUSbF2g/profile-displaybackgroundimage-shrink_200_800/B56Z3Pku8aKEAU-/0/1777304011014?e=1780531200&v=beta&t=onBrr3_-oRFbXtVHKWjMFE-biY0FyPfp9liu0bPQEQ8
manzil-mystics,Manzil Mystics,"Community-led impact, dignity and development for underserved families.","South Delhi, Delhi, India",2023,"Building Community Impact,",One Life at a Time.,"Manzil Mystics is presented as a premium NGO website concept focused on community development, dignity and grassroots change for communities in South Delhi.","Manzil Mystics focuses on community development, dignity and grassroots change through community-led programs, partnerships and on-ground outreach in South Delhi. This website concept presents the mission, impact, team and donation journey in a premium digital format.",Support This Cause ₹,#071b14,#1c3a2f,#c7a646,https://images.unsplash.com/photo-1524492412937-b28074a5d7da?auto=format&fit=crop&w=1920&q=80,,Community Outreach,FIELD PROGRAMS,"Grassroots outreach, awareness drives and local partnerships that connect families with practical support.",https://images.unsplash.com/photo-1551731409-43eb3e517a1a?auto=format&fit=crop&w=900&q=80,Education Support,EDUCATION,"Learning support, mentoring and school-readiness programs for children from underserved communities.",https://images.unsplash.com/photo-1594608661623-aa0bd3a69799?auto=format&fit=crop&w=900&q=80,Health & Wellness Camps,HEALTHCARE,"Preventive health camps, awareness sessions and referral support for vulnerable families.",https://images.unsplash.com/photo-1631815588090-d4bfec5b1ccb?auto=format&fit=crop&w=900&q=80,Livelihood & Skills,EMPOWERMENT,"Skill-building, self-reliance and livelihood support designed to help communities move forward.",https://images.unsplash.com/photo-1611702700098-dec597b27d9d?auto=format&fit=crop&w=900&q=80,"10,000+",Lives Reached,Across South Delhi communities,75+,Community Drives,Community-led programs,12+,Years of Impact,Experience-led impact,₹1Cr+,Value Mobilised,For social programs,"The work represented by Manzil Mystics shows how focused community action can create trust, dignity and practical support for families.",Community Member,South Delhi,Program Director,"Manik Kaushik is associated with Manzil Mystics as Program Director, helping strengthen partnerships, visibility and community impact across South Delhi.",Program Coordinator,Community Programs,"Coordinates local outreach, volunteer support and program delivery for communities connected with Manzil Mystics.",Impact Lead,Partnerships & Reporting,"Supports donor communication, impact storytelling and transparent reporting for social programs.",hello@manzil-mystics.org,,"South Delhi, Delhi, India",https://www.linkedin.com/in/ACwAACzfChYB6Z3lEKvSyXBJ1FsDYnCi3iArhaM,client-batch-1,ready,Manik Kaushik,https://www.linkedin.com/in/ACwAACzfChYB6Z3lEKvSyXBJ1FsDYnCi3iArhaM,https://media.licdn.com/dms/image/v2/D5603AQGUqEuuXZq-wQ/profile-displayphoto-shrink_200_200/B56ZPOvlH0G4Ac-/0/1734340400581?e=1780531200&v=beta&t=ltpqcq_fCeY2d_lgAQH8vaEpAyvfdFXD5u5qFpXjuKo,https://media.licdn.com/dms/image/v2/D4D16AQHGfj2twyMMUA/profile-displaybackgroundimage-shrink_200_800/profile-displaybackgroundimage-shrink_200_800/0/1680591004835?e=1780531200&v=beta&t=Tr-3fORwVZBEiePod3qtaXjIxZ0jB899RNmcypxtReY
agriliv-research-foundation,Agriliv Research Foundation,"Community-led impact, dignity and development for underserved families.","Delhi, India",2006,"Building Community Impact,",One Life at a Time.,"Agriliv Research Foundation is presented as a premium NGO website concept focused on community development, dignity and grassroots change for communities in Delhi.","Agriliv Research Foundation focuses on community development, dignity and grassroots change through community-led programs, partnerships and on-ground outreach in Delhi. This website concept presents the mission, impact, team and donation journey in a premium digital format.",Support This Cause ₹,#001b13,#0b2d22,#d7b84f,https://images.unsplash.com/photo-1524492412937-b28074a5d7da?auto=format&fit=crop&w=1920&q=80,,Community Outreach,FIELD PROGRAMS,"Grassroots outreach, awareness drives and local partnerships that connect families with practical support.",https://images.unsplash.com/photo-1551731409-43eb3e517a1a?auto=format&fit=crop&w=900&q=80,Education Support,EDUCATION,"Learning support, mentoring and school-readiness programs for children from underserved communities.",https://images.unsplash.com/photo-1594608661623-aa0bd3a69799?auto=format&fit=crop&w=900&q=80,Health & Wellness Camps,HEALTHCARE,"Preventive health camps, awareness sessions and referral support for vulnerable families.",https://images.unsplash.com/photo-1631815588090-d4bfec5b1ccb?auto=format&fit=crop&w=900&q=80,Livelihood & Skills,EMPOWERMENT,"Skill-building, self-reliance and livelihood support designed to help communities move forward.",https://images.unsplash.com/photo-1611702700098-dec597b27d9d?auto=format&fit=crop&w=900&q=80,"10,000+",Lives Reached,Across Delhi communities,75+,Community Drives,Community-led programs,12+,Years of Impact,Experience-led impact,₹1Cr+,Value Mobilised,For social programs,"The work represented by Agriliv Research Foundation shows how focused community action can create trust, dignity and practical support for families.",Community Member,Delhi,Owner,"AGRILIV RESEARCH FOUNDATION is associated with Agriliv Research Foundation as Owner, helping strengthen partnerships, visibility and community impact acro...",Program Coordinator,Community Programs,"Coordinates local outreach, volunteer support and program delivery for communities connected with Agriliv Research Foundation.",Impact Lead,Partnerships & Reporting,"Supports donor communication, impact storytelling and transparent reporting for social programs.",hello@agriliv-research-foundation.org,,"Delhi, India",https://www.linkedin.com/in/ACwAAFCjrjYBUqNUsQVtTereREtUge7lUCNEHYc,client-batch-1,ready,AGRILIV RESEARCH FOUNDATION,https://www.linkedin.com/in/ACwAAFCjrjYBUqNUsQVtTereREtUge7lUCNEHYc,https://media.licdn.com/dms/image/v2/D4D03AQFJCP2qXEW-ZA/profile-displayphoto-shrink_200_200/B4DZXq6smoG8AY-/0/1743403011124?e=1780531200&v=beta&t=5uPPkJY97yjztTnlRRySqkFaM2c-Ud00OxuF-QFvcZw,https://media.licdn.com/dms/image/v2/D4D16AQELf3ck28wE0Q/profile-displaybackgroundimage-shrink_200_800/B4DZXqkviWG8AY-/0/1743397258337?e=1780531200&v=beta&t=oosQvyqdidK6BghiObvg8nfszoYtQTj1tpNqqZThTcc
womencare-foundation,WomenCare Foundation,"Supporting women with skills, confidence and stronger livelihood pathways.","Delhi, India",2022,"Empowering Women,",Strengthening Families.,"WomenCare Foundation is presented as a premium NGO website concept focused on women empowerment, skills and livelihood support for communities in Delhi.","WomenCare Foundation focuses on women empowerment, skills and livelihood support through community-led programs, partnerships and on-ground outreach in Delhi. This website concept presents the mission, impact, team and donation journey in a premium digital format.",Support This Cause ₹,#071b14,#1c3a2f,#c7a646,https://images.unsplash.com/photo-1611702700098-dec597b27d9d?auto=format&fit=crop&w=1920&q=80,,Women Skill Circles,EMPOWERMENT,"Skill-building groups that support confidence, income opportunities and self-reliance for women.",https://images.unsplash.com/photo-1551731409-43eb3e517a1a?auto=format&fit=crop&w=900&q=80,Entrepreneurship Support,LIVELIHOOD,"Micro-enterprise guidance, financial awareness and market-readiness support for women-led initiatives.",https://images.unsplash.com/photo-1594608661623-aa0bd3a69799?auto=format&fit=crop&w=900&q=80,Health & Safety Sessions,CARE,"Community sessions focused on health awareness, dignity, safety and access to support systems.",https://images.unsplash.com/photo-1611702700098-dec597b27d9d?auto=format&fit=crop&w=900&q=80,Leadership Groups,LEADERSHIP,Local women leaders and peer networks that create confidence and collective progress.,https://images.unsplash.com/photo-1516627145497-ae6968895b74?auto=format&fit=crop&w=900&q=80,"4,200+",Women Reached,Across Delhi communities,60+,Skill Circles,Purpose-led progress,35+,Local Mentors,Local support network,300+,Micro Goals,For social programs,"The work represented by WomenCare Foundation shows how focused community action can create trust, dignity and practical support for families.",Community Member,Delhi,President,"Sonia Jaiswal is associated with WomenCare Foundation as President, helping strengthen partnerships, visibility and community impact across Delhi.",Program Coordinator,Community Programs,"Coordinates local outreach, volunteer support and program delivery for communities connected with WomenCare Foundation.",Impact Lead,Partnerships & Reporting,"Supports donor communication, impact storytelling and transparent reporting for social programs.",hello@womencare-foundation.org,,"Delhi, India",https://www.linkedin.com/in/ACwAAD5U_2wBId3PeiHuaWw7xldLJWPdLwHEJ3U,client-batch-1,ready,Sonia Jaiswal,https://www.linkedin.com/in/ACwAAD5U_2wBId3PeiHuaWw7xldLJWPdLwHEJ3U,https://media.licdn.com/dms/image/v2/D5603AQE8WQ9J8_tNXw/profile-displayphoto-scale_200_200/B56ZvZplPnIcAc-/0/1768883116125?e=1780531200&v=beta&t=4JT8ZT0ActyaHaUC6MZpTpSbfSlrGe_bnh527973fDY,https://media.licdn.com/dms/image/v2/D5616AQFfWo-Vqqf-Ww/profile-displaybackgroundimage-shrink_200_800/B56ZgMK72HHcAY-/0/1752550851789?e=1780531200&v=beta&t=2hnm4sRLRMDsvn5h28cdGV2LC3wWfJYWgUU5NP9CQHg
iimt-business-incubator-foundation,IIMT Business Incubator Foundation,"Community-led impact, dignity and development for underserved families.","Meerut, Uttar Pradesh, India",2025,"Building Community Impact,",One Life at a Time.,"IIMT Business Incubator Foundation is presented as a premium NGO website concept focused on community development, dignity and grassroots change for communities in Meerut.","IIMT Business Incubator Foundation focuses on community development, dignity and grassroots change through community-led programs, partnerships and on-ground outreach in Meerut. This website concept presents the mission, impact, team and donation journey in a premium digital format.",Support This Cause ₹,#071b14,#1c3a2f,#c7a646,https://images.unsplash.com/photo-1524492412937-b28074a5d7da?auto=format&fit=crop&w=1920&q=80,,Community Outreach,FIELD PROGRAMS,"Grassroots outreach, awareness drives and local partnerships that connect families with practical support.",https://images.unsplash.com/photo-1551731409-43eb3e517a1a?auto=format&fit=crop&w=900&q=80,Education Support,EDUCATION,"Learning support, mentoring and school-readiness programs for children from underserved communities.",https://images.unsplash.com/photo-1594608661623-aa0bd3a69799?auto=format&fit=crop&w=900&q=80,Health & Wellness Camps,HEALTHCARE,"Preventive health camps, awareness sessions and referral support for vulnerable families.",https://images.unsplash.com/photo-1631815588090-d4bfec5b1ccb?auto=format&fit=crop&w=900&q=80,Livelihood & Skills,EMPOWERMENT,"Skill-building, self-reliance and livelihood support designed to help communities move forward.",https://images.unsplash.com/photo-1611702700098-dec597b27d9d?auto=format&fit=crop&w=900&q=80,"10,000+",Lives Reached,Across Meerut communities,75+,Community Drives,Community-led programs,12+,Years of Impact,Experience-led impact,₹1Cr+,Value Mobilised,For social programs,"The work represented by IIMT Business Incubator Foundation shows how focused community action can create trust, dignity and practical support for families.",Community Member,Meerut,Chief Executive Officer,"Dr. Vaibhav Sharma is associated with IIMT Business Incubator Foundation as Chief Executive Officer, helping strengthen partnerships, visibility and commu...",Program Coordinator,Community Programs,"Coordinates local outreach, volunteer support and program delivery for communities connected with IIMT Business Incubator Foundation.",Impact Lead,Partnerships & Reporting,"Supports donor communication, impact storytelling and transparent reporting for social programs.",hello@iimt-business-incubator-foundation.org,,"Meerut, Uttar Pradesh, India",https://www.linkedin.com/in/ACwAAEgnASQBs0b1lPDMZvDcgdJ-f87ns6C-6vM,client-batch-1,ready,Dr. Vaibhav Sharma,https://www.linkedin.com/in/ACwAAEgnASQBs0b1lPDMZvDcgdJ-f87ns6C-6vM,https://media.licdn.com/dms/image/v2/D5603AQGVXeyEYLJq8Q/profile-displayphoto-crop_800_800/B56Z0CLcTWJsAI-/0/1773858050050?e=1780531200&v=beta&t=Uy09nUPwyLc3flZ2PDG3cgC3dNg7mvmDxKRrxjwwZaw,https://media.licdn.com/dms/image/v2/D5616AQHQYZCOxIBhRA/profile-displaybackgroundimage-shrink_200_800/B56Z0CLryqHIAU-/0/1773858111319?e=1780531200&v=beta&t=2hm0rqeZFh1G6JECIvDFNwdLnCFBCCg1YnNxnBN1WZE
india-healthcare-foundation,India Healthcare Foundation,Making healthcare awareness and support more accessible to communities.,"Gurugram, Haryana, India",2025,"Bringing Care Closer,",Healing Communities.,"India Healthcare Foundation is presented as a premium NGO website concept focused on healthcare access, awareness and wellness support for communities in Gurugram.","India Healthcare Foundation focuses on healthcare access, awareness and wellness support through community-led programs, partnerships and on-ground outreach in Gurugram. This website concept presents the mission, impact, team and donation journey in a premium digital format.",Support This Cause ₹,#001b13,#0b2d22,#d7b84f,https://images.unsplash.com/photo-1584515933487-779824d29309?auto=format&fit=crop&w=1920&q=80,,Mobile Health Camps,HEALTHCARE,"Community health camps, screenings and basic medical access for families who need timely care.",https://images.unsplash.com/photo-1576091160550-2173dba999ef?auto=format&fit=crop&w=900&q=80,Patient Awareness,AWARENESS,Practical awareness programs that help people identify risks early and seek the right support.,https://images.unsplash.com/photo-1550831107-1553da8c8464?auto=format&fit=crop&w=900&q=80,Care Navigation,SUPPORT,"Guidance, referrals and follow-up support that make the healthcare journey easier for communities.",https://images.unsplash.com/photo-1559757148-5c350d0d3c56?auto=format&fit=crop&w=900&q=80,Community Wellness,WELLNESS,"Preventive care, nutrition awareness and wellness sessions delivered with local participation.",https://images.unsplash.com/photo-1587854692152-cbe660dbde88?auto=format&fit=crop&w=900&q=80,"8,500+",People Supported,Across Gurugram communities,120+,Health Camps,Community-led programs,30+,Care Partners,Local support network,18+,Districts Reached,Purpose-led progress,"The work represented by India Healthcare Foundation shows how focused community action can create trust, dignity and practical support for families.",Community Member,Gurugram,Managing Trustee,"Sandy Khanda is associated with India Healthcare Foundation as Managing Trustee, helping strengthen partnerships, visibility and community impact across G...",Program Coordinator,Community Programs,"Coordinates local outreach, volunteer support and program delivery for communities connected with India Healthcare Foundation.",Impact Lead,Partnerships & Reporting,"Supports donor communication, impact storytelling and transparent reporting for social programs.",hello@india-healthcare-foundation.org,,"Gurugram, Haryana, India",https://www.linkedin.com/in/ACwAAB1kMQ8B6tqjIfZm893RfcyEnG5pwHvkyH4,client-batch-1,ready,Sandy Khanda,https://www.linkedin.com/in/ACwAAB1kMQ8B6tqjIfZm893RfcyEnG5pwHvkyH4,https://media.licdn.com/dms/image/v2/D5635AQGnmzhPObVsoA/profile-framedphoto-shrink_800_800/B56Z4H42I0H4Ag-/0/1778248803214?e=1779458400&v=beta&t=RpKH3HtE7_iQbQB3TmcIfYyrbldeCaIA3T3bPOO0LAM,https://media.licdn.com/dms/image/v2/D5616AQEzCODVrZUL8Q/profile-displaybackgroundimage-shrink_200_800/B56ZqDuLhCIsAY-/0/1763146513912?e=1780531200&v=beta&t=RZK_aKZq7_gNar3vHCA54JlKDe8JWvcDzpPuxhrV5bA
karta-initiative-india-foundation,Karta Initiative India Foundation,"Community-led impact, dignity and development for underserved families.",Greater Delhi Area,2022,"Building Community Impact,",One Life at a Time.,"Karta Initiative India Foundation is presented as a premium NGO website concept focused on community development, dignity and grassroots change for communities in Delhi.","Karta Initiative India Foundation focuses on community development, dignity and grassroots change through community-led programs, partnerships and on-ground outreach in Delhi. This website concept presents the mission, impact, team and donation journey in a premium digital format.",Support This Cause ₹,#001b13,#0b2d22,#d7b84f,https://images.unsplash.com/photo-1524492412937-b28074a5d7da?auto=format&fit=crop&w=1920&q=80,,Community Outreach,FIELD PROGRAMS,"Grassroots outreach, awareness drives and local partnerships that connect families with practical support.",https://images.unsplash.com/photo-1551731409-43eb3e517a1a?auto=format&fit=crop&w=900&q=80,Education Support,EDUCATION,"Learning support, mentoring and school-readiness programs for children from underserved communities.",https://images.unsplash.com/photo-1594608661623-aa0bd3a69799?auto=format&fit=crop&w=900&q=80,Health & Wellness Camps,HEALTHCARE,"Preventive health camps, awareness sessions and referral support for vulnerable families.",https://images.unsplash.com/photo-1631815588090-d4bfec5b1ccb?auto=format&fit=crop&w=900&q=80,Livelihood & Skills,EMPOWERMENT,"Skill-building, self-reliance and livelihood support designed to help communities move forward.",https://images.unsplash.com/photo-1611702700098-dec597b27d9d?auto=format&fit=crop&w=900&q=80,"10,000+",Lives Reached,Across Delhi communities,75+,Community Drives,Community-led programs,12+,Years of Impact,Experience-led impact,₹1Cr+,Value Mobilised,For social programs,"The work represented by Karta Initiative India Foundation shows how focused community action can create trust, dignity and practical support for families.",Community Member,Delhi,CEO & Board Member,"Aparna Choudhary is associated with Karta Initiative India Foundation as CEO & Board Member, helping strengthen partnerships, visibility and community imp...",Program Coordinator,Community Programs,"Coordinates local outreach, volunteer support and program delivery for communities connected with Karta Initiative India Foundation.",Impact Lead,Partnerships & Reporting,"Supports donor communication, impact storytelling and transparent reporting for social programs.",hello@karta-initiative-india-foundation.org,,Greater Delhi Area,https://www.linkedin.com/in/ACwAAAOJj-UBcqxLa6cWlKnsMasOHbtC6jFHxU0,client-batch-1,ready,Aparna Choudhary,https://www.linkedin.com/in/ACwAAAOJj-UBcqxLa6cWlKnsMasOHbtC6jFHxU0,https://media.licdn.com/dms/image/v2/D5603AQHZhvsKm2Ku-g/profile-displayphoto-scale_200_200/B56Zo1bZcBHAAY-/0/1761832967926?e=1780531200&v=beta&t=uqbkLO17SNuqXYjnm_hElfp5d89LhtCREzciIK2EDKE,https://media.licdn.com/dms/image/v2/D5616AQHVTMWvZpShfw/profile-displaybackgroundimage-shrink_200_800/B56Zo1dTe4JkAU-/0/1761833467294?e=1780531200&v=beta&t=szYTWO4ZPmzicVhaDiwvr08yXFgHApq927dg81jxT2I
university-of-york-mumbai,University of York Mumbai,"Community-led impact, dignity and development for underserved families.","Mumbai, Maharashtra, India",2018,"Building Community Impact,",One Life at a Time.,"University of York Mumbai is presented as a premium NGO website concept focused on community development, dignity and grassroots change for communities in Mumbai.","University of York Mumbai focuses on community development, dignity and grassroots change through community-led programs, partnerships and on-ground outreach in Mumbai. This website concept presents the mission, impact, team and donation journey in a premium digital format.",Support This Cause ₹,#071b14,#1c3a2f,#c7a646,https://images.unsplash.com/photo-1524492412937-b28074a5d7da?auto=format&fit=crop&w=1920&q=80,,Community Outreach,FIELD PROGRAMS,"Grassroots outreach, awareness drives and local partnerships that connect families with practical support.",https://images.unsplash.com/photo-1551731409-43eb3e517a1a?auto=format&fit=crop&w=900&q=80,Education Support,EDUCATION,"Learning support, mentoring and school-readiness programs for children from underserved communities.",https://images.unsplash.com/photo-1594608661623-aa0bd3a69799?auto=format&fit=crop&w=900&q=80,Health & Wellness Camps,HEALTHCARE,"Preventive health camps, awareness sessions and referral support for vulnerable families.",https://images.unsplash.com/photo-1631815588090-d4bfec5b1ccb?auto=format&fit=crop&w=900&q=80,Livelihood & Skills,EMPOWERMENT,"Skill-building, self-reliance and livelihood support designed to help communities move forward.",https://images.unsplash.com/photo-1611702700098-dec597b27d9d?auto=format&fit=crop&w=900&q=80,"10,000+",Lives Reached,Across Mumbai communities,75+,Community Drives,Community-led programs,12+,Years of Impact,Experience-led impact,₹1Cr+,Value Mobilised,For social programs,"The work represented by University of York Mumbai shows how focused community action can create trust, dignity and practical support for families.",Community Member,Mumbai,Provost,"Lindsay G Oades PhD is associated with University of York Mumbai as Provost, helping strengthen partnerships, visibility and community impact across Mumba...",Program Coordinator,Community Programs,"Coordinates local outreach, volunteer support and program delivery for communities connected with University of York Mumbai.",Impact Lead,Partnerships & Reporting,"Supports donor communication, impact storytelling and transparent reporting for social programs.",hello@university-of-york-mumbai.org,,"Mumbai, Maharashtra, India",https://www.linkedin.com/in/ACwAAAPvFa8B6qlbzHIQF0nLU1RHMjPDvE5qQS4,client-batch-1,ready,Lindsay G Oades PhD,https://www.linkedin.com/in/ACwAAAPvFa8B6qlbzHIQF0nLU1RHMjPDvE5qQS4,https://media.licdn.com/dms/image/v2/D5603AQHFWPy7uG6jag/profile-displayphoto-scale_200_200/B56ZqwBOTOI4AY-/0/1763889703311?e=1780531200&v=beta&t=YhxwzED_fcOFlsa_40eBxEIh4rCt7-eFTqhFISHkSB0,https://media.licdn.com/dms/image/v2/D5616AQE57lmzB_sdyg/profile-displaybackgroundimage-shrink_200_800/B56ZveQDwTJ8AU-/0/1768960310961?e=1780531200&v=beta&t=xAbSyC18cGoWHOYCkhQGkIva78NNwWAGUXS_dDdcQpQ
purva-foundation,Purva Foundation,"Community-led impact, dignity and development for underserved families.","Meerut, Uttar Pradesh, India",2022,"Building Community Impact,",One Life at a Time.,"Purva Foundation is presented as a premium NGO website concept focused on community development, dignity and grassroots change for communities in Meerut.","Purva Foundation focuses on community development, dignity and grassroots change through community-led programs, partnerships and on-ground outreach in Meerut. This website concept presents the mission, impact, team and donation journey in a premium digital format.",Support This Cause ₹,#051f1a,#14352c,#e0bd55,https://images.unsplash.com/photo-1524492412937-b28074a5d7da?auto=format&fit=crop&w=1920&q=80,,Community Outreach,FIELD PROGRAMS,"Grassroots outreach, awareness drives and local partnerships that connect families with practical support.",https://images.unsplash.com/photo-1551731409-43eb3e517a1a?auto=format&fit=crop&w=900&q=80,Education Support,EDUCATION,"Learning support, mentoring and school-readiness programs for children from underserved communities.",https://images.unsplash.com/photo-1594608661623-aa0bd3a69799?auto=format&fit=crop&w=900&q=80,Health & Wellness Camps,HEALTHCARE,"Preventive health camps, awareness sessions and referral support for vulnerable families.",https://images.unsplash.com/photo-1631815588090-d4bfec5b1ccb?auto=format&fit=crop&w=900&q=80,Livelihood & Skills,EMPOWERMENT,"Skill-building, self-reliance and livelihood support designed to help communities move forward.",https://images.unsplash.com/photo-1611702700098-dec597b27d9d?auto=format&fit=crop&w=900&q=80,"10,000+",Lives Reached,Across Meerut communities,75+,Community Drives,Community-led programs,12+,Years of Impact,Experience-led impact,₹1Cr+,Value Mobilised,For social programs,"The work represented by Purva Foundation shows how focused community action can create trust, dignity and practical support for families.",Community Member,Meerut,Founder and President,"Rohit Sangwan is associated with Purva Foundation as Founder and President, helping strengthen partnerships, visibility and community impact across Meerut.",Program Coordinator,Community Programs,"Coordinates local outreach, volunteer support and program delivery for communities connected with Purva Foundation.",Impact Lead,Partnerships & Reporting,"Supports donor communication, impact storytelling and transparent reporting for social programs.",hello@purva-foundation.org,,"Meerut, Uttar Pradesh, India",https://www.linkedin.com/in/ACwAAElITn0BAIlIPr9KBvHQ3G19EWCrCF_tfSk,client-batch-1,ready,Rohit Sangwan,https://www.linkedin.com/in/ACwAAElITn0BAIlIPr9KBvHQ3G19EWCrCF_tfSk,https://media.licdn.com/dms/image/v2/D4E03AQFYFJGOC0fljA/profile-displayphoto-shrink_200_200/profile-displayphoto-shrink_200_200/0/1702308815177?e=1780531200&v=beta&t=hYmRfodccWZpUhkyBKNTlpYAkh_oVgkwlodw2Zh4fIk,https://media.licdn.com/dms/image/v2/D5616AQGIeoB7zi_vrw/profile-displaybackgroundimage-shrink_200_800/B56Zz3ZaqoHwAU-/0/1773677162725?e=1780531200&v=beta&t=oGuHd_HzLPyLhq_74k-6A_saf5fCExLXxFPWSRGR3rI
the-great-indian-dream-foundation,The Great Indian Dream Foundation,"Community-led impact, dignity and development for underserved families.","South Delhi, Delhi, India",2000,"Building Community Impact,",One Life at a Time.,"The Great Indian Dream Foundation is presented as a premium NGO website concept focused on community development, dignity and grassroots change for communities in South Delhi.","The Great Indian Dream Foundation focuses on community development, dignity and grassroots change through community-led programs, partnerships and on-ground outreach in South Delhi. This website concept presents the mission, impact, team and donation journey in a premium digital format.",Support This Cause ₹,#001b13,#0b2d22,#d7b84f,https://images.unsplash.com/photo-1524492412937-b28074a5d7da?auto=format&fit=crop&w=1920&q=80,,Community Outreach,FIELD PROGRAMS,"Grassroots outreach, awareness drives and local partnerships that connect families with practical support.",https://images.unsplash.com/photo-1551731409-43eb3e517a1a?auto=format&fit=crop&w=900&q=80,Education Support,EDUCATION,"Learning support, mentoring and school-readiness programs for children from underserved communities.",https://images.unsplash.com/photo-1594608661623-aa0bd3a69799?auto=format&fit=crop&w=900&q=80,Health & Wellness Camps,HEALTHCARE,"Preventive health camps, awareness sessions and referral support for vulnerable families.",https://images.unsplash.com/photo-1631815588090-d4bfec5b1ccb?auto=format&fit=crop&w=900&q=80,Livelihood & Skills,EMPOWERMENT,"Skill-building, self-reliance and livelihood support designed to help communities move forward.",https://images.unsplash.com/photo-1611702700098-dec597b27d9d?auto=format&fit=crop&w=900&q=80,"10,000+",Lives Reached,Across South Delhi communities,75+,Community Drives,Community-led programs,12+,Years of Impact,Experience-led impact,₹1Cr+,Value Mobilised,For social programs,"The work represented by The Great Indian Dream Foundation shows how focused community action can create trust, dignity and practical support for families.",Community Member,South Delhi,"Philanthropic Founder & Chief Humanitarian Visionary, Aurobindo Chaudhuri Memorial GIDF","Dr. Arindam Chaudhuri is associated with The Great Indian Dream Foundation as Philanthropic Founder & Chief Humanitarian Visionary, Aurobindo Chaudhuri Me...",Program Coordinator,Community Programs,"Coordinates local outreach, volunteer support and program delivery for communities connected with The Great Indian Dream Foundation.",Impact Lead,Partnerships & Reporting,"Supports donor communication, impact storytelling and transparent reporting for social programs.",hello@the-great-indian-dream-foundation.org,,"South Delhi, Delhi, India",https://www.linkedin.com/in/ACwAAAL3S6EB6WgX60zst8QAx-e2mqYLOReWezw,client-batch-1,ready,Dr. Arindam Chaudhuri,https://www.linkedin.com/in/ACwAAAL3S6EB6WgX60zst8QAx-e2mqYLOReWezw,https://media.licdn.com/dms/image/v2/D5603AQEJBiOjzf-O5A/profile-displayphoto-shrink_800_800/B56ZdAVSsMG0Ak-/0/1749131017212?e=1780531200&v=beta&t=fND3-gV-gHX4R3MyVGoQh77rxlMIj8DRshYSnl7T7ek,https://media.licdn.com/dms/image/v2/C4D16AQGM0QcmyIFSHw/profile-displaybackgroundimage-shrink_200_800/profile-displaybackgroundimage-shrink_200_800/0/1622721768561?e=1780531200&v=beta&t=LuNkhCds3LCz9oKf32Ej1mY3qqwWsP0bBIGHemAkDIU
terra-techcom-pvt-ltd,Terra Techcom Pvt. Ltd.,"Community-led impact, dignity and development for underserved families.","Delhi, India",2014,"Building Community Impact,",One Life at a Time.,"Terra Techcom Pvt. Ltd. is presented as a premium NGO website concept focused on community development, dignity and grassroots change for communities in Delhi.","Terra Techcom Pvt. Ltd. focuses on community development, dignity and grassroots change through community-led programs, partnerships and on-ground outreach in Delhi. This website concept presents the mission, impact, team and donation journey in a premium digital format.",Support This Cause ₹,#051f1a,#14352c,#e0bd55,https://images.unsplash.com/photo-1524492412937-b28074a5d7da?auto=format&fit=crop&w=1920&q=80,,Community Outreach,FIELD PROGRAMS,"Grassroots outreach, awareness drives and local partnerships that connect families with practical support.",https://images.unsplash.com/photo-1551731409-43eb3e517a1a?auto=format&fit=crop&w=900&q=80,Education Support,EDUCATION,"Learning support, mentoring and school-readiness programs for children from underserved communities.",https://images.unsplash.com/photo-1594608661623-aa0bd3a69799?auto=format&fit=crop&w=900&q=80,Health & Wellness Camps,HEALTHCARE,"Preventive health camps, awareness sessions and referral support for vulnerable families.",https://images.unsplash.com/photo-1631815588090-d4bfec5b1ccb?auto=format&fit=crop&w=900&q=80,Livelihood & Skills,EMPOWERMENT,"Skill-building, self-reliance and livelihood support designed to help communities move forward.",https://images.unsplash.com/photo-1611702700098-dec597b27d9d?auto=format&fit=crop&w=900&q=80,"10,000+",Lives Reached,Across Delhi communities,75+,Community Drives,Community-led programs,12+,Years of Impact,Experience-led impact,₹1Cr+,Value Mobilised,For social programs,"The work represented by Terra Techcom Pvt. Ltd. shows how focused community action can create trust, dignity and practical support for families.",Community Member,Delhi,Managing Director,"Bijender Goel is associated with Terra Techcom Pvt. Ltd. as Managing Director, helping strengthen partnerships, visibility and community impact across Del...",Program Coordinator,Community Programs,"Coordinates local outreach, volunteer support and program delivery for communities connected with Terra Techcom Pvt. Ltd..",Impact Lead,Partnerships & Reporting,"Supports donor communication, impact storytelling and transparent reporting for social programs.",hello@terra-techcom-pvt-ltd.org,,"Delhi, India",https://www.linkedin.com/in/ACwAAARxeIcB9zZYMuvT6Zkli6r4upbH1ISmbMY,client-batch-1,ready,Bijender Goel,https://www.linkedin.com/in/ACwAAARxeIcB9zZYMuvT6Zkli6r4upbH1ISmbMY,https://media.licdn.com/dms/image/v2/C4D03AQEw5AaNkRS1sw/profile-displayphoto-shrink_200_200/profile-displayphoto-shrink_200_200/0/1629045749648?e=1780531200&v=beta&t=QME773hfGVTfUggOgmk7GP_xdJSwLlhwsHnL6hMtYVQ,https://media.licdn.com/dms/image/v2/D5616AQG0FlEbW8F8Kg/profile-displaybackgroundimage-shrink_200_800/B56ZrfFXwgMIAY-/0/1764679320681?e=1780531200&v=beta&t=BrXmsQY9wnaw_h4bIxlgQewn1iUIp2HuphgXBnvqOvk
michael-susan-dell-foundation-india,"Michael & Susan Dell Foundation, India","Community-led impact, dignity and development for underserved families.","Delhi, India",2016,"Building Community Impact,",One Life at a Time.,"Michael & Susan Dell Foundation, India is presented as a premium NGO website concept focused on community development, dignity and grassroots change for communities in Delhi.","Michael & Susan Dell Foundation, India focuses on community development, dignity and grassroots change through community-led programs, partnerships and on-ground outreach in Delhi. This website concept presents the mission, impact, team and donation journey in a premium digital format.",Support This Cause ₹,#051f1a,#14352c,#e0bd55,https://images.unsplash.com/photo-1524492412937-b28074a5d7da?auto=format&fit=crop&w=1920&q=80,,Community Outreach,FIELD PROGRAMS,"Grassroots outreach, awareness drives and local partnerships that connect families with practical support.",https://images.unsplash.com/photo-1551731409-43eb3e517a1a?auto=format&fit=crop&w=900&q=80,Education Support,EDUCATION,"Learning support, mentoring and school-readiness programs for children from underserved communities.",https://images.unsplash.com/photo-1594608661623-aa0bd3a69799?auto=format&fit=crop&w=900&q=80,Health & Wellness Camps,HEALTHCARE,"Preventive health camps, awareness sessions and referral support for vulnerable families.",https://images.unsplash.com/photo-1631815588090-d4bfec5b1ccb?auto=format&fit=crop&w=900&q=80,Livelihood & Skills,EMPOWERMENT,"Skill-building, self-reliance and livelihood support designed to help communities move forward.",https://images.unsplash.com/photo-1611702700098-dec597b27d9d?auto=format&fit=crop&w=900&q=80,"10,000+",Lives Reached,Across Delhi communities,75+,Community Drives,Community-led programs,12+,Years of Impact,Experience-led impact,₹1Cr+,Value Mobilised,For social programs,"The work represented by Michael & Susan Dell Foundation, India shows how focused community action can create trust, dignity and practical support for families.",Community Member,Delhi,Head of University Success,"Gaurav Jain is associated with Michael & Susan Dell Foundation, India as Head of University Success, helping strengthen partnerships, visibility and commu...",Program Coordinator,Community Programs,"Coordinates local outreach, volunteer support and program delivery for communities connected with Michael & Susan Dell Foundation, India.",Impact Lead,Partnerships & Reporting,"Supports donor communication, impact storytelling and transparent reporting for social programs.",hello@michael-susan-dell-foundation-india.org,,"Delhi, India",https://www.linkedin.com/in/ACwAAArlrwIBTE0M7kyxFxhjtHAmUh-9lRAsz48,client-batch-1,ready,Gaurav Jain,https://www.linkedin.com/in/ACwAAArlrwIBTE0M7kyxFxhjtHAmUh-9lRAsz48,https://media.licdn.com/dms/image/v2/C5103AQF9aCN8IOxTnA/profile-displayphoto-shrink_400_400/profile-displayphoto-shrink_400_400/0/1570260131470?e=1780531200&v=beta&t=S-4LRBhZAoW1fgXnq-AlXbX7YszreezanjfWCTLOxuA,
winpe,Winpe,"Community-led impact, dignity and development for underserved families.","Gurugram, Haryana, India",2025,"Building Community Impact,",One Life at a Time.,"Winpe is presented as a premium NGO website concept focused on community development, dignity and grassroots change for communities in Gurugram.","Winpe focuses on community development, dignity and grassroots change through community-led programs, partnerships and on-ground outreach in Gurugram. This website concept presents the mission, impact, team and donation journey in a premium digital format.",Support This Cause ₹,#001b13,#0b2d22,#d7b84f,https://images.unsplash.com/photo-1524492412937-b28074a5d7da?auto=format&fit=crop&w=1920&q=80,,Community Outreach,FIELD PROGRAMS,"Grassroots outreach, awareness drives and local partnerships that connect families with practical support.",https://images.unsplash.com/photo-1551731409-43eb3e517a1a?auto=format&fit=crop&w=900&q=80,Education Support,EDUCATION,"Learning support, mentoring and school-readiness programs for children from underserved communities.",https://images.unsplash.com/photo-1594608661623-aa0bd3a69799?auto=format&fit=crop&w=900&q=80,Health & Wellness Camps,HEALTHCARE,"Preventive health camps, awareness sessions and referral support for vulnerable families.",https://images.unsplash.com/photo-1631815588090-d4bfec5b1ccb?auto=format&fit=crop&w=900&q=80,Livelihood & Skills,EMPOWERMENT,"Skill-building, self-reliance and livelihood support designed to help communities move forward.",https://images.unsplash.com/photo-1611702700098-dec597b27d9d?auto=format&fit=crop&w=900&q=80,"10,000+",Lives Reached,Across Gurugram communities,75+,Community Drives,Community-led programs,12+,Years of Impact,Experience-led impact,₹1Cr+,Value Mobilised,For social programs,"The work represented by Winpe shows how focused community action can create trust, dignity and practical support for families.",Community Member,Gurugram,Director- Partnerships & Operations,"Tina Ahluwalia is associated with Winpe as Director- Partnerships & Operations, helping strengthen partnerships, visibility and community impact across Gu...",Program Coordinator,Community Programs,"Coordinates local outreach, volunteer support and program delivery for communities connected with Winpe.",Impact Lead,Partnerships & Reporting,"Supports donor communication, impact storytelling and transparent reporting for social programs.",hello@winpe.org,,"Gurugram, Haryana, India",https://www.linkedin.com/in/ACwAAAFUM4EBoWQNnexf8g0aahvljJwIhdjdj2g,client-batch-1,ready,Tina Ahluwalia,https://www.linkedin.com/in/ACwAAAFUM4EBoWQNnexf8g0aahvljJwIhdjdj2g,https://media.licdn.com/dms/image/v2/D5603AQEmqNvtCP23PQ/profile-displayphoto-shrink_200_200/B56ZN9bLySGcAY-/0/1732976100953?e=1780531200&v=beta&t=TIJI_QABokiQQ0t4PagXdtRdTjj8aY9SOFHchX2Y3Yg,https://media.licdn.com/dms/image/v2/D5616AQGvY7-xYoV-rg/profile-displaybackgroundimage-shrink_200_800/profile-displaybackgroundimage-shrink_200_800/0/1732639579364?e=1780531200&v=beta&t=pr2GukX9cw0XmYYFYoIG5g6OKtApvfVouWXqZgsFOpM
apni-shala,Apni Shala,"Community-led impact, dignity and development for underserved families.","Mumbai, Maharashtra, India",2020,"Building Community Impact,",One Life at a Time.,"Apni Shala is presented as a premium NGO website concept focused on community development, dignity and grassroots change for communities in Mumbai.","Apni Shala focuses on community development, dignity and grassroots change through community-led programs, partnerships and on-ground outreach in Mumbai. This website concept presents the mission, impact, team and donation journey in a premium digital format.",Support This Cause ₹,#071b14,#1c3a2f,#c7a646,https://images.unsplash.com/photo-1524492412937-b28074a5d7da?auto=format&fit=crop&w=1920&q=80,,Community Outreach,FIELD PROGRAMS,"Grassroots outreach, awareness drives and local partnerships that connect families with practical support.",https://images.unsplash.com/photo-1551731409-43eb3e517a1a?auto=format&fit=crop&w=900&q=80,Education Support,EDUCATION,"Learning support, mentoring and school-readiness programs for children from underserved communities.",https://images.unsplash.com/photo-1594608661623-aa0bd3a69799?auto=format&fit=crop&w=900&q=80,Health & Wellness Camps,HEALTHCARE,"Preventive health camps, awareness sessions and referral support for vulnerable families.",https://images.unsplash.com/photo-1631815588090-d4bfec5b1ccb?auto=format&fit=crop&w=900&q=80,Livelihood & Skills,EMPOWERMENT,"Skill-building, self-reliance and livelihood support designed to help communities move forward.",https://images.unsplash.com/photo-1611702700098-dec597b27d9d?auto=format&fit=crop&w=900&q=80,"10,000+",Lives Reached,Across Mumbai communities,75+,Community Drives,Community-led programs,12+,Years of Impact,Experience-led impact,₹1Cr+,Value Mobilised,For social programs,"The work represented by Apni Shala shows how focused community action can create trust, dignity and practical support for families.",Community Member,Mumbai,CEO,"Rohit Kumar is associated with Apni Shala as CEO, helping strengthen partnerships, visibility and community impact across Mumbai.",Program Coordinator,Community Programs,"Coordinates local outreach, volunteer support and program delivery for communities connected with Apni Shala.",Impact Lead,Partnerships & Reporting,"Supports donor communication, impact storytelling and transparent reporting for social programs.",hello@apni-shala.org,,"Mumbai, Maharashtra, India",https://www.linkedin.com/in/ACwAABB3lAoBEC-LkrEE7l0sJXqH_j5js0YTbqM,client-batch-1,ready,Rohit Kumar,https://www.linkedin.com/in/ACwAABB3lAoBEC-LkrEE7l0sJXqH_j5js0YTbqM,https://media.licdn.com/dms/image/v2/D4D03AQFCZARJZDBcDA/profile-displayphoto-shrink_800_800/B4DZUQALWpG8Ac-/0/1739730237571?e=1780531200&v=beta&t=VuT5d0QzbiSLB_7rVr25El2Fak3TjcROU-4oAi4WGTs,https://media.licdn.com/dms/image/v2/D4D16AQHeqcuhsJuhAA/profile-displaybackgroundimage-shrink_200_800/profile-displaybackgroundimage-shrink_200_800/0/1676051772659?e=1780531200&v=beta&t=yUhw21Gq_ak4LdMpg-GkZeszYVi6SjNER5I5UQNpwuU
socratus-foundation-for-collective-wisdom,Socratus Foundation for Collective Wisdom,"Community-led impact, dignity and development for underserved families.","New Delhi, Delhi, India",2025,"Building Community Impact,",One Life at a Time.,"Socratus Foundation for Collective Wisdom is presented as a premium NGO website concept focused on community development, dignity and grassroots change for communities in New Delhi.","Socratus Foundation for Collective Wisdom focuses on community development, dignity and grassroots change through community-led programs, partnerships and on-ground outreach in New Delhi. This website concept presents the mission, impact, team and donation journey in a premium digital format.",Support This Cause ₹,#051f1a,#14352c,#e0bd55,https://images.unsplash.com/photo-1524492412937-b28074a5d7da?auto=format&fit=crop&w=1920&q=80,,Community Outreach,FIELD PROGRAMS,"Grassroots outreach, awareness drives and local partnerships that connect families with practical support.",https://images.unsplash.com/photo-1551731409-43eb3e517a1a?auto=format&fit=crop&w=900&q=80,Education Support,EDUCATION,"Learning support, mentoring and school-readiness programs for children from underserved communities.",https://images.unsplash.com/photo-1594608661623-aa0bd3a69799?auto=format&fit=crop&w=900&q=80,Health & Wellness Camps,HEALTHCARE,"Preventive health camps, awareness sessions and referral support for vulnerable families.",https://images.unsplash.com/photo-1631815588090-d4bfec5b1ccb?auto=format&fit=crop&w=900&q=80,Livelihood & Skills,EMPOWERMENT,"Skill-building, self-reliance and livelihood support designed to help communities move forward.",https://images.unsplash.com/photo-1611702700098-dec597b27d9d?auto=format&fit=crop&w=900&q=80,"10,000+",Lives Reached,Across New Delhi communities,75+,Community Drives,Community-led programs,12+,Years of Impact,Experience-led impact,₹1Cr+,Value Mobilised,For social programs,"The work represented by Socratus Foundation for Collective Wisdom shows how focused community action can create trust, dignity and practical support for families.",Community Member,New Delhi,Director Programs & Partnerships,"Preeti Prada Panigrahi is associated with Socratus Foundation for Collective Wisdom as Director Programs & Partnerships, helping strengthen partnerships,...",Program Coordinator,Community Programs,"Coordinates local outreach, volunteer support and program delivery for communities connected with Socratus Foundation for Collective Wisdom.",Impact Lead,Partnerships & Reporting,"Supports donor communication, impact storytelling and transparent reporting for social programs.",hello@socratus-foundation-for-collective-wisdom.org,,"New Delhi, Delhi, India",https://www.linkedin.com/in/ACwAAATdROkBUiLT5idiAWdz4k59jNv_I6cBioE,client-batch-1,ready,Preeti Prada Panigrahi,https://www.linkedin.com/in/ACwAAATdROkBUiLT5idiAWdz4k59jNv_I6cBioE,https://media.licdn.com/dms/image/v2/D5603AQEBp95MjBpmkQ/profile-displayphoto-scale_200_200/B56ZpngvcMJ8Ac-/0/1762673228259?e=1780531200&v=beta&t=_Lo8rHhmk_DkesdqN3icDHICgIMP8gRf4mlD0pivS-k,https://media.licdn.com/dms/image/v2/D5616AQEQPqihg_VTEQ/profile-displaybackgroundimage-shrink_200_800/B56ZppcvldG4AU-/0/1762705736291?e=1780531200&v=beta&t=dYpu4rUw_x8PJXYRlVBWjN96Lgs33Qe0pw45bb4PbTw
ladli-foundation-trust-2,Ladli Foundation Trust,"Supporting women with skills, confidence and stronger livelihood pathways.","New Delhi, Delhi, India",2011,"Empowering Women,",Strengthening Families.,"Ladli Foundation Trust is presented as a premium NGO website concept focused on women empowerment, skills and livelihood support for communities in New Delhi.","Ladli Foundation Trust focuses on women empowerment, skills and livelihood support through community-led programs, partnerships and on-ground outreach in New Delhi. This website concept presents the mission, impact, team and donation journey in a premium digital format.",Support This Cause ₹,#001b13,#0b2d22,#d7b84f,https://images.unsplash.com/photo-1611702700098-dec597b27d9d?auto=format&fit=crop&w=1920&q=80,,Women Skill Circles,EMPOWERMENT,"Skill-building groups that support confidence, income opportunities and self-reliance for women.",https://images.unsplash.com/photo-1551731409-43eb3e517a1a?auto=format&fit=crop&w=900&q=80,Entrepreneurship Support,LIVELIHOOD,"Micro-enterprise guidance, financial awareness and market-readiness support for women-led initiatives.",https://images.unsplash.com/photo-1594608661623-aa0bd3a69799?auto=format&fit=crop&w=900&q=80,Health & Safety Sessions,CARE,"Community sessions focused on health awareness, dignity, safety and access to support systems.",https://images.unsplash.com/photo-1611702700098-dec597b27d9d?auto=format&fit=crop&w=900&q=80,Leadership Groups,LEADERSHIP,Local women leaders and peer networks that create confidence and collective progress.,https://images.unsplash.com/photo-1516627145497-ae6968895b74?auto=format&fit=crop&w=900&q=80,"4,200+",Women Reached,Across New Delhi communities,60+,Skill Circles,Purpose-led progress,35+,Local Mentors,Local support network,300+,Micro Goals,For social programs,"The work represented by Ladli Foundation Trust shows how focused community action can create trust, dignity and practical support for families.",Community Member,New Delhi,Founder and CEO,"Devendra Kumar is associated with Ladli Foundation Trust as Founder and CEO, helping strengthen partnerships, visibility and community impact across New D...",Program Coordinator,Community Programs,"Coordinates local outreach, volunteer support and program delivery for communities connected with Ladli Foundation Trust.",Impact Lead,Partnerships & Reporting,"Supports donor communication, impact storytelling and transparent reporting for social programs.",hello@ladli-foundation-trust-2.org,,"New Delhi, Delhi, India",https://www.linkedin.com/in/ACwAACOe6eUBq1AOf1jhsuGNEv_qcZMQ-QO602E,client-batch-1,ready,Devendra Kumar,https://www.linkedin.com/in/ACwAACOe6eUBq1AOf1jhsuGNEv_qcZMQ-QO602E,https://media.licdn.com/dms/image/v2/D5635AQF2PEsiDdha2w/profile-framedphoto-shrink_800_800/B56ZoKoWHEHUAg-/0/1761114940153?e=1779458400&v=beta&t=vmOS4EBi8ZzxttJLQRMmYB04-ekSmhtrHmoJxGTRf-Y,https://media.licdn.com/dms/image/v2/D4D16AQGCz01k4NXCOw/profile-displaybackgroundimage-shrink_350_1400/profile-displaybackgroundimage-shrink_350_1400/0/1667215049987?e=1780531200&v=beta&t=297Lf7XxGmzyepcVHOB46_Sm6jsTuTc9FtseUI_4gH0
beyond-meds-foundation,Beyond Meds Foundation,"Community-led impact, dignity and development for underserved families.","Ghaziabad, Uttar Pradesh, India",2021,"Building Community Impact,",One Life at a Time.,"Beyond Meds Foundation is presented as a premium NGO website concept focused on community development, dignity and grassroots change for communities in Ghaziabad.","Beyond Meds Foundation focuses on community development, dignity and grassroots change through community-led programs, partnerships and on-ground outreach in Ghaziabad. This website concept presents the mission, impact, team and donation journey in a premium digital format.",Support This Cause ₹,#001b13,#0b2d22,#d7b84f,https://images.unsplash.com/photo-1524492412937-b28074a5d7da?auto=format&fit=crop&w=1920&q=80,,Community Outreach,FIELD PROGRAMS,"Grassroots outreach, awareness drives and local partnerships that connect families with practical support.",https://images.unsplash.com/photo-1551731409-43eb3e517a1a?auto=format&fit=crop&w=900&q=80,Education Support,EDUCATION,"Learning support, mentoring and school-readiness programs for children from underserved communities.",https://images.unsplash.com/photo-1594608661623-aa0bd3a69799?auto=format&fit=crop&w=900&q=80,Health & Wellness Camps,HEALTHCARE,"Preventive health camps, awareness sessions and referral support for vulnerable families.",https://images.unsplash.com/photo-1631815588090-d4bfec5b1ccb?auto=format&fit=crop&w=900&q=80,Livelihood & Skills,EMPOWERMENT,"Skill-building, self-reliance and livelihood support designed to help communities move forward.",https://images.unsplash.com/photo-1611702700098-dec597b27d9d?auto=format&fit=crop&w=900&q=80,"10,000+",Lives Reached,Across Ghaziabad communities,75+,Community Drives,Community-led programs,12+,Years of Impact,Experience-led impact,₹1Cr+,Value Mobilised,For social programs,"The work represented by Beyond Meds Foundation shows how focused community action can create trust, dignity and practical support for families.",Community Member,Ghaziabad,founder & CEO,"Yashika Singh is associated with Beyond Meds Foundation as founder & CEO, helping strengthen partnerships, visibility and community impact across Ghaziaba...",Program Coordinator,Community Programs,"Coordinates local outreach, volunteer support and program delivery for communities connected with Beyond Meds Foundation.",Impact Lead,Partnerships & Reporting,"Supports donor communication, impact storytelling and transparent reporting for social programs.",hello@beyond-meds-foundation.org,,"Ghaziabad, Uttar Pradesh, India",https://www.linkedin.com/in/ACwAADI9CuUBTrYqP78L0rXmR8d8n0ievGeMmA0,client-batch-1,ready,Yashika Singh,https://www.linkedin.com/in/ACwAADI9CuUBTrYqP78L0rXmR8d8n0ievGeMmA0,https://media.licdn.com/dms/image/v2/D5603AQHdK7ddwMzf1g/profile-displayphoto-shrink_200_200/B56ZXd3rRGHEAc-/0/1743184115731?e=1780531200&v=beta&t=jZ3DVnpFNO5F_ZJmTz6ujS8QY4yQihxOlz-GuPuwPVg,
information-sharing-and-analysis-center,Information Sharing And Analysis Center,"Community-led impact, dignity and development for underserved families.","New Delhi, Delhi, India",2021,"Building Community Impact,",One Life at a Time.,"Information Sharing And Analysis Center is presented as a premium NGO website concept focused on community development, dignity and grassroots change for communities in New Delhi.","Information Sharing And Analysis Center focuses on community development, dignity and grassroots change through community-led programs, partnerships and on-ground outreach in New Delhi. This website concept presents the mission, impact, team and donation journey in a premium digital format.",Support This Cause ₹,#071b14,#1c3a2f,#c7a646,https://images.unsplash.com/photo-1524492412937-b28074a5d7da?auto=format&fit=crop&w=1920&q=80,,Community Outreach,FIELD PROGRAMS,"Grassroots outreach, awareness drives and local partnerships that connect families with practical support.",https://images.unsplash.com/photo-1551731409-43eb3e517a1a?auto=format&fit=crop&w=900&q=80,Education Support,EDUCATION,"Learning support, mentoring and school-readiness programs for children from underserved communities.",https://images.unsplash.com/photo-1594608661623-aa0bd3a69799?auto=format&fit=crop&w=900&q=80,Health & Wellness Camps,HEALTHCARE,"Preventive health camps, awareness sessions and referral support for vulnerable families.",https://images.unsplash.com/photo-1631815588090-d4bfec5b1ccb?auto=format&fit=crop&w=900&q=80,Livelihood & Skills,EMPOWERMENT,"Skill-building, self-reliance and livelihood support designed to help communities move forward.",https://images.unsplash.com/photo-1611702700098-dec597b27d9d?auto=format&fit=crop&w=900&q=80,"10,000+",Lives Reached,Across New Delhi communities,75+,Community Drives,Community-led programs,12+,Years of Impact,Experience-led impact,₹1Cr+,Value Mobilised,For social programs,"The work represented by Information Sharing And Analysis Center shows how focused community action can create trust, dignity and practical support for families.",Community Member,New Delhi,Cybercrime Intervention Officer,"Lakshmi Mini is associated with Information Sharing And Analysis Center as Cybercrime Intervention Officer, helping strengthen partnerships, visibility an...",Program Coordinator,Community Programs,"Coordinates local outreach, volunteer support and program delivery for communities connected with Information Sharing And Analysis Center.",Impact Lead,Partnerships & Reporting,"Supports donor communication, impact storytelling and transparent reporting for social programs.",hello@information-sharing-and-analysis-center.org,,"New Delhi, Delhi, India",https://www.linkedin.com/in/ACwAAAS1vooBj0IHYfoXTa0k_PGUrcKhNISro3g,client-batch-1,ready,Lakshmi Mini,https://www.linkedin.com/in/ACwAAAS1vooBj0IHYfoXTa0k_PGUrcKhNISro3g,https://media.licdn.com/dms/image/v2/C5603AQGTL_i2QXh5ug/profile-displayphoto-shrink_200_200/profile-displayphoto-shrink_200_200/0/1619516161747?e=1780531200&v=beta&t=l3hGq_790rRUWUk9p6jh-aM5uSOxqdZStZ-Jz4pXZNk,
blinkit-ai,Blinkit-AI,"Community-led impact, dignity and development for underserved families.","South Delhi, Delhi, India",2019,"Building Community Impact,",One Life at a Time.,"Blinkit-AI is presented as a premium NGO website concept focused on community development, dignity and grassroots change for communities in South Delhi.","Blinkit-AI focuses on community development, dignity and grassroots change through community-led programs, partnerships and on-ground outreach in South Delhi. This website concept presents the mission, impact, team and donation journey in a premium digital format.",Support This Cause ₹,#071b14,#1c3a2f,#c7a646,https://images.unsplash.com/photo-1524492412937-b28074a5d7da?auto=format&fit=crop&w=1920&q=80,,Community Outreach,FIELD PROGRAMS,"Grassroots outreach, awareness drives and local partnerships that connect families with practical support.",https://images.unsplash.com/photo-1551731409-43eb3e517a1a?auto=format&fit=crop&w=900&q=80,Education Support,EDUCATION,"Learning support, mentoring and school-readiness programs for children from underserved communities.",https://images.unsplash.com/photo-1594608661623-aa0bd3a69799?auto=format&fit=crop&w=900&q=80,Health & Wellness Camps,HEALTHCARE,"Preventive health camps, awareness sessions and referral support for vulnerable families.",https://images.unsplash.com/photo-1631815588090-d4bfec5b1ccb?auto=format&fit=crop&w=900&q=80,Livelihood & Skills,EMPOWERMENT,"Skill-building, self-reliance and livelihood support designed to help communities move forward.",https://images.unsplash.com/photo-1611702700098-dec597b27d9d?auto=format&fit=crop&w=900&q=80,"10,000+",Lives Reached,Across South Delhi communities,75+,Community Drives,Community-led programs,12+,Years of Impact,Experience-led impact,₹1Cr+,Value Mobilised,For social programs,"The work represented by Blinkit-AI shows how focused community action can create trust, dignity and practical support for families.",Community Member,South Delhi,Chief Strategy Officer (CSO),"Rahull Jain is associated with Blinkit-AI as Chief Strategy Officer (CSO), helping strengthen partnerships, visibility and community impact across South D...",Program Coordinator,Community Programs,"Coordinates local outreach, volunteer support and program delivery for communities connected with Blinkit-AI.",Impact Lead,Partnerships & Reporting,"Supports donor communication, impact storytelling and transparent reporting for social programs.",hello@blinkit-ai.org,,"South Delhi, Delhi, India",https://www.linkedin.com/in/ACwAAAEUtrYB1w4HDEhVkskHo9arNufyIlK1lQE,client-batch-1,ready,Rahull Jain,https://www.linkedin.com/in/ACwAAAEUtrYB1w4HDEhVkskHo9arNufyIlK1lQE,https://media.licdn.com/dms/image/v2/D5603AQG4NdC_98VL4w/profile-displayphoto-crop_800_800/B56ZmbKQJ8JwAI-/0/1759244781655?e=1780531200&v=beta&t=cBsRbTTQSmvYP9ygSQRrif0UW1fb2pzmpkIH7G470UQ,https://media.licdn.com/dms/image/v2/D4D16AQHTekebWt7Kvw/profile-displaybackgroundimage-shrink_200_800/B4DZpYWjbeGkAY-/0/1762418899374?e=1780531200&v=beta&t=nKukWDKTRVszJc_5hlV6iZYUxwgkPg3hOxBAeWYkfPc
mirai-capital-global,MIRAI Capital Global,"Creating safer, brighter and more supportive futures for children.","New Delhi, Delhi, India",2025,"Protecting Childhood,",Creating Futures.,"MIRAI Capital Global is presented as a premium NGO website concept focused on child welfare, learning and care for communities in New Delhi.","MIRAI Capital Global focuses on child welfare, learning and care through community-led programs, partnerships and on-ground outreach in New Delhi. This website concept presents the mission, impact, team and donation journey in a premium digital format.",Support This Cause ₹,#051f1a,#14352c,#e0bd55,https://images.unsplash.com/photo-1497633762265-9d179a990aa6?auto=format&fit=crop&w=1920&q=80,,Child Learning Support,EDUCATION,"School support, after-class learning and activity-based programs for children who need extra care.",https://images.unsplash.com/photo-1594608661623-aa0bd3a69799?auto=format&fit=crop&w=900&q=80,Child Safety Awareness,PROTECTION,Awareness programs for families and communities focused on child safety and protection.,https://images.unsplash.com/photo-1503676260728-1c00da094a0b?auto=format&fit=crop&w=900&q=80,Nutrition & Wellness,CARE,Basic nutrition awareness and wellness support to help children grow with dignity.,https://images.unsplash.com/photo-1516627145497-ae6968895b74?auto=format&fit=crop&w=900&q=80,Youth Mentoring,MENTORSHIP,Mentorship and confidence-building activities that help young people make better life choices.,https://images.unsplash.com/photo-1521587760476-6c12a4b040da?auto=format&fit=crop&w=900&q=80,"5,500+",Children Reached,Across New Delhi communities,70+,Activity Sessions,Community-led programs,40+,Community Volunteers,Local support network,15+,Safe Spaces,Purpose-led progress,"The work represented by MIRAI Capital Global shows how focused community action can create trust, dignity and practical support for families.",Community Member,New Delhi,Senior Venture Partner,"Jagjeet Singh is associated with MIRAI Capital Global as Senior Venture Partner, helping strengthen partnerships, visibility and community impact across N...",Program Coordinator,Community Programs,"Coordinates local outreach, volunteer support and program delivery for communities connected with MIRAI Capital Global.",Impact Lead,Partnerships & Reporting,"Supports donor communication, impact storytelling and transparent reporting for social programs.",hello@mirai-capital-global.org,,"New Delhi, Delhi, India",https://www.linkedin.com/in/ACwAAA9loAkBeQyUdWo8TDrTjASnQLPVYXx-kfw,client-batch-1,ready,Jagjeet Singh,https://www.linkedin.com/in/ACwAAA9loAkBeQyUdWo8TDrTjASnQLPVYXx-kfw,https://media.licdn.com/dms/image/v2/D5603AQG69fYBd7_dBQ/profile-displayphoto-scale_200_200/B56ZeltJFAH8Ac-/0/1750831765480?e=1780531200&v=beta&t=BwoG4yOGjrJM14Fi5KvgLtLRMTtOLqpqbnCe8ZftoWA,https://media.licdn.com/dms/image/v2/D5616AQG6ubT06kfAHg/profile-displaybackgroundimage-shrink_200_800/B56Zl02JI_HkAY-/0/1758601975265?e=1780531200&v=beta&t=wWdVKwEb2FB5V_IVSkXX6IR-8kFz8FtnQDn4hkLijYw
regreen-comtech,ReGreen Comtech,"Mobilising communities for cleaner, greener and more sustainable local action.",Greater Delhi Area,2015,"Protecting Nature,",Powering Change.,"ReGreen Comtech is presented as a premium NGO website concept focused on environmental awareness, sustainability and community action for communities in Delhi.","ReGreen Comtech focuses on environmental awareness, sustainability and community action through community-led programs, partnerships and on-ground outreach in Delhi. This website concept presents the mission, impact, team and donation journey in a premium digital format.",Support This Cause ₹,#051f1a,#14352c,#e0bd55,https://images.unsplash.com/photo-1524492412937-b28074a5d7da?auto=format&fit=crop&w=1920&q=80,,Clean & Green Drives,ENVIRONMENT,"Community-led cleanliness, tree care and public awareness drives for healthier local spaces.",https://images.unsplash.com/photo-1551731409-43eb3e517a1a?auto=format&fit=crop&w=900&q=80,Water Awareness,SUSTAINABILITY,"Programs that encourage responsible water use, conservation and local environmental responsibility.",https://images.unsplash.com/photo-1611702700098-dec597b27d9d?auto=format&fit=crop&w=900&q=80,Youth Eco Clubs,EDUCATION,Young volunteers learning practical environmental stewardship through school and community activities.,https://images.unsplash.com/photo-1594608661623-aa0bd3a69799?auto=format&fit=crop&w=900&q=80,Community Sustainability,ACTION,Local partnerships that make sustainable habits easier for families and neighborhoods.,https://images.unsplash.com/photo-1521587760476-6c12a4b040da?auto=format&fit=crop&w=900&q=80,"25,000+",Citizens Reached,Across Delhi communities,90+,Clean Drives,Community-led programs,15+,Eco Campaigns,Community-led programs,50+,Local Partners,Local support network,"The work represented by ReGreen Comtech shows how focused community action can create trust, dignity and practical support for families.",Community Member,Delhi,Chief Executive Officer,"Ashish Jaiswal is associated with ReGreen Comtech as Chief Executive Officer, helping strengthen partnerships, visibility and community impact across Delh...",Program Coordinator,Community Programs,"Coordinates local outreach, volunteer support and program delivery for communities connected with ReGreen Comtech.",Impact Lead,Partnerships & Reporting,"Supports donor communication, impact storytelling and transparent reporting for social programs.",hello@regreen-comtech.org,,Greater Delhi Area,https://www.linkedin.com/in/ACwAACzcHxsBvgj5MK6r4eDxMv7tH6qxPpFUOuU,client-batch-1,ready,Ashish Jaiswal,https://www.linkedin.com/in/ACwAACzcHxsBvgj5MK6r4eDxMv7tH6qxPpFUOuU,https://media.licdn.com/dms/image/v2/D5603AQHg7mLvrjNT1w/profile-displayphoto-shrink_800_800/profile-displayphoto-shrink_800_800/0/1677062981910?e=1780531200&v=beta&t=-oInWdFkx-51hQnZHohEfdpKuyvLReReGV451rX0kQ8,https://media.licdn.com/dms/image/v2/D5616AQHKqGyk4UQkrA/profile-displaybackgroundimage-shrink_200_800/profile-displaybackgroundimage-shrink_200_800/0/1677063730153?e=1780531200&v=beta&t=mWO0nNSlsmoVkAZDK6a2ACpTLZE2lG-BtZaV6rK8NKk
abha-healing-foundation,Abha Healing Foundation,"Community-led impact, dignity and development for underserved families.","New Delhi, Delhi, India",2019,"Building Community Impact,",One Life at a Time.,"Abha Healing Foundation is presented as a premium NGO website concept focused on community development, dignity and grassroots change for communities in New Delhi.","Abha Healing Foundation focuses on community development, dignity and grassroots change through community-led programs, partnerships and on-ground outreach in New Delhi. This website concept presents the mission, impact, team and donation journey in a premium digital format.",Support This Cause ₹,#001b13,#0b2d22,#d7b84f,https://images.unsplash.com/photo-1524492412937-b28074a5d7da?auto=format&fit=crop&w=1920&q=80,,Community Outreach,FIELD PROGRAMS,"Grassroots outreach, awareness drives and local partnerships that connect families with practical support.",https://images.unsplash.com/photo-1551731409-43eb3e517a1a?auto=format&fit=crop&w=900&q=80,Education Support,EDUCATION,"Learning support, mentoring and school-readiness programs for children from underserved communities.",https://images.unsplash.com/photo-1594608661623-aa0bd3a69799?auto=format&fit=crop&w=900&q=80,Health & Wellness Camps,HEALTHCARE,"Preventive health camps, awareness sessions and referral support for vulnerable families.",https://images.unsplash.com/photo-1631815588090-d4bfec5b1ccb?auto=format&fit=crop&w=900&q=80,Livelihood & Skills,EMPOWERMENT,"Skill-building, self-reliance and livelihood support designed to help communities move forward.",https://images.unsplash.com/photo-1611702700098-dec597b27d9d?auto=format&fit=crop&w=900&q=80,"10,000+",Lives Reached,Across New Delhi communities,75+,Community Drives,Community-led programs,12+,Years of Impact,Experience-led impact,₹1Cr+,Value Mobilised,For social programs,"The work represented by Abha Healing Foundation shows how focused community action can create trust, dignity and practical support for families.",Community Member,New Delhi,Head of Human Resources Department,"Paakhi Garg is associated with Abha Healing Foundation as Head of Human Resources Department, helping strengthen partnerships, visibility and community im...",Program Coordinator,Community Programs,"Coordinates local outreach, volunteer support and program delivery for communities connected with Abha Healing Foundation.",Impact Lead,Partnerships & Reporting,"Supports donor communication, impact storytelling and transparent reporting for social programs.",hello@abha-healing-foundation.org,,"New Delhi, Delhi, India",https://www.linkedin.com/in/ACwAADZ0troBxU-NF_OR0DRBAipO9HEI-z6ACqI,client-batch-1,ready,Paakhi Garg,https://www.linkedin.com/in/ACwAADZ0troBxU-NF_OR0DRBAipO9HEI-z6ACqI,https://media.licdn.com/dms/image/v2/D5603AQEr57Su737CWg/profile-displayphoto-shrink_800_800/profile-displayphoto-shrink_800_800/0/1720213650393?e=1780531200&v=beta&t=rGiMDM0FmbYUqRTFbDVNiPLdlh5z9p2chZbYKAk_Zg0,
adhigam-youth-foundation,ADHIGAM YOUTH FOUNDATION,"Creating safer, brighter and more supportive futures for children.","Delhi, India",2025,"Protecting Childhood,",Creating Futures.,"ADHIGAM YOUTH FOUNDATION is presented as a premium NGO website concept focused on child welfare, learning and care for communities in Delhi.","ADHIGAM YOUTH FOUNDATION focuses on child welfare, learning and care through community-led programs, partnerships and on-ground outreach in Delhi. This website concept presents the mission, impact, team and donation journey in a premium digital format.",Support This Cause ₹,#051f1a,#14352c,#e0bd55,https://images.unsplash.com/photo-1497633762265-9d179a990aa6?auto=format&fit=crop&w=1920&q=80,,Child Learning Support,EDUCATION,"School support, after-class learning and activity-based programs for children who need extra care.",https://images.unsplash.com/photo-1594608661623-aa0bd3a69799?auto=format&fit=crop&w=900&q=80,Child Safety Awareness,PROTECTION,Awareness programs for families and communities focused on child safety and protection.,https://images.unsplash.com/photo-1503676260728-1c00da094a0b?auto=format&fit=crop&w=900&q=80,Nutrition & Wellness,CARE,Basic nutrition awareness and wellness support to help children grow with dignity.,https://images.unsplash.com/photo-1516627145497-ae6968895b74?auto=format&fit=crop&w=900&q=80,Youth Mentoring,MENTORSHIP,Mentorship and confidence-building activities that help young people make better life choices.,https://images.unsplash.com/photo-1521587760476-6c12a4b040da?auto=format&fit=crop&w=900&q=80,"5,500+",Children Reached,Across Delhi communities,70+,Activity Sessions,Community-led programs,40+,Community Volunteers,Local support network,15+,Safe Spaces,Purpose-led progress,"The work represented by ADHIGAM YOUTH FOUNDATION shows how focused community action can create trust, dignity and practical support for families.",Community Member,Delhi,Director,"Nidhi Mishra is associated with ADHIGAM YOUTH FOUNDATION as Director, helping strengthen partnerships, visibility and community impact across Delhi.",Program Coordinator,Community Programs,"Coordinates local outreach, volunteer support and program delivery for communities connected with ADHIGAM YOUTH FOUNDATION.",Impact Lead,Partnerships & Reporting,"Supports donor communication, impact storytelling and transparent reporting for social programs.",hello@adhigam-youth-foundation.org,,"Delhi, India",https://www.linkedin.com/in/ACwAAFpFfyMB7gSDERinMFGI8Q6v191hEQ5uj08,client-batch-1,ready,Nidhi Mishra,https://www.linkedin.com/in/ACwAAFpFfyMB7gSDERinMFGI8Q6v191hEQ5uj08,https://media.licdn.com/dms/image/v2/D4E03AQElcWlQ69OHIA/profile-displayphoto-scale_200_200/B4EZpBi6..KYAY-/0/1762036266754?e=1780531200&v=beta&t=LaasUgMBshktggIsygN2ebdefxDNeI-KrYNSryMclMM,https://media.licdn.com/dms/image/v2/D4E16AQHznSdKLI7LWg/profile-displaybackgroundimage-shrink_200_800/B4EZpBit4JKcAU-/0/1762036212362?e=1780531200&v=beta&t=_dd6F3r4u7xNA8sCS9adWm-yjMHRe2nrRPNLRVbVhKQ
connecting-dots,Connecting 'DOTS',"Community-led impact, dignity and development for underserved families.","Gurgaon, Haryana, India",2024,"Building Community Impact,",One Life at a Time.,"Connecting 'DOTS' is presented as a premium NGO website concept focused on community development, dignity and grassroots change for communities in Gurgaon.","Connecting 'DOTS' focuses on community development, dignity and grassroots change through community-led programs, partnerships and on-ground outreach in Gurgaon. This website concept presents the mission, impact, team and donation journey in a premium digital format.",Support This Cause ₹,#071b14,#1c3a2f,#c7a646,https://images.unsplash.com/photo-1524492412937-b28074a5d7da?auto=format&fit=crop&w=1920&q=80,,Community Outreach,FIELD PROGRAMS,"Grassroots outreach, awareness drives and local partnerships that connect families with practical support.",https://images.unsplash.com/photo-1551731409-43eb3e517a1a?auto=format&fit=crop&w=900&q=80,Education Support,EDUCATION,"Learning support, mentoring and school-readiness programs for children from underserved communities.",https://images.unsplash.com/photo-1594608661623-aa0bd3a69799?auto=format&fit=crop&w=900&q=80,Health & Wellness Camps,HEALTHCARE,"Preventive health camps, awareness sessions and referral support for vulnerable families.",https://images.unsplash.com/photo-1631815588090-d4bfec5b1ccb?auto=format&fit=crop&w=900&q=80,Livelihood & Skills,EMPOWERMENT,"Skill-building, self-reliance and livelihood support designed to help communities move forward.",https://images.unsplash.com/photo-1611702700098-dec597b27d9d?auto=format&fit=crop&w=900&q=80,"10,000+",Lives Reached,Across Gurgaon communities,75+,Community Drives,Community-led programs,12+,Years of Impact,Experience-led impact,₹1Cr+,Value Mobilised,For social programs,"The work represented by Connecting 'DOTS' shows how focused community action can create trust, dignity and practical support for families.",Community Member,Gurgaon,Founder,"Dr. Neeta Pant is associated with Connecting 'DOTS' as Founder, helping strengthen partnerships, visibility and community impact across Gurgaon.",Program Coordinator,Community Programs,"Coordinates local outreach, volunteer support and program delivery for communities connected with Connecting 'DOTS'.",Impact Lead,Partnerships & Reporting,"Supports donor communication, impact storytelling and transparent reporting for social programs.",hello@connecting-dots.org,,"Gurgaon, Haryana, India",https://www.linkedin.com/in/ACwAAARhuAoBhr_hucVzKtTqIdB-XNVm6EY8kQ8,client-batch-1,ready,Dr. Neeta Pant,https://www.linkedin.com/in/ACwAAARhuAoBhr_hucVzKtTqIdB-XNVm6EY8kQ8,https://media.licdn.com/dms/image/v2/D5603AQHQyj2r2HxpPg/profile-displayphoto-crop_800_800/B56Z3xP3_MKQAI-/0/1777868972050?e=1780531200&v=beta&t=yygXwaQ4KwzWV5JlPQMY1BJwEjUhlbR4eN4j_9BUhaE,https://media.licdn.com/dms/image/v2/D5616AQEF2wUz0sEVKA/profile-displaybackgroundimage-shrink_200_800/B56ZlCtTLbKAAU-/0/1757760796372?e=1780531200&v=beta&t=nkBL9lIXk2aKf80qf28-CGgUDbk4i-TXiCZoeQM6Y1c
environmental-defense-india-foundation,Environmental Defense India Foundation,Making healthcare awareness and support more accessible to communities.,Greater Delhi Area,2023,"Bringing Care Closer,",Healing Communities.,"Environmental Defense India Foundation is presented as a premium NGO website concept focused on healthcare access, awareness and wellness support for communities in Delhi.","Environmental Defense India Foundation focuses on healthcare access, awareness and wellness support through community-led programs, partnerships and on-ground outreach in Delhi. This website concept presents the mission, impact, team and donation journey in a premium digital format.",Support This Cause ₹,#071b14,#1c3a2f,#c7a646,https://images.unsplash.com/photo-1584515933487-779824d29309?auto=format&fit=crop&w=1920&q=80,,Mobile Health Camps,HEALTHCARE,"Community health camps, screenings and basic medical access for families who need timely care.",https://images.unsplash.com/photo-1576091160550-2173dba999ef?auto=format&fit=crop&w=900&q=80,Patient Awareness,AWARENESS,Practical awareness programs that help people identify risks early and seek the right support.,https://images.unsplash.com/photo-1550831107-1553da8c8464?auto=format&fit=crop&w=900&q=80,Care Navigation,SUPPORT,"Guidance, referrals and follow-up support that make the healthcare journey easier for communities.",https://images.unsplash.com/photo-1559757148-5c350d0d3c56?auto=format&fit=crop&w=900&q=80,Community Wellness,WELLNESS,"Preventive care, nutrition awareness and wellness sessions delivered with local participation.",https://images.unsplash.com/photo-1587854692152-cbe660dbde88?auto=format&fit=crop&w=900&q=80,"8,500+",People Supported,Across Delhi communities,120+,Health Camps,Community-led programs,30+,Care Partners,Local support network,18+,Districts Reached,Purpose-led progress,"The work represented by Environmental Defense India Foundation shows how focused community action can create trust, dignity and practical support for families.",Community Member,Delhi,Director,"Hisham Mundol is associated with Environmental Defense India Foundation as Director, helping strengthen partnerships, visibility and community impact acro...",Program Coordinator,Community Programs,"Coordinates local outreach, volunteer support and program delivery for communities connected with Environmental Defense India Foundation.",Impact Lead,Partnerships & Reporting,"Supports donor communication, impact storytelling and transparent reporting for social programs.",hello@environmental-defense-india-foundation.org,,Greater Delhi Area,https://www.linkedin.com/in/ACwAAABHgkoBfZ5wvlWUaxLK60zLBfXqz0MkpDg,client-batch-1,ready,Hisham Mundol,https://www.linkedin.com/in/ACwAAABHgkoBfZ5wvlWUaxLK60zLBfXqz0MkpDg,https://media.licdn.com/dms/image/v2/D5603AQFSS2ybbpH-VA/profile-displayphoto-scale_200_200/B56ZxTAkHbKgAY-/0/1770919184426?e=1780531200&v=beta&t=tzBACRZpNmJ3vAhIQCtCwXA_R4HZfrUyYVR3cy5fi1s,https://media.licdn.com/dms/image/v2/C5116AQH-n3LFwsP8cw/profile-displaybackgroundimage-shrink_200_800/profile-displaybackgroundimage-shrink_200_800/0/1578069517626?e=1780531200&v=beta&t=v2pHkMgkPtRQBaAtEZg8u4ROjyaU7pV6Lqc9Qrno2Uo
sharika-trust,Sharika Trust,"Community-led impact, dignity and development for underserved families.","Gurugram, Haryana, India",2015,"Building Community Impact,",One Life at a Time.,"Sharika Trust is presented as a premium NGO website concept focused on community development, dignity and grassroots change for communities in Gurugram.","Sharika Trust focuses on community development, dignity and grassroots change through community-led programs, partnerships and on-ground outreach in Gurugram. This website concept presents the mission, impact, team and donation journey in a premium digital format.",Support This Cause ₹,#051f1a,#14352c,#e0bd55,https://images.unsplash.com/photo-1524492412937-b28074a5d7da?auto=format&fit=crop&w=1920&q=80,,Community Outreach,FIELD PROGRAMS,"Grassroots outreach, awareness drives and local partnerships that connect families with practical support.",https://images.unsplash.com/photo-1551731409-43eb3e517a1a?auto=format&fit=crop&w=900&q=80,Education Support,EDUCATION,"Learning support, mentoring and school-readiness programs for children from underserved communities.",https://images.unsplash.com/photo-1594608661623-aa0bd3a69799?auto=format&fit=crop&w=900&q=80,Health & Wellness Camps,HEALTHCARE,"Preventive health camps, awareness sessions and referral support for vulnerable families.",https://images.unsplash.com/photo-1631815588090-d4bfec5b1ccb?auto=format&fit=crop&w=900&q=80,Livelihood & Skills,EMPOWERMENT,"Skill-building, self-reliance and livelihood support designed to help communities move forward.",https://images.unsplash.com/photo-1611702700098-dec597b27d9d?auto=format&fit=crop&w=900&q=80,"10,000+",Lives Reached,Across Gurugram communities,75+,Community Drives,Community-led programs,12+,Years of Impact,Experience-led impact,₹1Cr+,Value Mobilised,For social programs,"The work represented by Sharika Trust shows how focused community action can create trust, dignity and practical support for families.",Community Member,Gurugram,Managing Trustee,"Indra Dhar is associated with Sharika Trust as Managing Trustee, helping strengthen partnerships, visibility and community impact across Gurugram.",Program Coordinator,Community Programs,"Coordinates local outreach, volunteer support and program delivery for communities connected with Sharika Trust.",Impact Lead,Partnerships & Reporting,"Supports donor communication, impact storytelling and transparent reporting for social programs.",hello@sharika-trust.org,,"Gurugram, Haryana, India",https://www.linkedin.com/in/ACwAAEivkr0BZJ-wtesu9YogDi3ADMUPYsh89YQ,client-batch-1,ready,Indra Dhar,https://www.linkedin.com/in/ACwAAEivkr0BZJ-wtesu9YogDi3ADMUPYsh89YQ,https://media.licdn.com/dms/image/v2/D5603AQFvQWMJ2FU7eQ/profile-displayphoto-shrink_800_800/profile-displayphoto-shrink_800_800/0/1700290779555?e=1780531200&v=beta&t=XsqUnIU1twr0JQRrRoFd32HFJFuBB8QdzMiSTz-RP4M,https://media.licdn.com/dms/image/v2/D5616AQGoAPKNQ0RwfQ/profile-displaybackgroundimage-shrink_200_800/B56ZemKwLqHQAY-/0/1750839528407?e=1780531200&v=beta&t=hbCyKJds-mfVgUFH4jrsgg_r3YwjxX1XafjgrJRuEzQ
teamlease-foundation,TeamLease Foundation,"Community-led impact, dignity and development for underserved families.","Delhi, India",2025,"Building Community Impact,",One Life at a Time.,"TeamLease Foundation is presented as a premium NGO website concept focused on community development, dignity and grassroots change for communities in Delhi.","TeamLease Foundation focuses on community development, dignity and grassroots change through community-led programs, partnerships and on-ground outreach in Delhi. This website concept presents the mission, impact, team and donation journey in a premium digital format.",Support This Cause ₹,#071b14,#1c3a2f,#c7a646,https://images.unsplash.com/photo-1524492412937-b28074a5d7da?auto=format&fit=crop&w=1920&q=80,,Community Outreach,FIELD PROGRAMS,"Grassroots outreach, awareness drives and local partnerships that connect families with practical support.",https://images.unsplash.com/photo-1551731409-43eb3e517a1a?auto=format&fit=crop&w=900&q=80,Education Support,EDUCATION,"Learning support, mentoring and school-readiness programs for children from underserved communities.",https://images.unsplash.com/photo-1594608661623-aa0bd3a69799?auto=format&fit=crop&w=900&q=80,Health & Wellness Camps,HEALTHCARE,"Preventive health camps, awareness sessions and referral support for vulnerable families.",https://images.unsplash.com/photo-1631815588090-d4bfec5b1ccb?auto=format&fit=crop&w=900&q=80,Livelihood & Skills,EMPOWERMENT,"Skill-building, self-reliance and livelihood support designed to help communities move forward.",https://images.unsplash.com/photo-1611702700098-dec597b27d9d?auto=format&fit=crop&w=900&q=80,"10,000+",Lives Reached,Across Delhi communities,75+,Community Drives,Community-led programs,12+,Years of Impact,Experience-led impact,₹1Cr+,Value Mobilised,For social programs,"The work represented by TeamLease Foundation shows how focused community action can create trust, dignity and practical support for families.",Community Member,Delhi,Chief of Party and Deputy Country Director - Programs,"Mahesh Doddi Srinivas is associated with TeamLease Foundation as Chief of Party and Deputy Country Director - Programs, helping strengthen partnerships, v...",Program Coordinator,Community Programs,"Coordinates local outreach, volunteer support and program delivery for communities connected with TeamLease Foundation.",Impact Lead,Partnerships & Reporting,"Supports donor communication, impact storytelling and transparent reporting for social programs.",hello@teamlease-foundation.org,,"Delhi, India",https://www.linkedin.com/in/ACwAAEggLasBpGNcCSSM4YEKW5LCRcck_2E8ZO4,client-batch-1,ready,Mahesh Doddi Srinivas,https://www.linkedin.com/in/ACwAAEggLasBpGNcCSSM4YEKW5LCRcck_2E8ZO4,https://media.licdn.com/dms/image/v2/D5635AQFxcjNzNux6xw/profile-framedphoto-shrink_800_800/B56Z06oKGwKcAg-/0/1774805099239?e=1779458400&v=beta&t=vcDf9grrQRtc_ku3HUMBWr6IYaIMD36Qp3lJD50V2yI,
madarsa-school-education-foundation,Madarsa School Education Foundation,Helping children and young learners access brighter educational opportunities.,"Delhi, India",2020,"Opening Classrooms,",Unlocking Futures.,"Madarsa School Education Foundation is presented as a premium NGO website concept focused on education access, mentoring and learning support for communities in Delhi.","Madarsa School Education Foundation focuses on education access, mentoring and learning support through community-led programs, partnerships and on-ground outreach in Delhi. This website concept presents the mission, impact, team and donation journey in a premium digital format.",Support This Cause ₹,#051f1a,#14352c,#e0bd55,https://images.unsplash.com/photo-1497633762265-9d179a990aa6?auto=format&fit=crop&w=1920&q=80,,Learning Centers,EDUCATION,"Community learning spaces that help children build confidence, reading skills and school continuity.",https://images.unsplash.com/photo-1503676260728-1c00da094a0b?auto=format&fit=crop&w=900&q=80,Scholarship Support,STUDENT CARE,"Support for students who need guidance, supplies and encouragement to continue their education.",https://images.unsplash.com/photo-1596495578065-6e0763fa1178?auto=format&fit=crop&w=900&q=80,Digital Learning,SKILLS,Digital literacy and practical learning exposure for young learners and first-generation students.,https://images.unsplash.com/photo-1516627145497-ae6968895b74?auto=format&fit=crop&w=900&q=80,Mentor Network,GUIDANCE,Volunteer mentoring and local role models who help students plan stronger futures.,https://images.unsplash.com/photo-1521587760476-6c12a4b040da?auto=format&fit=crop&w=900&q=80,"6,000+",Learners Supported,Across Delhi communities,80+,Learning Sessions,Community-led programs,25+,Volunteer Mentors,Local support network,92%,Retention Focus,Purpose-led progress,"The work represented by Madarsa School Education Foundation shows how focused community action can create trust, dignity and practical support for families.",Community Member,Delhi,Managing Director,"RJ Ronnie is associated with Madarsa School Education Foundation as Managing Director, helping strengthen partnerships, visibility and community impact ac...",Program Coordinator,Community Programs,"Coordinates local outreach, volunteer support and program delivery for communities connected with Madarsa School Education Foundation.",Impact Lead,Partnerships & Reporting,"Supports donor communication, impact storytelling and transparent reporting for social programs.",hello@madarsa-school-education-foundation.org,,"Delhi, India",https://www.linkedin.com/in/ACwAAB75dSQBZhV-3EmTovnXntU11LiM7U_uBSE,client-batch-1,ready,RJ Ronnie,https://www.linkedin.com/in/ACwAAB75dSQBZhV-3EmTovnXntU11LiM7U_uBSE,https://media.licdn.com/dms/image/v2/D4D03AQEyMx-ro9FScQ/profile-displayphoto-shrink_200_200/profile-displayphoto-shrink_200_200/0/1718218631444?e=1780531200&v=beta&t=j4fehe0A04LuAM4c6_7acNntcAVpnh55YCrKG-pJJsE,https://media.licdn.com/dms/image/v2/D4D16AQGfTEyiDbb7iw/profile-displaybackgroundimage-shrink_200_800/profile-displaybackgroundimage-shrink_200_800/0/1719354522968?e=1780531200&v=beta&t=hGecjA-P-SVjbTXrB8DktYunTikpW_NJcbF3zLUjI-s
you-can-foundation,You Can Foundation,"Community-led impact, dignity and development for underserved families.","Delhi, India",2014,"Building Community Impact,",One Life at a Time.,"You Can Foundation is presented as a premium NGO website concept focused on community development, dignity and grassroots change for communities in Delhi.","You Can Foundation focuses on community development, dignity and grassroots change through community-led programs, partnerships and on-ground outreach in Delhi. This website concept presents the mission, impact, team and donation journey in a premium digital format.",Support This Cause ₹,#001b13,#0b2d22,#d7b84f,https://images.unsplash.com/photo-1524492412937-b28074a5d7da?auto=format&fit=crop&w=1920&q=80,,Community Outreach,FIELD PROGRAMS,"Grassroots outreach, awareness drives and local partnerships that connect families with practical support.",https://images.unsplash.com/photo-1551731409-43eb3e517a1a?auto=format&fit=crop&w=900&q=80,Education Support,EDUCATION,"Learning support, mentoring and school-readiness programs for children from underserved communities.",https://images.unsplash.com/photo-1594608661623-aa0bd3a69799?auto=format&fit=crop&w=900&q=80,Health & Wellness Camps,HEALTHCARE,"Preventive health camps, awareness sessions and referral support for vulnerable families.",https://images.unsplash.com/photo-1631815588090-d4bfec5b1ccb?auto=format&fit=crop&w=900&q=80,Livelihood & Skills,EMPOWERMENT,"Skill-building, self-reliance and livelihood support designed to help communities move forward.",https://images.unsplash.com/photo-1611702700098-dec597b27d9d?auto=format&fit=crop&w=900&q=80,"10,000+",Lives Reached,Across Delhi communities,75+,Community Drives,Community-led programs,12+,Years of Impact,Experience-led impact,₹1Cr+,Value Mobilised,For social programs,"The work represented by You Can Foundation shows how focused community action can create trust, dignity and practical support for families.",Community Member,Delhi,Founder & President,"Monis Shamsi is associated with You Can Foundation as Founder & President, helping strengthen partnerships, visibility and community impact across Delhi.",Program Coordinator,Community Programs,"Coordinates local outreach, volunteer support and program delivery for communities connected with You Can Foundation.",Impact Lead,Partnerships & Reporting,"Supports donor communication, impact storytelling and transparent reporting for social programs.",hello@you-can-foundation.org,,"Delhi, India",https://www.linkedin.com/in/ACwAAAeYQR4BH5zL6N2GKv99K9eWqesQqJMg7E8,client-batch-1,ready,Monis Shamsi,https://www.linkedin.com/in/ACwAAAeYQR4BH5zL6N2GKv99K9eWqesQqJMg7E8,https://media.licdn.com/dms/image/v2/D5603AQFW6qrMcH80gw/profile-displayphoto-scale_200_200/B56Z3CzkbXKkAY-/0/1777089793588?e=1780531200&v=beta&t=XACFK4_FYSjygVxYgbAq9nmPKShHSFw8jCfIAYkAjzs,https://media.licdn.com/dms/image/v2/D5616AQFPFfxFC_TuAw/profile-displaybackgroundimage-shrink_350_1400/B56ZbkbdEUHgAY-/0/1747589129770?e=1780531200&v=beta&t=Pu9wSCy59ZYjSsGUisAwEoJ1o6r5fSgc0nQLjj65Z-M
federation-of-indian-professionals,Federation of Indian Professionals,"Community-led impact, dignity and development for underserved families.","Delhi, India",2020,"Building Community Impact,",One Life at a Time.,"Federation of Indian Professionals is presented as a premium NGO website concept focused on community development, dignity and grassroots change for communities in Delhi.","Federation of Indian Professionals focuses on community development, dignity and grassroots change through community-led programs, partnerships and on-ground outreach in Delhi. This website concept presents the mission, impact, team and donation journey in a premium digital format.",Support This Cause ₹,#071b14,#1c3a2f,#c7a646,https://images.unsplash.com/photo-1524492412937-b28074a5d7da?auto=format&fit=crop&w=1920&q=80,,Community Outreach,FIELD PROGRAMS,"Grassroots outreach, awareness drives and local partnerships that connect families with practical support.",https://images.unsplash.com/photo-1551731409-43eb3e517a1a?auto=format&fit=crop&w=900&q=80,Education Support,EDUCATION,"Learning support, mentoring and school-readiness programs for children from underserved communities.",https://images.unsplash.com/photo-1594608661623-aa0bd3a69799?auto=format&fit=crop&w=900&q=80,Health & Wellness Camps,HEALTHCARE,"Preventive health camps, awareness sessions and referral support for vulnerable families.",https://images.unsplash.com/photo-1631815588090-d4bfec5b1ccb?auto=format&fit=crop&w=900&q=80,Livelihood & Skills,EMPOWERMENT,"Skill-building, self-reliance and livelihood support designed to help communities move forward.",https://images.unsplash.com/photo-1611702700098-dec597b27d9d?auto=format&fit=crop&w=900&q=80,"10,000+",Lives Reached,Across Delhi communities,75+,Community Drives,Community-led programs,12+,Years of Impact,Experience-led impact,₹1Cr+,Value Mobilised,For social programs,"The work represented by Federation of Indian Professionals shows how focused community action can create trust, dignity and practical support for families.",Community Member,Delhi,President,"CA GAURAV AGGRAWAL is associated with Federation of Indian Professionals as President, helping strengthen partnerships, visibility and community impact ac...",Program Coordinator,Community Programs,"Coordinates local outreach, volunteer support and program delivery for communities connected with Federation of Indian Professionals.",Impact Lead,Partnerships & Reporting,"Supports donor communication, impact storytelling and transparent reporting for social programs.",hello@federation-of-indian-professionals.org,,"Delhi, India",https://www.linkedin.com/in/ACwAAA3BTBsBFnVjvXTHNii54wpPQKtZzA_QpKE,client-batch-1,ready,CA GAURAV AGGRAWAL,https://www.linkedin.com/in/ACwAAA3BTBsBFnVjvXTHNii54wpPQKtZzA_QpKE,https://media.licdn.com/dms/image/v2/D5603AQGOUOcioH8d5A/profile-displayphoto-shrink_800_800/profile-displayphoto-shrink_800_800/0/1731121480833?e=1780531200&v=beta&t=6Vthfd-zXu6Nh_BhmsbV2-PW6QvdCE1VqlObKpZEsf0,https://media.licdn.com/dms/image/v2/D5616AQEZ2tp0UZUatg/profile-displaybackgroundimage-shrink_200_800/B56Zxv..cAHYAU-/0/1771405310134?e=1780531200&v=beta&t=5Z_GE1p98LciAq3xkCqz7_ctfyspMBhWyNiiTokvVuE
rang-foundation,RANG Foundation,"Community-led impact, dignity and development for underserved families.","Delhi, India",2025,"Building Community Impact,",One Life at a Time.,"RANG Foundation is presented as a premium NGO website concept focused on community development, dignity and grassroots change for communities in Delhi.","RANG Foundation focuses on community development, dignity and grassroots change through community-led programs, partnerships and on-ground outreach in Delhi. This website concept presents the mission, impact, team and donation journey in a premium digital format.",Support This Cause ₹,#051f1a,#14352c,#e0bd55,https://images.unsplash.com/photo-1524492412937-b28074a5d7da?auto=format&fit=crop&w=1920&q=80,,Community Outreach,FIELD PROGRAMS,"Grassroots outreach, awareness drives and local partnerships that connect families with practical support.",https://images.unsplash.com/photo-1551731409-43eb3e517a1a?auto=format&fit=crop&w=900&q=80,Education Support,EDUCATION,"Learning support, mentoring and school-readiness programs for children from underserved communities.",https://images.unsplash.com/photo-1594608661623-aa0bd3a69799?auto=format&fit=crop&w=900&q=80,Health & Wellness Camps,HEALTHCARE,"Preventive health camps, awareness sessions and referral support for vulnerable families.",https://images.unsplash.com/photo-1631815588090-d4bfec5b1ccb?auto=format&fit=crop&w=900&q=80,Livelihood & Skills,EMPOWERMENT,"Skill-building, self-reliance and livelihood support designed to help communities move forward.",https://images.unsplash.com/photo-1611702700098-dec597b27d9d?auto=format&fit=crop&w=900&q=80,"10,000+",Lives Reached,Across Delhi communities,75+,Community Drives,Community-led programs,12+,Years of Impact,Experience-led impact,₹1Cr+,Value Mobilised,For social programs,"The work represented by RANG Foundation shows how focused community action can create trust, dignity and practical support for families.",Community Member,Delhi,Founding Co-Director,"Divyanshu C. is associated with RANG Foundation as Founding Co-Director, helping strengthen partnerships, visibility and community impact across Delhi.",Program Coordinator,Community Programs,"Coordinates local outreach, volunteer support and program delivery for communities connected with RANG Foundation.",Impact Lead,Partnerships & Reporting,"Supports donor communication, impact storytelling and transparent reporting for social programs.",hello@rang-foundation.org,,"Delhi, India",https://www.linkedin.com/in/ACwAABSmmUABRS5yxtRQVYQNh3Pk5gxaZv1umCM,client-batch-1,ready,Divyanshu C.,https://www.linkedin.com/in/ACwAABSmmUABRS5yxtRQVYQNh3Pk5gxaZv1umCM,https://media.licdn.com/dms/image/v2/D5603AQFCSR-nr10WAw/profile-displayphoto-scale_200_200/B56ZkB04Y2HQAY-/0/1756672267717?e=1780531200&v=beta&t=5lItoiJ3zhNPuN2nPgTuDKEIaXwyu5osjWeFnNFk-xc,https://media.licdn.com/dms/image/v2/D5616AQFH5VqZ0pNk1w/profile-displaybackgroundimage-shrink_350_1400/B56ZUSywh.HQAY-/0/1739777068452?e=1780531200&v=beta&t=8Z9IUc0aEhxvkuYztsRTLBxrReKh5ci2rIqG4_pS0h0
abhinandan-educational-welfare-society,Abhinandan Educational & Welfare Society,Helping children and young learners access brighter educational opportunities.,"South Delhi, Delhi, India",2010,"Opening Classrooms,",Unlocking Futures.,"Abhinandan Educational & Welfare Society is presented as a premium NGO website concept focused on education access, mentoring and learning support for communities in South Delhi.","Abhinandan Educational & Welfare Society focuses on education access, mentoring and learning support through community-led programs, partnerships and on-ground outreach in South Delhi. This website concept presents the mission, impact, team and donation journey in a premium digital format.",Support This Cause ₹,#051f1a,#14352c,#e0bd55,https://images.unsplash.com/photo-1497633762265-9d179a990aa6?auto=format&fit=crop&w=1920&q=80,,Learning Centers,EDUCATION,"Community learning spaces that help children build confidence, reading skills and school continuity.",https://images.unsplash.com/photo-1503676260728-1c00da094a0b?auto=format&fit=crop&w=900&q=80,Scholarship Support,STUDENT CARE,"Support for students who need guidance, supplies and encouragement to continue their education.",https://images.unsplash.com/photo-1596495578065-6e0763fa1178?auto=format&fit=crop&w=900&q=80,Digital Learning,SKILLS,Digital literacy and practical learning exposure for young learners and first-generation students.,https://images.unsplash.com/photo-1516627145497-ae6968895b74?auto=format&fit=crop&w=900&q=80,Mentor Network,GUIDANCE,Volunteer mentoring and local role models who help students plan stronger futures.,https://images.unsplash.com/photo-1521587760476-6c12a4b040da?auto=format&fit=crop&w=900&q=80,"6,000+",Learners Supported,Across South Delhi communities,80+,Learning Sessions,Community-led programs,25+,Volunteer Mentors,Local support network,92%,Retention Focus,Purpose-led progress,"The work represented by Abhinandan Educational & Welfare Society shows how focused community action can create trust, dignity and practical support for families.",Community Member,South Delhi,Founder & CEO,"Manisha Bhatia is associated with Abhinandan Educational & Welfare Society as Founder & CEO, helping strengthen partnerships, visibility and community imp...",Program Coordinator,Community Programs,"Coordinates local outreach, volunteer support and program delivery for communities connected with Abhinandan Educational & Welfare Society.",Impact Lead,Partnerships & Reporting,"Supports donor communication, impact storytelling and transparent reporting for social programs.",hello@abhinandan-educational-welfare-society.org,,"South Delhi, Delhi, India",https://www.linkedin.com/in/ACwAAAc1N20BQQuXGw-8lqkJdRqgtWnfPpP_YnA,client-batch-1,ready,Manisha Bhatia,https://www.linkedin.com/in/ACwAAAc1N20BQQuXGw-8lqkJdRqgtWnfPpP_YnA,https://media.licdn.com/dms/image/v2/D5603AQEQozBkQhhODg/profile-displayphoto-crop_800_800/B56ZtFMdFnJ8AQ-/0/1766392452853?e=1780531200&v=beta&t=WYckqg5JXJLZf1N5c5wBKgGqGEZ3i08hrMXvxCiAX-0,https://media.licdn.com/dms/image/v2/D5616AQEMQp_ii-Cq0Q/profile-displaybackgroundimage-shrink_200_800/B56ZtKzIxDIcAk-/0/1766486482477?e=1780531200&v=beta&t=xcnbDrGEdTCGSoyyi7eTsQOZjXl1xadNe54_MHA1ANw
nyast-foundation,Nyast Foundation,"Community-led impact, dignity and development for underserved families.","Delhi, India",2024,"Building Community Impact,",One Life at a Time.,"Nyast Foundation is presented as a premium NGO website concept focused on community development, dignity and grassroots change for communities in Delhi.","Nyast Foundation focuses on community development, dignity and grassroots change through community-led programs, partnerships and on-ground outreach in Delhi. This website concept presents the mission, impact, team and donation journey in a premium digital format.",Support This Cause ₹,#051f1a,#14352c,#e0bd55,https://images.unsplash.com/photo-1524492412937-b28074a5d7da?auto=format&fit=crop&w=1920&q=80,,Community Outreach,FIELD PROGRAMS,"Grassroots outreach, awareness drives and local partnerships that connect families with practical support.",https://images.unsplash.com/photo-1551731409-43eb3e517a1a?auto=format&fit=crop&w=900&q=80,Education Support,EDUCATION,"Learning support, mentoring and school-readiness programs for children from underserved communities.",https://images.unsplash.com/photo-1594608661623-aa0bd3a69799?auto=format&fit=crop&w=900&q=80,Health & Wellness Camps,HEALTHCARE,"Preventive health camps, awareness sessions and referral support for vulnerable families.",https://images.unsplash.com/photo-1631815588090-d4bfec5b1ccb?auto=format&fit=crop&w=900&q=80,Livelihood & Skills,EMPOWERMENT,"Skill-building, self-reliance and livelihood support designed to help communities move forward.",https://images.unsplash.com/photo-1611702700098-dec597b27d9d?auto=format&fit=crop&w=900&q=80,"10,000+",Lives Reached,Across Delhi communities,75+,Community Drives,Community-led programs,12+,Years of Impact,Experience-led impact,₹1Cr+,Value Mobilised,For social programs,"The work represented by Nyast Foundation shows how focused community action can create trust, dignity and practical support for families.",Community Member,Delhi,Founding Board Member,"Kuldeep Yadav is associated with Nyast Foundation as Founding Board Member, helping strengthen partnerships, visibility and community impact across Delhi.",Program Coordinator,Community Programs,"Coordinates local outreach, volunteer support and program delivery for communities connected with Nyast Foundation.",Impact Lead,Partnerships & Reporting,"Supports donor communication, impact storytelling and transparent reporting for social programs.",hello@nyast-foundation.org,,"Delhi, India",https://www.linkedin.com/in/ACwAAFJnpWYBVKilwxHyOouYYG-75IOgar861mk,client-batch-1,ready,Kuldeep Yadav,https://www.linkedin.com/in/ACwAAFJnpWYBVKilwxHyOouYYG-75IOgar861mk,https://media.licdn.com/dms/image/v2/D5635AQE_CJcWeVrcyQ/profile-framedphoto-shrink_800_800/B56Z1_vC5cGwAg-/0/1775964532691?e=1779462000&v=beta&t=BfBOhQFxg9ApSGPmEMcrMyWxW1iPm0tGP9N2cEk_92o,
india-foodbanking-network,India FoodBanking Network,"Community-led impact, dignity and development for underserved families.","Delhi, India",2013,"Building Community Impact,",One Life at a Time.,"India FoodBanking Network is presented as a premium NGO website concept focused on community development, dignity and grassroots change for communities in Delhi.","India FoodBanking Network focuses on community development, dignity and grassroots change through community-led programs, partnerships and on-ground outreach in Delhi. This website concept presents the mission, impact, team and donation journey in a premium digital format.",Support This Cause ₹,#071b14,#1c3a2f,#c7a646,https://images.unsplash.com/photo-1524492412937-b28074a5d7da?auto=format&fit=crop&w=1920&q=80,,Community Outreach,FIELD PROGRAMS,"Grassroots outreach, awareness drives and local partnerships that connect families with practical support.",https://images.unsplash.com/photo-1551731409-43eb3e517a1a?auto=format&fit=crop&w=900&q=80,Education Support,EDUCATION,"Learning support, mentoring and school-readiness programs for children from underserved communities.",https://images.unsplash.com/photo-1594608661623-aa0bd3a69799?auto=format&fit=crop&w=900&q=80,Health & Wellness Camps,HEALTHCARE,"Preventive health camps, awareness sessions and referral support for vulnerable families.",https://images.unsplash.com/photo-1631815588090-d4bfec5b1ccb?auto=format&fit=crop&w=900&q=80,Livelihood & Skills,EMPOWERMENT,"Skill-building, self-reliance and livelihood support designed to help communities move forward.",https://images.unsplash.com/photo-1611702700098-dec597b27d9d?auto=format&fit=crop&w=900&q=80,"10,000+",Lives Reached,Across Delhi communities,75+,Community Drives,Community-led programs,12+,Years of Impact,Experience-led impact,₹1Cr+,Value Mobilised,For social programs,"The work represented by India FoodBanking Network shows how focused community action can create trust, dignity and practical support for families.",Community Member,Delhi,Director,"Vandana Singh is associated with India FoodBanking Network as Director, helping strengthen partnerships, visibility and community impact across Delhi.",Program Coordinator,Community Programs,"Coordinates local outreach, volunteer support and program delivery for communities connected with India FoodBanking Network.",Impact Lead,Partnerships & Reporting,"Supports donor communication, impact storytelling and transparent reporting for social programs.",hello@india-foodbanking-network.org,,"Delhi, India",https://www.linkedin.com/in/ACwAAAzx6kIBwb8vaIpeoPKrlQ9G-9GGhZCoUOw,client-batch-1,ready,Vandana Singh,https://www.linkedin.com/in/ACwAAAzx6kIBwb8vaIpeoPKrlQ9G-9GGhZCoUOw,https://media.licdn.com/dms/image/v2/D5603AQEZMNFSXS-nOg/profile-displayphoto-shrink_200_200/profile-displayphoto-shrink_200_200/0/1719516553930?e=1780531200&v=beta&t=r8Kbn_YX1qRHn_Qas0XQ2B4Z8ZMHrvEuN3KuA_vspQA,https://media.licdn.com/dms/image/v2/D4D16AQGCHERXyGxXNw/profile-displaybackgroundimage-shrink_200_800/B4DZYblY2NGkAc-/0/1744219511798?e=1780531200&v=beta&t=XcpcqGx8F_UhmBytLWoBOWDiEm9mHJ7F0CsgEVb2-a8
ekta-shakti-foundation,Ekta Shakti Foundation,"Community-led impact, dignity and development for underserved families.","New Delhi, Delhi, India",2021,"Building Community Impact,",One Life at a Time.,"Ekta Shakti Foundation is presented as a premium NGO website concept focused on community development, dignity and grassroots change for communities in New Delhi.","Ekta Shakti Foundation focuses on community development, dignity and grassroots change through community-led programs, partnerships and on-ground outreach in New Delhi. This website concept presents the mission, impact, team and donation journey in a premium digital format.",Support This Cause ₹,#071b14,#1c3a2f,#c7a646,https://images.unsplash.com/photo-1524492412937-b28074a5d7da?auto=format&fit=crop&w=1920&q=80,,Community Outreach,FIELD PROGRAMS,"Grassroots outreach, awareness drives and local partnerships that connect families with practical support.",https://images.unsplash.com/photo-1551731409-43eb3e517a1a?auto=format&fit=crop&w=900&q=80,Education Support,EDUCATION,"Learning support, mentoring and school-readiness programs for children from underserved communities.",https://images.unsplash.com/photo-1594608661623-aa0bd3a69799?auto=format&fit=crop&w=900&q=80,Health & Wellness Camps,HEALTHCARE,"Preventive health camps, awareness sessions and referral support for vulnerable families.",https://images.unsplash.com/photo-1631815588090-d4bfec5b1ccb?auto=format&fit=crop&w=900&q=80,Livelihood & Skills,EMPOWERMENT,"Skill-building, self-reliance and livelihood support designed to help communities move forward.",https://images.unsplash.com/photo-1611702700098-dec597b27d9d?auto=format&fit=crop&w=900&q=80,"10,000+",Lives Reached,Across New Delhi communities,75+,Community Drives,Community-led programs,12+,Years of Impact,Experience-led impact,₹1Cr+,Value Mobilised,For social programs,"The work represented by Ekta Shakti Foundation shows how focused community action can create trust, dignity and practical support for families.",Community Member,New Delhi,Chief Executive Officer,"Arun Singh Panwar is associated with Ekta Shakti Foundation as Chief Executive Officer, helping strengthen partnerships, visibility and community impact a...",Program Coordinator,Community Programs,"Coordinates local outreach, volunteer support and program delivery for communities connected with Ekta Shakti Foundation.",Impact Lead,Partnerships & Reporting,"Supports donor communication, impact storytelling and transparent reporting for social programs.",hello@ekta-shakti-foundation.org,,"New Delhi, Delhi, India",https://www.linkedin.com/in/ACwAAAPB0bcB1xAASRgoKMs_ybuw5dtUrg3aQbI,client-batch-1,ready,Arun Singh Panwar,https://www.linkedin.com/in/ACwAAAPB0bcB1xAASRgoKMs_ybuw5dtUrg3aQbI,https://media.licdn.com/dms/image/v2/D5603AQHTyvjiXwdp6w/profile-displayphoto-scale_200_200/B56ZwDwXsGHQAY-/0/1769589539840?e=1780531200&v=beta&t=9jkAYYBL-Ed_89f1kaC2yPPzFHGUIrUBNZwozSmqq7s,https://media.licdn.com/dms/image/v2/C4D16AQE9qRJ5TnJEGQ/profile-displaybackgroundimage-shrink_200_800/profile-displaybackgroundimage-shrink_200_800/0/1609563264401?e=1780531200&v=beta&t=yIDkkH23XqOkH16UbHC5d4RuYOhSF6Oz-GFtZdKosSw
foundation-for-people-centric-health-systems-fphs,Foundation for People-centric Health Systems (FPHS),Making healthcare awareness and support more accessible to communities.,"Delhi, India",2021,"Bringing Care Closer,",Healing Communities.,"Foundation for People-centric Health Systems (FPHS) is presented as a premium NGO website concept focused on healthcare access, awareness and wellness support for communities in Delhi.","Foundation for People-centric Health Systems (FPHS) focuses on healthcare access, awareness and wellness support through community-led programs, partnerships and on-ground outreach in Delhi. This website concept presents the mission, impact, team and donation journey in a premium digital format.",Support This Cause ₹,#051f1a,#14352c,#e0bd55,https://images.unsplash.com/photo-1584515933487-779824d29309?auto=format&fit=crop&w=1920&q=80,,Mobile Health Camps,HEALTHCARE,"Community health camps, screenings and basic medical access for families who need timely care.",https://images.unsplash.com/photo-1576091160550-2173dba999ef?auto=format&fit=crop&w=900&q=80,Patient Awareness,AWARENESS,Practical awareness programs that help people identify risks early and seek the right support.,https://images.unsplash.com/photo-1550831107-1553da8c8464?auto=format&fit=crop&w=900&q=80,Care Navigation,SUPPORT,"Guidance, referrals and follow-up support that make the healthcare journey easier for communities.",https://images.unsplash.com/photo-1559757148-5c350d0d3c56?auto=format&fit=crop&w=900&q=80,Community Wellness,WELLNESS,"Preventive care, nutrition awareness and wellness sessions delivered with local participation.",https://images.unsplash.com/photo-1587854692152-cbe660dbde88?auto=format&fit=crop&w=900&q=80,"8,500+",People Supported,Across Delhi communities,120+,Health Camps,Community-led programs,30+,Care Partners,Local support network,18+,Districts Reached,Purpose-led progress,"The work represented by Foundation for People-centric Health Systems (FPHS) shows how focused community action can create trust, dignity and practical support for families.",Community Member,Delhi,Founder- Director,"Chandrakant Lahariya is associated with Foundation for People-centric Health Systems (FPHS) as Founder- Director, helping strengthen partnerships, visibil...",Program Coordinator,Community Programs,"Coordinates local outreach, volunteer support and program delivery for communities connected with Foundation for People-centric Health Systems (FPHS).",Impact Lead,Partnerships & Reporting,"Supports donor communication, impact storytelling and transparent reporting for social programs.",hello@foundation-for-people-centric-health-systems-fphs.org,,"Delhi, India",https://www.linkedin.com/in/ACwAAAXGyVQBHYni6i3YswT2nuLN3E2G1ooAS4g,client-batch-1,ready,Chandrakant Lahariya,https://www.linkedin.com/in/ACwAAAXGyVQBHYni6i3YswT2nuLN3E2G1ooAS4g,https://media.licdn.com/dms/image/v2/C4D03AQEoIGKpMlSvew/profile-displayphoto-shrink_200_200/profile-displayphoto-shrink_200_200/0/1642992411229?e=1780531200&v=beta&t=uVLGObt6tdBGoNe_PzwdVMfIiu3xqummekBn4Nmk3BA,https://media.licdn.com/dms/image/v2/D5616AQGrC1P529bbsA/profile-displaybackgroundimage-shrink_350_1400/profile-displaybackgroundimage-shrink_350_1400/0/1703569183736?e=1780531200&v=beta&t=qP2eq_IQRiLUyw3heAVEu-wCcNZ1SqRPSztPc3JcGnI
hcw-foundation,Hcw foundation,"Community-led impact, dignity and development for underserved families.","Gurugram, Haryana, India",2024,"Building Community Impact,",One Life at a Time.,"Hcw foundation is presented as a premium NGO website concept focused on community development, dignity and grassroots change for communities in Gurugram.","Hcw foundation focuses on community development, dignity and grassroots change through community-led programs, partnerships and on-ground outreach in Gurugram. This website concept presents the mission, impact, team and donation journey in a premium digital format.",Support This Cause ₹,#071b14,#1c3a2f,#c7a646,https://images.unsplash.com/photo-1524492412937-b28074a5d7da?auto=format&fit=crop&w=1920&q=80,,Community Outreach,FIELD PROGRAMS,"Grassroots outreach, awareness drives and local partnerships that connect families with practical support.",https://images.unsplash.com/photo-1551731409-43eb3e517a1a?auto=format&fit=crop&w=900&q=80,Education Support,EDUCATION,"Learning support, mentoring and school-readiness programs for children from underserved communities.",https://images.unsplash.com/photo-1594608661623-aa0bd3a69799?auto=format&fit=crop&w=900&q=80,Health & Wellness Camps,HEALTHCARE,"Preventive health camps, awareness sessions and referral support for vulnerable families.",https://images.unsplash.com/photo-1631815588090-d4bfec5b1ccb?auto=format&fit=crop&w=900&q=80,Livelihood & Skills,EMPOWERMENT,"Skill-building, self-reliance and livelihood support designed to help communities move forward.",https://images.unsplash.com/photo-1611702700098-dec597b27d9d?auto=format&fit=crop&w=900&q=80,"10,000+",Lives Reached,Across Gurugram communities,75+,Community Drives,Community-led programs,12+,Years of Impact,Experience-led impact,₹1Cr+,Value Mobilised,For social programs,"The work represented by Hcw foundation shows how focused community action can create trust, dignity and practical support for families.",Community Member,Gurugram,Managing Director,"Hanish bajaj Mittal is associated with Hcw foundation as Managing Director, helping strengthen partnerships, visibility and community impact across Gurugr...",Program Coordinator,Community Programs,"Coordinates local outreach, volunteer support and program delivery for communities connected with Hcw foundation.",Impact Lead,Partnerships & Reporting,"Supports donor communication, impact storytelling and transparent reporting for social programs.",hello@hcw-foundation.org,,"Gurugram, Haryana, India",https://www.linkedin.com/in/ACwAAAiHcxkBb1S5tWeGF1ty2o-JRpBZuW_7gWo,client-batch-1,ready,Hanish bajaj Mittal,https://www.linkedin.com/in/ACwAAAiHcxkBb1S5tWeGF1ty2o-JRpBZuW_7gWo,https://media.licdn.com/dms/image/v2/D5603AQGaoXVEsJodLA/profile-displayphoto-shrink_200_200/profile-displayphoto-shrink_200_200/0/1709662311202?e=1780531200&v=beta&t=o4TIh9ISnMQafREzcwckkONHkh4z-_PLXBxLgXtGmx0,
pinkishe,Pinkishe,"Community-led impact, dignity and development for underserved families.","Delhi, India",2018,"Building Community Impact,",One Life at a Time.,"Pinkishe is presented as a premium NGO website concept focused on community development, dignity and grassroots change for communities in Delhi.","Pinkishe focuses on community development, dignity and grassroots change through community-led programs, partnerships and on-ground outreach in Delhi. This website concept presents the mission, impact, team and donation journey in a premium digital format.",Support This Cause ₹,#071b14,#1c3a2f,#c7a646,https://images.unsplash.com/photo-1524492412937-b28074a5d7da?auto=format&fit=crop&w=1920&q=80,,Community Outreach,FIELD PROGRAMS,"Grassroots outreach, awareness drives and local partnerships that connect families with practical support.",https://images.unsplash.com/photo-1551731409-43eb3e517a1a?auto=format&fit=crop&w=900&q=80,Education Support,EDUCATION,"Learning support, mentoring and school-readiness programs for children from underserved communities.",https://images.unsplash.com/photo-1594608661623-aa0bd3a69799?auto=format&fit=crop&w=900&q=80,Health & Wellness Camps,HEALTHCARE,"Preventive health camps, awareness sessions and referral support for vulnerable families.",https://images.unsplash.com/photo-1631815588090-d4bfec5b1ccb?auto=format&fit=crop&w=900&q=80,Livelihood & Skills,EMPOWERMENT,"Skill-building, self-reliance and livelihood support designed to help communities move forward.",https://images.unsplash.com/photo-1611702700098-dec597b27d9d?auto=format&fit=crop&w=900&q=80,"10,000+",Lives Reached,Across Delhi communities,75+,Community Drives,Community-led programs,12+,Years of Impact,Experience-led impact,₹1Cr+,Value Mobilised,For social programs,"The work represented by Pinkishe shows how focused community action can create trust, dignity and practical support for families.",Community Member,Delhi,President,"Arun Gupta is associated with Pinkishe as President, helping strengthen partnerships, visibility and community impact across Delhi.",Program Coordinator,Community Programs,"Coordinates local outreach, volunteer support and program delivery for communities connected with Pinkishe.",Impact Lead,Partnerships & Reporting,"Supports donor communication, impact storytelling and transparent reporting for social programs.",hello@pinkishe.org,,"Delhi, India",https://www.linkedin.com/in/ACwAAACv2qYBZH-3E1TfOdCYv0PUyQgtljs8ujg,client-batch-1,ready,Arun Gupta,https://www.linkedin.com/in/ACwAAACv2qYBZH-3E1TfOdCYv0PUyQgtljs8ujg,https://media.licdn.com/dms/image/v2/D5603AQERJAci7oEARQ/profile-displayphoto-shrink_800_800/B56ZeDepbBG0Ac-/0/1750257539487?e=1780531200&v=beta&t=fhgze1lsg8ToQsTCdMqk9SpndgLjS5Vb8Fx_SFkIJSo,https://media.licdn.com/dms/image/v2/D5616AQFfFS4Vm1o77g/profile-displaybackgroundimage-shrink_200_800/profile-displaybackgroundimage-shrink_200_800/0/1728908412027?e=1780531200&v=beta&t=yO_D6jlN-g3Bm6e7oWRtRRZ02R8G5CO45b8jwhLBJ2I
next-horizon-consulting,Next Horizon Consulting,"Community-led impact, dignity and development for underserved families.","Delhi, India",2016,"Building Community Impact,",One Life at a Time.,"Next Horizon Consulting is presented as a premium NGO website concept focused on community development, dignity and grassroots change for communities in Delhi.","Next Horizon Consulting focuses on community development, dignity and grassroots change through community-led programs, partnerships and on-ground outreach in Delhi. This website concept presents the mission, impact, team and donation journey in a premium digital format.",Support This Cause ₹,#001b13,#0b2d22,#d7b84f,https://images.unsplash.com/photo-1524492412937-b28074a5d7da?auto=format&fit=crop&w=1920&q=80,,Community Outreach,FIELD PROGRAMS,"Grassroots outreach, awareness drives and local partnerships that connect families with practical support.",https://images.unsplash.com/photo-1551731409-43eb3e517a1a?auto=format&fit=crop&w=900&q=80,Education Support,EDUCATION,"Learning support, mentoring and school-readiness programs for children from underserved communities.",https://images.unsplash.com/photo-1594608661623-aa0bd3a69799?auto=format&fit=crop&w=900&q=80,Health & Wellness Camps,HEALTHCARE,"Preventive health camps, awareness sessions and referral support for vulnerable families.",https://images.unsplash.com/photo-1631815588090-d4bfec5b1ccb?auto=format&fit=crop&w=900&q=80,Livelihood & Skills,EMPOWERMENT,"Skill-building, self-reliance and livelihood support designed to help communities move forward.",https://images.unsplash.com/photo-1611702700098-dec597b27d9d?auto=format&fit=crop&w=900&q=80,"10,000+",Lives Reached,Across Delhi communities,75+,Community Drives,Community-led programs,12+,Years of Impact,Experience-led impact,₹1Cr+,Value Mobilised,For social programs,"The work represented by Next Horizon Consulting shows how focused community action can create trust, dignity and practical support for families.",Community Member,Delhi,Senior Consultant,"Prabhkaran Singh is associated with Next Horizon Consulting as Senior Consultant, helping strengthen partnerships, visibility and community impact across...",Program Coordinator,Community Programs,"Coordinates local outreach, volunteer support and program delivery for communities connected with Next Horizon Consulting.",Impact Lead,Partnerships & Reporting,"Supports donor communication, impact storytelling and transparent reporting for social programs.",hello@next-horizon-consulting.org,,"Delhi, India",https://www.linkedin.com/in/ACwAAE_o88sBWM5p5aVSTzmOiqmsV3FiQMA3VJU,client-batch-1,ready,Prabhkaran Singh,https://www.linkedin.com/in/ACwAAE_o88sBWM5p5aVSTzmOiqmsV3FiQMA3VJU,https://media.licdn.com/dms/image/v2/D5603AQH5746_NrwIhg/profile-displayphoto-scale_200_200/B56ZyrOZNFHQAY-/0/1772399204821?e=1780531200&v=beta&t=b7jHZn94dn_tAYadasmBxC_msYQtJvGFV1ZgNNWpqjY,https://media.licdn.com/dms/image/v2/D4E16AQEKZFrI4lBWng/profile-displaybackgroundimage-shrink_350_1400/B4EZZhHMtBHoAY-/0/1745386004559?e=1780531200&v=beta&t=mXXoMkx0rnxifW4jp0YkdS6JRaQp0uTqoJXPJ5oQZjE
dharti-foundation,Dharti Foundation,"Community-led impact, dignity and development for underserved families.","Delhi, India",2016,"Building Community Impact,",One Life at a Time.,"Dharti Foundation is presented as a premium NGO website concept focused on community development, dignity and grassroots change for communities in Delhi.","Dharti Foundation focuses on community development, dignity and grassroots change through community-led programs, partnerships and on-ground outreach in Delhi. This website concept presents the mission, impact, team and donation journey in a premium digital format.",Support This Cause ₹,#071b14,#1c3a2f,#c7a646,https://images.unsplash.com/photo-1524492412937-b28074a5d7da?auto=format&fit=crop&w=1920&q=80,,Community Outreach,FIELD PROGRAMS,"Grassroots outreach, awareness drives and local partnerships that connect families with practical support.",https://images.unsplash.com/photo-1551731409-43eb3e517a1a?auto=format&fit=crop&w=900&q=80,Education Support,EDUCATION,"Learning support, mentoring and school-readiness programs for children from underserved communities.",https://images.unsplash.com/photo-1594608661623-aa0bd3a69799?auto=format&fit=crop&w=900&q=80,Health & Wellness Camps,HEALTHCARE,"Preventive health camps, awareness sessions and referral support for vulnerable families.",https://images.unsplash.com/photo-1631815588090-d4bfec5b1ccb?auto=format&fit=crop&w=900&q=80,Livelihood & Skills,EMPOWERMENT,"Skill-building, self-reliance and livelihood support designed to help communities move forward.",https://images.unsplash.com/photo-1611702700098-dec597b27d9d?auto=format&fit=crop&w=900&q=80,"10,000+",Lives Reached,Across Delhi communities,75+,Community Drives,Community-led programs,12+,Years of Impact,Experience-led impact,₹1Cr+,Value Mobilised,For social programs,"The work represented by Dharti Foundation shows how focused community action can create trust, dignity and practical support for families.",Community Member,Delhi,Founder & President,"Kavi Nishant Bhardwaj Rajput is associated with Dharti Foundation as Founder & President, helping strengthen partnerships, visibility and community impact...",Program Coordinator,Community Programs,"Coordinates local outreach, volunteer support and program delivery for communities connected with Dharti Foundation.",Impact Lead,Partnerships & Reporting,"Supports donor communication, impact storytelling and transparent reporting for social programs.",hello@dharti-foundation.org,,"Delhi, India",https://www.linkedin.com/in/ACwAADW2Q-4BUxhXlDan0rnMm5qss1QzdNfXJDY,client-batch-1,ready,Kavi Nishant Bhardwaj Rajput,https://www.linkedin.com/in/ACwAADW2Q-4BUxhXlDan0rnMm5qss1QzdNfXJDY,https://media.licdn.com/dms/image/v2/D5603AQEm930UUuIHGg/profile-displayphoto-crop_800_800/B56ZlhsKrtKAAI-/0/1758280592799?e=1780531200&v=beta&t=8m2wegYES2mGPaQDibYQcE0FEm9vRjwdscI2OW9FME8,https://media.licdn.com/dms/image/v2/D5616AQGbQ879wpw_bw/profile-displaybackgroundimage-shrink_200_800/B56ZgTKQyJG0AU-/0/1752668115192?e=1780531200&v=beta&t=SO0pW23nGQwcrG7_h64rNMjiqXvGceqQtdq0He0WLkw
nauka-foundation,Nauka Foundation,"Community-led impact, dignity and development for underserved families.","New Delhi, Delhi, India",2018,"Building Community Impact,",One Life at a Time.,"Nauka Foundation is presented as a premium NGO website concept focused on community development, dignity and grassroots change for communities in New Delhi.","Nauka Foundation focuses on community development, dignity and grassroots change through community-led programs, partnerships and on-ground outreach in New Delhi. This website concept presents the mission, impact, team and donation journey in a premium digital format.",Support This Cause ₹,#051f1a,#14352c,#e0bd55,https://images.unsplash.com/photo-1524492412937-b28074a5d7da?auto=format&fit=crop&w=1920&q=80,,Community Outreach,FIELD PROGRAMS,"Grassroots outreach, awareness drives and local partnerships that connect families with practical support.",https://images.unsplash.com/photo-1551731409-43eb3e517a1a?auto=format&fit=crop&w=900&q=80,Education Support,EDUCATION,"Learning support, mentoring and school-readiness programs for children from underserved communities.",https://images.unsplash.com/photo-1594608661623-aa0bd3a69799?auto=format&fit=crop&w=900&q=80,Health & Wellness Camps,HEALTHCARE,"Preventive health camps, awareness sessions and referral support for vulnerable families.",https://images.unsplash.com/photo-1631815588090-d4bfec5b1ccb?auto=format&fit=crop&w=900&q=80,Livelihood & Skills,EMPOWERMENT,"Skill-building, self-reliance and livelihood support designed to help communities move forward.",https://images.unsplash.com/photo-1611702700098-dec597b27d9d?auto=format&fit=crop&w=900&q=80,"10,000+",Lives Reached,Across New Delhi communities,75+,Community Drives,Community-led programs,12+,Years of Impact,Experience-led impact,₹1Cr+,Value Mobilised,For social programs,"The work represented by Nauka Foundation shows how focused community action can create trust, dignity and practical support for families.",Community Member,New Delhi,Director Of Operations,"Dheeraj Kumar is associated with Nauka Foundation as Director Of Operations, helping strengthen partnerships, visibility and community impact across New D...",Program Coordinator,Community Programs,"Coordinates local outreach, volunteer support and program delivery for communities connected with Nauka Foundation.",Impact Lead,Partnerships & Reporting,"Supports donor communication, impact storytelling and transparent reporting for social programs.",hello@nauka-foundation.org,,"New Delhi, Delhi, India",https://www.linkedin.com/in/ACwAACfCKqMB4-chN_B4KP5i5um-AK_e_8JSJQI,client-batch-1,ready,Dheeraj Kumar,https://www.linkedin.com/in/ACwAACfCKqMB4-chN_B4KP5i5um-AK_e_8JSJQI,https://media.licdn.com/dms/image/v2/C4E03AQEJ5ruhL1Axww/profile-displayphoto-shrink_200_200/profile-displayphoto-shrink_200_200/0/1643384483014?e=1780531200&v=beta&t=81FXy56PEB_5rbjTU7QBkPonncJL2nahgl9TKIddoFs,https://media.licdn.com/dms/image/v2/C4E16AQGuqRoaRRa0WQ/profile-displaybackgroundimage-shrink_350_1400/profile-displaybackgroundimage-shrink_350_1400/0/1633797274085?e=1780531200&v=beta&t=8-XxCKToUcvWDr21VqUSY53eBRbajHEh9YuUyS7DpqY
smart-foundation,Smart Foundation,"Community-led impact, dignity and development for underserved families.","New Delhi, Delhi, India",2004,"Building Community Impact,",One Life at a Time.,"Smart Foundation is presented as a premium NGO website concept focused on community development, dignity and grassroots change for communities in New Delhi.","Smart Foundation focuses on community development, dignity and grassroots change through community-led programs, partnerships and on-ground outreach in New Delhi. This website concept presents the mission, impact, team and donation journey in a premium digital format.",Support This Cause ₹,#071b14,#1c3a2f,#c7a646,https://images.unsplash.com/photo-1524492412937-b28074a5d7da?auto=format&fit=crop&w=1920&q=80,,Community Outreach,FIELD PROGRAMS,"Grassroots outreach, awareness drives and local partnerships that connect families with practical support.",https://images.unsplash.com/photo-1551731409-43eb3e517a1a?auto=format&fit=crop&w=900&q=80,Education Support,EDUCATION,"Learning support, mentoring and school-readiness programs for children from underserved communities.",https://images.unsplash.com/photo-1594608661623-aa0bd3a69799?auto=format&fit=crop&w=900&q=80,Health & Wellness Camps,HEALTHCARE,"Preventive health camps, awareness sessions and referral support for vulnerable families.",https://images.unsplash.com/photo-1631815588090-d4bfec5b1ccb?auto=format&fit=crop&w=900&q=80,Livelihood & Skills,EMPOWERMENT,"Skill-building, self-reliance and livelihood support designed to help communities move forward.",https://images.unsplash.com/photo-1611702700098-dec597b27d9d?auto=format&fit=crop&w=900&q=80,"10,000+",Lives Reached,Across New Delhi communities,75+,Community Drives,Community-led programs,12+,Years of Impact,Experience-led impact,₹1Cr+,Value Mobilised,For social programs,"The work represented by Smart Foundation shows how focused community action can create trust, dignity and practical support for families.",Community Member,New Delhi,President,"Ashish kumar Singh is associated with Smart Foundation as President, helping strengthen partnerships, visibility and community impact across New Delhi.",Program Coordinator,Community Programs,"Coordinates local outreach, volunteer support and program delivery for communities connected with Smart Foundation.",Impact Lead,Partnerships & Reporting,"Supports donor communication, impact storytelling and transparent reporting for social programs.",hello@smart-foundation.org,,"New Delhi, Delhi, India",https://www.linkedin.com/in/ACwAAAMZrI0BzKqWaiCVXeoQrQobsx7F0RRc94I,client-batch-1,ready,Ashish kumar Singh,https://www.linkedin.com/in/ACwAAAMZrI0BzKqWaiCVXeoQrQobsx7F0RRc94I,https://media.licdn.com/dms/image/v2/D5603AQGPpu3p99Ef9A/profile-displayphoto-scale_200_200/B56ZuUajyNIcAY-/0/1767721550990?e=1780531200&v=beta&t=ewvg1IdV7s_iBdmzqUzHJFA_SepIxEWyTVUkZNT1KL4,https://media.licdn.com/dms/image/v2/D5616AQEJNHo3VnCA3w/profile-displaybackgroundimage-shrink_200_800/B56ZuUZ__gKcAY-/0/1767721409150?e=1780531200&v=beta&t=kvr5RTndclxvC4faGCut0oI2jIPX-czJsqP5GEBCw5k
yuva-unstoppable,Yuva Unstoppable,"Community-led impact, dignity and development for underserved families.","New Delhi, Delhi, India",2006,"Building Community Impact,",One Life at a Time.,"Yuva Unstoppable is presented as a premium NGO website concept focused on community development, dignity and grassroots change for communities in New Delhi.","Yuva Unstoppable focuses on community development, dignity and grassroots change through community-led programs, partnerships and on-ground outreach in New Delhi. This website concept presents the mission, impact, team and donation journey in a premium digital format.",Support This Cause ₹,#071b14,#1c3a2f,#c7a646,https://images.unsplash.com/photo-1524492412937-b28074a5d7da?auto=format&fit=crop&w=1920&q=80,,Community Outreach,FIELD PROGRAMS,"Grassroots outreach, awareness drives and local partnerships that connect families with practical support.",https://images.unsplash.com/photo-1551731409-43eb3e517a1a?auto=format&fit=crop&w=900&q=80,Education Support,EDUCATION,"Learning support, mentoring and school-readiness programs for children from underserved communities.",https://images.unsplash.com/photo-1594608661623-aa0bd3a69799?auto=format&fit=crop&w=900&q=80,Health & Wellness Camps,HEALTHCARE,"Preventive health camps, awareness sessions and referral support for vulnerable families.",https://images.unsplash.com/photo-1631815588090-d4bfec5b1ccb?auto=format&fit=crop&w=900&q=80,Livelihood & Skills,EMPOWERMENT,"Skill-building, self-reliance and livelihood support designed to help communities move forward.",https://images.unsplash.com/photo-1611702700098-dec597b27d9d?auto=format&fit=crop&w=900&q=80,"10,000+",Lives Reached,Across New Delhi communities,75+,Community Drives,Community-led programs,12+,Years of Impact,Experience-led impact,₹1Cr+,Value Mobilised,For social programs,"The work represented by Yuva Unstoppable shows how focused community action can create trust, dignity and practical support for families.",Community Member,New Delhi,Founder & Chief Inspiration Officer,"Amitabh Shah is associated with Yuva Unstoppable as Founder & Chief Inspiration Officer, helping strengthen partnerships, visibility and community impact...",Program Coordinator,Community Programs,"Coordinates local outreach, volunteer support and program delivery for communities connected with Yuva Unstoppable.",Impact Lead,Partnerships & Reporting,"Supports donor communication, impact storytelling and transparent reporting for social programs.",hello@yuva-unstoppable.org,,"New Delhi, Delhi, India",https://www.linkedin.com/in/ACwAAA_-NrEB5tVDB2CvX_48O-qZo08OvPQmQQk,client-batch-1,ready,Amitabh Shah,https://www.linkedin.com/in/ACwAAA_-NrEB5tVDB2CvX_48O-qZo08OvPQmQQk,https://media.licdn.com/dms/image/v2/D4D03AQGGJnghZZzKkA/profile-displayphoto-shrink_800_800/profile-displayphoto-shrink_800_800/0/1698973131745?e=1780531200&v=beta&t=DBmNVw6Mn3YS0vxtC-u78jL0BYkyaOYaWxGMm8uMVtI,https://media.licdn.com/dms/image/v2/C4E16AQEY9u7d-JBPYw/profile-displaybackgroundimage-shrink_200_800/profile-displaybackgroundimage-shrink_200_800/0/1634964296934?e=1780531200&v=beta&t=j181EJA6LabO4-0lC1DGtsAGXi6mixfGhnPj7Re-NqA
hindu-network-foundation,Hindu Network Foundation,"Community-led impact, dignity and development for underserved families.","Delhi, India",2025,"Building Community Impact,",One Life at a Time.,"Hindu Network Foundation is presented as a premium NGO website concept focused on community development, dignity and grassroots change for communities in Delhi.","Hindu Network Foundation focuses on community development, dignity and grassroots change through community-led programs, partnerships and on-ground outreach in Delhi. This website concept presents the mission, impact, team and donation journey in a premium digital format.",Support This Cause ₹,#001b13,#0b2d22,#d7b84f,https://images.unsplash.com/photo-1524492412937-b28074a5d7da?auto=format&fit=crop&w=1920&q=80,,Community Outreach,FIELD PROGRAMS,"Grassroots outreach, awareness drives and local partnerships that connect families with practical support.",https://images.unsplash.com/photo-1551731409-43eb3e517a1a?auto=format&fit=crop&w=900&q=80,Education Support,EDUCATION,"Learning support, mentoring and school-readiness programs for children from underserved communities.",https://images.unsplash.com/photo-1594608661623-aa0bd3a69799?auto=format&fit=crop&w=900&q=80,Health & Wellness Camps,HEALTHCARE,"Preventive health camps, awareness sessions and referral support for vulnerable families.",https://images.unsplash.com/photo-1631815588090-d4bfec5b1ccb?auto=format&fit=crop&w=900&q=80,Livelihood & Skills,EMPOWERMENT,"Skill-building, self-reliance and livelihood support designed to help communities move forward.",https://images.unsplash.com/photo-1611702700098-dec597b27d9d?auto=format&fit=crop&w=900&q=80,"10,000+",Lives Reached,Across Delhi communities,75+,Community Drives,Community-led programs,12+,Years of Impact,Experience-led impact,₹1Cr+,Value Mobilised,For social programs,"The work represented by Hindu Network Foundation shows how focused community action can create trust, dignity and practical support for families.",Community Member,Delhi,Founder & Board Member,"Rahul Dewan is associated with Hindu Network Foundation as Founder & Board Member, helping strengthen partnerships, visibility and community impact across...",Program Coordinator,Community Programs,"Coordinates local outreach, volunteer support and program delivery for communities connected with Hindu Network Foundation.",Impact Lead,Partnerships & Reporting,"Supports donor communication, impact storytelling and transparent reporting for social programs.",hello@hindu-network-foundation.org,,"Delhi, India",https://www.linkedin.com/in/ACwAAAAIaz4BY5VPEvuG3Z6R28MLSLfTgO-Kw2E,client-batch-1,ready,Rahul Dewan,https://www.linkedin.com/in/ACwAAAAIaz4BY5VPEvuG3Z6R28MLSLfTgO-Kw2E,https://media.licdn.com/dms/image/v2/D5603AQGAzRWZLXidpA/profile-displayphoto-shrink_200_200/B56ZdFQRlYH8Ag-/0/1749213585222?e=1780531200&v=beta&t=MJ9KAy-RTls-Fe0bkpKtIcjArK6r0uAfIk2Vr1i5bRg,https://media.licdn.com/dms/image/v2/C4D16AQGjtpR4Ub1ohg/profile-displaybackgroundimage-shrink_200_800/profile-displaybackgroundimage-shrink_200_800/0/1601958338156?e=1780531200&v=beta&t=hKMDKPe3ndKhblYxo5Le1CZi31bkqtgbMWuBB38O5XM
lung-care-foundation,Lung Care Foundation,"Community-led impact, dignity and development for underserved families.","Delhi, India",2018,"Building Community Impact,",One Life at a Time.,"Lung Care Foundation is presented as a premium NGO website concept focused on community development, dignity and grassroots change for communities in Delhi.","Lung Care Foundation focuses on community development, dignity and grassroots change through community-led programs, partnerships and on-ground outreach in Delhi. This website concept presents the mission, impact, team and donation journey in a premium digital format.",Support This Cause ₹,#071b14,#1c3a2f,#c7a646,https://images.unsplash.com/photo-1524492412937-b28074a5d7da?auto=format&fit=crop&w=1920&q=80,,Community Outreach,FIELD PROGRAMS,"Grassroots outreach, awareness drives and local partnerships that connect families with practical support.",https://images.unsplash.com/photo-1551731409-43eb3e517a1a?auto=format&fit=crop&w=900&q=80,Education Support,EDUCATION,"Learning support, mentoring and school-readiness programs for children from underserved communities.",https://images.unsplash.com/photo-1594608661623-aa0bd3a69799?auto=format&fit=crop&w=900&q=80,Health & Wellness Camps,HEALTHCARE,"Preventive health camps, awareness sessions and referral support for vulnerable families.",https://images.unsplash.com/photo-1631815588090-d4bfec5b1ccb?auto=format&fit=crop&w=900&q=80,Livelihood & Skills,EMPOWERMENT,"Skill-building, self-reliance and livelihood support designed to help communities move forward.",https://images.unsplash.com/photo-1611702700098-dec597b27d9d?auto=format&fit=crop&w=900&q=80,"10,000+",Lives Reached,Across Delhi communities,75+,Community Drives,Community-led programs,12+,Years of Impact,Experience-led impact,₹1Cr+,Value Mobilised,For social programs,"The work represented by Lung Care Foundation shows how focused community action can create trust, dignity and practical support for families.",Community Member,Delhi,Co-Founder & CEO,"Abhishek Kumar is associated with Lung Care Foundation as Co-Founder & CEO, helping strengthen partnerships, visibility and community impact across Delhi.",Program Coordinator,Community Programs,"Coordinates local outreach, volunteer support and program delivery for communities connected with Lung Care Foundation.",Impact Lead,Partnerships & Reporting,"Supports donor communication, impact storytelling and transparent reporting for social programs.",hello@lung-care-foundation.org,,"Delhi, India",https://www.linkedin.com/in/ACwAAA2EVL0BNL_2GTc5ONFDOZdA33OLjHmt6Yg,client-batch-1,ready,Abhishek Kumar,https://www.linkedin.com/in/ACwAAA2EVL0BNL_2GTc5ONFDOZdA33OLjHmt6Yg,https://media.licdn.com/dms/image/v2/D5603AQFApgq4LXdSiw/profile-displayphoto-shrink_800_800/profile-displayphoto-shrink_800_800/0/1714992650291?e=1780531200&v=beta&t=hPnu_pLvJk_Bt-iEFtESZt5XOR83aBelcWR5jnSbObU,https://media.licdn.com/dms/image/v2/D5616AQHsXukd0v7Osw/profile-displaybackgroundimage-shrink_200_800/B56ZweepAUHAAU-/0/1770037875629?e=1780531200&v=beta&t=msoraO719EZozSSuWeuA_K4ExN8Txh5IFdTNwzvHM9U
highflyers-the-international-council-of-atlas-skilltech-university,HighFlyers - The International Council of ATLAS SkillTech University,"Community-led impact, dignity and development for underserved families.","Mumbai, Maharashtra, India",2016,"Building Community Impact,",One Life at a Time.,"HighFlyers - The International Council of ATLAS SkillTech University is presented as a premium NGO website concept focused on community development, dignity and grassroots change for commun...","HighFlyers - The International Council of ATLAS SkillTech University focuses on community development, dignity and grassroots change through community-led programs, partnerships and on-ground outreach in Mumbai. This website concept presents the mission, impact, team and donation journey in a premium digital format.",Support This Cause ₹,#001b13,#0b2d22,#d7b84f,https://images.unsplash.com/photo-1524492412937-b28074a5d7da?auto=format&fit=crop&w=1920&q=80,,Community Outreach,FIELD PROGRAMS,"Grassroots outreach, awareness drives and local partnerships that connect families with practical support.",https://images.unsplash.com/photo-1551731409-43eb3e517a1a?auto=format&fit=crop&w=900&q=80,Education Support,EDUCATION,"Learning support, mentoring and school-readiness programs for children from underserved communities.",https://images.unsplash.com/photo-1594608661623-aa0bd3a69799?auto=format&fit=crop&w=900&q=80,Health & Wellness Camps,HEALTHCARE,"Preventive health camps, awareness sessions and referral support for vulnerable families.",https://images.unsplash.com/photo-1631815588090-d4bfec5b1ccb?auto=format&fit=crop&w=900&q=80,Livelihood & Skills,EMPOWERMENT,"Skill-building, self-reliance and livelihood support designed to help communities move forward.",https://images.unsplash.com/photo-1611702700098-dec597b27d9d?auto=format&fit=crop&w=900&q=80,"10,000+",Lives Reached,Across Mumbai communities,75+,Community Drives,Community-led programs,12+,Years of Impact,Experience-led impact,₹1Cr+,Value Mobilised,For social programs,"The work represented by HighFlyers - The International Council of ATLAS SkillTech University shows how focused community action can create trust, dignity and practical support for families.",Community Member,Mumbai,Senior Director,"Shruti Shinde is associated with HighFlyers - The International Council of ATLAS SkillTech University as Senior Director, helping strengthen partnerships,...",Program Coordinator,Community Programs,"Coordinates local outreach, volunteer support and program delivery for communities connected with HighFlyers - The International Council of ATLAS SkillTech University.",Impact Lead,Partnerships & Reporting,"Supports donor communication, impact storytelling and transparent reporting for social programs.",hello@highflyers-the-international-council-of-atlas-skilltech-university.org,,"Mumbai, Maharashtra, India",https://www.linkedin.com/in/ACwAAEctIk0B-u9UStWsC37vxbC9wWqXtCHXISg,client-batch-1,ready,Shruti Shinde,https://www.linkedin.com/in/ACwAAEctIk0B-u9UStWsC37vxbC9wWqXtCHXISg,https://media.licdn.com/dms/image/v2/D4D35AQFEjZOqbCzhQA/profile-framedphoto-shrink_800_800/B4DZniC0OGGkAg-/0/1760434013429?e=1779462000&v=beta&t=jPKS0FPoY9VDhhFLOtnr8zRviyVp5J-Bmp9ZxMfwVvo,https://media.licdn.com/dms/image/v2/D4D16AQH5eD-co1NOuw/profile-displaybackgroundimage-shrink_200_800/B4DZ12vCKlJQAU-/0/1775813536057?e=1780531200&v=beta&t=Rphj1nxrYt8q3TFKguFWHsBc1rgxlCKKAhAxUudJEew
kannan-animal-welfare,Kannan Animal Welfare,"Community-led impact, dignity and development for underserved families.","Delhi, India",2015,"Building Community Impact,",One Life at a Time.,"Kannan Animal Welfare is presented as a premium NGO website concept focused on community development, dignity and grassroots change for communities in Delhi.","Kannan Animal Welfare focuses on community development, dignity and grassroots change through community-led programs, partnerships and on-ground outreach in Delhi. This website concept presents the mission, impact, team and donation journey in a premium digital format.",Support This Cause ₹,#071b14,#1c3a2f,#c7a646,https://images.unsplash.com/photo-1524492412937-b28074a5d7da?auto=format&fit=crop&w=1920&q=80,,Community Outreach,FIELD PROGRAMS,"Grassroots outreach, awareness drives and local partnerships that connect families with practical support.",https://images.unsplash.com/photo-1551731409-43eb3e517a1a?auto=format&fit=crop&w=900&q=80,Education Support,EDUCATION,"Learning support, mentoring and school-readiness programs for children from underserved communities.",https://images.unsplash.com/photo-1594608661623-aa0bd3a69799?auto=format&fit=crop&w=900&q=80,Health & Wellness Camps,HEALTHCARE,"Preventive health camps, awareness sessions and referral support for vulnerable families.",https://images.unsplash.com/photo-1631815588090-d4bfec5b1ccb?auto=format&fit=crop&w=900&q=80,Livelihood & Skills,EMPOWERMENT,"Skill-building, self-reliance and livelihood support designed to help communities move forward.",https://images.unsplash.com/photo-1611702700098-dec597b27d9d?auto=format&fit=crop&w=900&q=80,"10,000+",Lives Reached,Across Delhi communities,75+,Community Drives,Community-led programs,12+,Years of Impact,Experience-led impact,₹1Cr+,Value Mobilised,For social programs,"The work represented by Kannan Animal Welfare shows how focused community action can create trust, dignity and practical support for families.",Community Member,Delhi,Founder & Director,"Vandana Anchalia is associated with Kannan Animal Welfare as Founder & Director, helping strengthen partnerships, visibility and community impact across D...",Program Coordinator,Community Programs,"Coordinates local outreach, volunteer support and program delivery for communities connected with Kannan Animal Welfare.",Impact Lead,Partnerships & Reporting,"Supports donor communication, impact storytelling and transparent reporting for social programs.",hello@kannan-animal-welfare.org,,"Delhi, India",https://www.linkedin.com/in/ACwAABWA4I4Bn-a5fltSOB1exvJsmi65eWleXNY,client-batch-1,ready,Vandana Anchalia,https://www.linkedin.com/in/ACwAABWA4I4Bn-a5fltSOB1exvJsmi65eWleXNY,https://media.licdn.com/dms/image/v2/C4E03AQELuk3c_kyNEA/profile-displayphoto-shrink_200_200/profile-displayphoto-shrink_200_200/0/1639095898558?e=1780531200&v=beta&t=U8xWb6dH28zeppOSI21N1XEha6bJHaAenowEuBaqLr0,https://media.licdn.com/dms/image/v2/C5116AQH_8AZ6ULsyYA/profile-displaybackgroundimage-shrink_200_800/profile-displaybackgroundimage-shrink_200_800/0/1548247695290?e=1780531200&v=beta&t=BVWod33YIlzhxHCOBLK0ypGTpDd-BVmT3oR4hiWd1Ac
cancer-control-mission,CANCER CONTROL MISSION,Making healthcare awareness and support more accessible to communities.,"Mumbai, Maharashtra, India",2010,"Bringing Care Closer,",Healing Communities.,"CANCER CONTROL MISSION is presented as a premium NGO website concept focused on healthcare access, awareness and wellness support for communities in Mumbai.","CANCER CONTROL MISSION focuses on healthcare access, awareness and wellness support through community-led programs, partnerships and on-ground outreach in Mumbai. This website concept presents the mission, impact, team and donation journey in a premium digital format.",Support This Cause ₹,#071b14,#1c3a2f,#c7a646,https://images.unsplash.com/photo-1584515933487-779824d29309?auto=format&fit=crop&w=1920&q=80,,Mobile Health Camps,HEALTHCARE,"Community health camps, screenings and basic medical access for families who need timely care.",https://images.unsplash.com/photo-1576091160550-2173dba999ef?auto=format&fit=crop&w=900&q=80,Patient Awareness,AWARENESS,Practical awareness programs that help people identify risks early and seek the right support.,https://images.unsplash.com/photo-1550831107-1553da8c8464?auto=format&fit=crop&w=900&q=80,Care Navigation,SUPPORT,"Guidance, referrals and follow-up support that make the healthcare journey easier for communities.",https://images.unsplash.com/photo-1559757148-5c350d0d3c56?auto=format&fit=crop&w=900&q=80,Community Wellness,WELLNESS,"Preventive care, nutrition awareness and wellness sessions delivered with local participation.",https://images.unsplash.com/photo-1587854692152-cbe660dbde88?auto=format&fit=crop&w=900&q=80,"8,500+",People Supported,Across Mumbai communities,120+,Health Camps,Community-led programs,30+,Care Partners,Local support network,18+,Districts Reached,Purpose-led progress,"The work represented by CANCER CONTROL MISSION shows how focused community action can create trust, dignity and practical support for families.",Community Member,Mumbai,Director,"Puspendra Raj is associated with CANCER CONTROL MISSION as Director, helping strengthen partnerships, visibility and community impact across Mumbai.",Program Coordinator,Community Programs,"Coordinates local outreach, volunteer support and program delivery for communities connected with CANCER CONTROL MISSION.",Impact Lead,Partnerships & Reporting,"Supports donor communication, impact storytelling and transparent reporting for social programs.",hello@cancer-control-mission.org,,"Mumbai, Maharashtra, India",https://www.linkedin.com/in/ACwAABYMLrAB1K-VO8ULBBwqpQG9upLObyxaWQo,client-batch-1,ready,Puspendra Raj,https://www.linkedin.com/in/ACwAABYMLrAB1K-VO8ULBBwqpQG9upLObyxaWQo,https://media.licdn.com/dms/image/v2/D5603AQFH_fL-cpc3aQ/profile-displayphoto-shrink_200_200/B56ZPd1xZ1HIAc-/0/1734593681556?e=1780531200&v=beta&t=cHo86H42SdXO3hLYAChKwcbKh0QeSbzPpaYkMu0FeX4,https://media.licdn.com/dms/image/v2/D5616AQHaH87qtzhhPQ/profile-displaybackgroundimage-shrink_200_800/B56Zxqt8QFIQAU-/0/1771316954993?e=1780531200&v=beta&t=VglU8YWcRqh38Z5XvxKel7gpCA9rklNZoPSbvsG87g4
edwin-incorporation,Edwin Incorporation,"Community-led impact, dignity and development for underserved families.",Mumbai Metropolitan Region,2020,"Building Community Impact,",One Life at a Time.,"Edwin Incorporation is presented as a premium NGO website concept focused on community development, dignity and grassroots change for communities in Mumbai.","Edwin Incorporation focuses on community development, dignity and grassroots change through community-led programs, partnerships and on-ground outreach in Mumbai. This website concept presents the mission, impact, team and donation journey in a premium digital format.",Support This Cause ₹,#051f1a,#14352c,#e0bd55,https://images.unsplash.com/photo-1524492412937-b28074a5d7da?auto=format&fit=crop&w=1920&q=80,,Community Outreach,FIELD PROGRAMS,"Grassroots outreach, awareness drives and local partnerships that connect families with practical support.",https://images.unsplash.com/photo-1551731409-43eb3e517a1a?auto=format&fit=crop&w=900&q=80,Education Support,EDUCATION,"Learning support, mentoring and school-readiness programs for children from underserved communities.",https://images.unsplash.com/photo-1594608661623-aa0bd3a69799?auto=format&fit=crop&w=900&q=80,Health & Wellness Camps,HEALTHCARE,"Preventive health camps, awareness sessions and referral support for vulnerable families.",https://images.unsplash.com/photo-1631815588090-d4bfec5b1ccb?auto=format&fit=crop&w=900&q=80,Livelihood & Skills,EMPOWERMENT,"Skill-building, self-reliance and livelihood support designed to help communities move forward.",https://images.unsplash.com/photo-1611702700098-dec597b27d9d?auto=format&fit=crop&w=900&q=80,"10,000+",Lives Reached,Across Mumbai communities,75+,Community Drives,Community-led programs,12+,Years of Impact,Experience-led impact,₹1Cr+,Value Mobilised,For social programs,"The work represented by Edwin Incorporation shows how focused community action can create trust, dignity and practical support for families.",Community Member,Mumbai,Editorial Board Member,"Dr Harshada Mulay is associated with Edwin Incorporation as Editorial Board Member, helping strengthen partnerships, visibility and community impact acros...",Program Coordinator,Community Programs,"Coordinates local outreach, volunteer support and program delivery for communities connected with Edwin Incorporation.",Impact Lead,Partnerships & Reporting,"Supports donor communication, impact storytelling and transparent reporting for social programs.",hello@edwin-incorporation.org,,Mumbai Metropolitan Region,https://www.linkedin.com/in/ACwAAAD3l9gBVeVrMs4NbZbZvMCW75Gfw3t5K9c,client-batch-1,ready,Dr Harshada Mulay,https://www.linkedin.com/in/ACwAAAD3l9gBVeVrMs4NbZbZvMCW75Gfw3t5K9c,https://media.licdn.com/dms/image/v2/D5603AQGFUYgQpBJjBg/profile-displayphoto-crop_800_800/B56ZstoiwUHYAI-/0/1765997163520?e=1780531200&v=beta&t=xwmxOYoFk1ujhDCLxHTdFO7Rbuz_mSTD6Ya8HcMDaa4,
marshall-cavendish-education,Marshall Cavendish Education,Helping children and young learners access brighter educational opportunities.,Mumbai Metropolitan Region,2016,"Opening Classrooms,",Unlocking Futures.,"Marshall Cavendish Education is presented as a premium NGO website concept focused on education access, mentoring and learning support for communities in Mumbai.","Marshall Cavendish Education focuses on education access, mentoring and learning support through community-led programs, partnerships and on-ground outreach in Mumbai. This website concept presents the mission, impact, team and donation journey in a premium digital format.",Support This Cause ₹,#001b13,#0b2d22,#d7b84f,https://images.unsplash.com/photo-1497633762265-9d179a990aa6?auto=format&fit=crop&w=1920&q=80,,Learning Centers,EDUCATION,"Community learning spaces that help children build confidence, reading skills and school continuity.",https://images.unsplash.com/photo-1503676260728-1c00da094a0b?auto=format&fit=crop&w=900&q=80,Scholarship Support,STUDENT CARE,"Support for students who need guidance, supplies and encouragement to continue their education.",https://images.unsplash.com/photo-1596495578065-6e0763fa1178?auto=format&fit=crop&w=900&q=80,Digital Learning,SKILLS,Digital literacy and practical learning exposure for young learners and first-generation students.,https://images.unsplash.com/photo-1516627145497-ae6968895b74?auto=format&fit=crop&w=900&q=80,Mentor Network,GUIDANCE,Volunteer mentoring and local role models who help students plan stronger futures.,https://images.unsplash.com/photo-1521587760476-6c12a4b040da?auto=format&fit=crop&w=900&q=80,"6,000+",Learners Supported,Across Mumbai communities,80+,Learning Sessions,Community-led programs,25+,Volunteer Mentors,Local support network,92%,Retention Focus,Purpose-led progress,"The work represented by Marshall Cavendish Education shows how focused community action can create trust, dignity and practical support for families.",Community Member,Mumbai,Director - Thought Leadership,"Dr. Akash Raut is associated with Marshall Cavendish Education as Director - Thought Leadership, helping strengthen partnerships, visibility and community...",Program Coordinator,Community Programs,"Coordinates local outreach, volunteer support and program delivery for communities connected with Marshall Cavendish Education.",Impact Lead,Partnerships & Reporting,"Supports donor communication, impact storytelling and transparent reporting for social programs.",hello@marshall-cavendish-education.org,,Mumbai Metropolitan Region,https://www.linkedin.com/in/ACwAACj9xP4BUHcwuf-W4OGdG_TDjyzgZ7xTJa4,client-batch-1,ready,Dr. Akash Raut,https://www.linkedin.com/in/ACwAACj9xP4BUHcwuf-W4OGdG_TDjyzgZ7xTJa4,https://media.licdn.com/dms/image/v2/D4D03AQH2nkFuI-m2lg/profile-displayphoto-scale_200_200/B4DZ0BsQr1IYAg-/0/1773849875067?e=1780531200&v=beta&t=PwzxQeluQNb0xHqdIVWWsOud11047HzLJ7gJkWTrivg,https://media.licdn.com/dms/image/v2/D4D16AQFbOHmg1kTmEQ/profile-displaybackgroundimage-shrink_200_800/B4DZuPDyJjKAAU-/0/1767631693195?e=1780531200&v=beta&t=Mm0Y0dreo03QdGZr1pnkMWWE4knp1Ll3W1dOTTXvkiY
eco-one-house-of-compostable-products,Eco-one House of Compostable Products,"Mobilising communities for cleaner, greener and more sustainable local action.","Mumbai, Maharashtra, India",2024,"Protecting Nature,",Powering Change.,"Eco-one House of Compostable Products is presented as a premium NGO website concept focused on environmental awareness, sustainability and community action for communities in Mumbai.","Eco-one House of Compostable Products focuses on environmental awareness, sustainability and community action through community-led programs, partnerships and on-ground outreach in Mumbai. This website concept presents the mission, impact, team and donation journey in a premium digital format.",Support This Cause ₹,#051f1a,#14352c,#e0bd55,https://images.unsplash.com/photo-1524492412937-b28074a5d7da?auto=format&fit=crop&w=1920&q=80,,Clean & Green Drives,ENVIRONMENT,"Community-led cleanliness, tree care and public awareness drives for healthier local spaces.",https://images.unsplash.com/photo-1551731409-43eb3e517a1a?auto=format&fit=crop&w=900&q=80,Water Awareness,SUSTAINABILITY,"Programs that encourage responsible water use, conservation and local environmental responsibility.",https://images.unsplash.com/photo-1611702700098-dec597b27d9d?auto=format&fit=crop&w=900&q=80,Youth Eco Clubs,EDUCATION,Young volunteers learning practical environmental stewardship through school and community activities.,https://images.unsplash.com/photo-1594608661623-aa0bd3a69799?auto=format&fit=crop&w=900&q=80,Community Sustainability,ACTION,Local partnerships that make sustainable habits easier for families and neighborhoods.,https://images.unsplash.com/photo-1521587760476-6c12a4b040da?auto=format&fit=crop&w=900&q=80,"25,000+",Citizens Reached,Across Mumbai communities,90+,Clean Drives,Community-led programs,15+,Eco Campaigns,Community-led programs,50+,Local Partners,Local support network,"The work represented by Eco-one House of Compostable Products shows how focused community action can create trust, dignity and practical support for families.",Community Member,Mumbai,Business Development Manager,"Nimesh Patel is associated with Eco-one House of Compostable Products as Business Development Manager, helping strengthen partnerships, visibility and com...",Program Coordinator,Community Programs,"Coordinates local outreach, volunteer support and program delivery for communities connected with Eco-one House of Compostable Products.",Impact Lead,Partnerships & Reporting,"Supports donor communication, impact storytelling and transparent reporting for social programs.",hello@eco-one-house-of-compostable-products.org,,"Mumbai, Maharashtra, India",https://www.linkedin.com/in/ACwAAATM7JQBM0w5ohbbWCauqEaMC8rg53eenzs,client-batch-1,ready,Nimesh Patel,https://www.linkedin.com/in/ACwAAATM7JQBM0w5ohbbWCauqEaMC8rg53eenzs,https://media.licdn.com/dms/image/v2/D4E03AQFOtcN1i2x9kA/profile-displayphoto-shrink_800_800/profile-displayphoto-shrink_800_800/0/1723973127504?e=1780531200&v=beta&t=uboS1eAkQPh_ucXkL5VFWCKYe0ObzyleIu0bfP_WllM,https://media.licdn.com/dms/image/v2/D4E16AQHMe6LZGG3DxQ/profile-displaybackgroundimage-shrink_200_800/profile-displaybackgroundimage-shrink_200_800/0/1735215858656?e=1780531200&v=beta&t=_DZpxRK3VLUg2jp8hTXBlDRR35irPpY1jnc9knd9UGg
raj-foundation-trust,Raj Foundation Trust,"Community-led impact, dignity and development for underserved families.","Mumbai, Maharashtra, India",2019,"Building Community Impact,",One Life at a Time.,"Raj Foundation Trust is presented as a premium NGO website concept focused on community development, dignity and grassroots change for communities in Mumbai.","Raj Foundation Trust focuses on community development, dignity and grassroots change through community-led programs, partnerships and on-ground outreach in Mumbai. This website concept presents the mission, impact, team and donation journey in a premium digital format.",Support This Cause ₹,#071b14,#1c3a2f,#c7a646,https://images.unsplash.com/photo-1524492412937-b28074a5d7da?auto=format&fit=crop&w=1920&q=80,,Community Outreach,FIELD PROGRAMS,"Grassroots outreach, awareness drives and local partnerships that connect families with practical support.",https://images.unsplash.com/photo-1551731409-43eb3e517a1a?auto=format&fit=crop&w=900&q=80,Education Support,EDUCATION,"Learning support, mentoring and school-readiness programs for children from underserved communities.",https://images.unsplash.com/photo-1594608661623-aa0bd3a69799?auto=format&fit=crop&w=900&q=80,Health & Wellness Camps,HEALTHCARE,"Preventive health camps, awareness sessions and referral support for vulnerable families.",https://images.unsplash.com/photo-1631815588090-d4bfec5b1ccb?auto=format&fit=crop&w=900&q=80,Livelihood & Skills,EMPOWERMENT,"Skill-building, self-reliance and livelihood support designed to help communities move forward.",https://images.unsplash.com/photo-1611702700098-dec597b27d9d?auto=format&fit=crop&w=900&q=80,"10,000+",Lives Reached,Across Mumbai communities,75+,Community Drives,Community-led programs,12+,Years of Impact,Experience-led impact,₹1Cr+,Value Mobilised,For social programs,"The work represented by Raj Foundation Trust shows how focused community action can create trust, dignity and practical support for families.",Community Member,Mumbai,CSR Programs and Social Impact Officer,"Dr. Tushar Rungta is associated with Raj Foundation Trust as CSR Programs and Social Impact Officer, helping strengthen partnerships, visibility and commu...",Program Coordinator,Community Programs,"Coordinates local outreach, volunteer support and program delivery for communities connected with Raj Foundation Trust.",Impact Lead,Partnerships & Reporting,"Supports donor communication, impact storytelling and transparent reporting for social programs.",hello@raj-foundation-trust.org,,"Mumbai, Maharashtra, India",https://www.linkedin.com/in/ACwAACoHWOQBRrQzBcwBaE6LOV8NGq3y2Ze6dlA,client-batch-1,ready,Dr. Tushar Rungta,https://www.linkedin.com/in/ACwAACoHWOQBRrQzBcwBaE6LOV8NGq3y2Ze6dlA,https://media.licdn.com/dms/image/v2/D4D03AQEh5OuSkAusyw/profile-displayphoto-shrink_800_800/profile-displayphoto-shrink_800_800/0/1698915077036?e=1780531200&v=beta&t=bnW3D3w9lKBMxdlEf_iTkTq2hwd3CV9rzS9gTVYBJtA,https://media.licdn.com/dms/image/v2/D4D16AQF0sCib8cuc7A/profile-displaybackgroundimage-shrink_200_800/profile-displaybackgroundimage-shrink_200_800/0/1698916458460?e=1780531200&v=beta&t=t55PEQraVaZO4Qo_PFPVmwiXHuL_l9fRKXo70b6mJhI
buy-food-with-plastic-india,Buy Food with Plastic¬¨√Ü India,"Community-led impact, dignity and development for underserved families.","Mumbai, Maharashtra, India",2022,"Building Community Impact,",One Life at a Time.,"Buy Food with Plastic¬¨√Ü India is presented as a premium NGO website concept focused on community development, dignity and grassroots change for communities in Mumbai.","Buy Food with Plastic¬¨√Ü India focuses on community development, dignity and grassroots change through community-led programs, partnerships and on-ground outreach in Mumbai. This website concept presents the mission, impact, team and donation journey in a premium digital format.",Support This Cause ₹,#051f1a,#14352c,#e0bd55,https://images.unsplash.com/photo-1524492412937-b28074a5d7da?auto=format&fit=crop&w=1920&q=80,,Community Outreach,FIELD PROGRAMS,"Grassroots outreach, awareness drives and local partnerships that connect families with practical support.",https://images.unsplash.com/photo-1551731409-43eb3e517a1a?auto=format&fit=crop&w=900&q=80,Education Support,EDUCATION,"Learning support, mentoring and school-readiness programs for children from underserved communities.",https://images.unsplash.com/photo-1594608661623-aa0bd3a69799?auto=format&fit=crop&w=900&q=80,Health & Wellness Camps,HEALTHCARE,"Preventive health camps, awareness sessions and referral support for vulnerable families.",https://images.unsplash.com/photo-1631815588090-d4bfec5b1ccb?auto=format&fit=crop&w=900&q=80,Livelihood & Skills,EMPOWERMENT,"Skill-building, self-reliance and livelihood support designed to help communities move forward.",https://images.unsplash.com/photo-1611702700098-dec597b27d9d?auto=format&fit=crop&w=900&q=80,"10,000+",Lives Reached,Across Mumbai communities,75+,Community Drives,Community-led programs,12+,Years of Impact,Experience-led impact,₹1Cr+,Value Mobilised,For social programs,"The work represented by Buy Food with Plastic¬¨√Ü India shows how focused community action can create trust, dignity and practical support for families.",Community Member,Mumbai,Founder / Director,"Shakti Yadav is associated with Buy Food with Plastic¬¨√Ü India as Founder / Director, helping strengthen partnerships, visibility and community impact acro...",Program Coordinator,Community Programs,"Coordinates local outreach, volunteer support and program delivery for communities connected with Buy Food with Plastic¬¨√Ü India.",Impact Lead,Partnerships & Reporting,"Supports donor communication, impact storytelling and transparent reporting for social programs.",hello@buy-food-with-plastic-india.org,,"Mumbai, Maharashtra, India",https://www.linkedin.com/in/ACwAABfU9dMB4cdY2Gx1xetqpzBTD2OTjYqgG0c,client-batch-1,ready,Shakti Yadav,https://www.linkedin.com/in/ACwAABfU9dMB4cdY2Gx1xetqpzBTD2OTjYqgG0c,https://media.licdn.com/dms/image/v2/D4D03AQEDh2uxTHSTrg/profile-displayphoto-shrink_200_200/profile-displayphoto-shrink_200_200/0/1681893246959?e=1780531200&v=beta&t=aRhbrTDLEYWIEMdKCCLqgh5FlFNcuVbCWMPZE9ig5pk,https://media.licdn.com/dms/image/v2/D4D16AQHNnM9EIgncaw/profile-displaybackgroundimage-shrink_200_800/B4DZ3TvLc6JsAU-/0/1777373859436?e=1780531200&v=beta&t=72w4cSj8Wx2RIgp8ITs8UbTg1EWe11SCwlySxYLwbi8
atg-healthcare-foundation,ATG Healthcare Foundation,Making healthcare awareness and support more accessible to communities.,"Mumbai, Maharashtra, India",2024,"Bringing Care Closer,",Healing Communities.,"ATG Healthcare Foundation is presented as a premium NGO website concept focused on healthcare access, awareness and wellness support for communities in Mumbai.","ATG Healthcare Foundation focuses on healthcare access, awareness and wellness support through community-led programs, partnerships and on-ground outreach in Mumbai. This website concept presents the mission, impact, team and donation journey in a premium digital format.",Support This Cause ₹,#051f1a,#14352c,#e0bd55,https://images.unsplash.com/photo-1584515933487-779824d29309?auto=format&fit=crop&w=1920&q=80,,Mobile Health Camps,HEALTHCARE,"Community health camps, screenings and basic medical access for families who need timely care.",https://images.unsplash.com/photo-1576091160550-2173dba999ef?auto=format&fit=crop&w=900&q=80,Patient Awareness,AWARENESS,Practical awareness programs that help people identify risks early and seek the right support.,https://images.unsplash.com/photo-1550831107-1553da8c8464?auto=format&fit=crop&w=900&q=80,Care Navigation,SUPPORT,"Guidance, referrals and follow-up support that make the healthcare journey easier for communities.",https://images.unsplash.com/photo-1559757148-5c350d0d3c56?auto=format&fit=crop&w=900&q=80,Community Wellness,WELLNESS,"Preventive care, nutrition awareness and wellness sessions delivered with local participation.",https://images.unsplash.com/photo-1587854692152-cbe660dbde88?auto=format&fit=crop&w=900&q=80,"8,500+",People Supported,Across Mumbai communities,120+,Health Camps,Community-led programs,30+,Care Partners,Local support network,18+,Districts Reached,Purpose-led progress,"The work represented by ATG Healthcare Foundation shows how focused community action can create trust, dignity and practical support for families.",Community Member,Mumbai,Founder,"Dr. Vishwasrao Giri is associated with ATG Healthcare Foundation as Founder, helping strengthen partnerships, visibility and community impact across Mumba...",Program Coordinator,Community Programs,"Coordinates local outreach, volunteer support and program delivery for communities connected with ATG Healthcare Foundation.",Impact Lead,Partnerships & Reporting,"Supports donor communication, impact storytelling and transparent reporting for social programs.",hello@atg-healthcare-foundation.org,,"Mumbai, Maharashtra, India",https://www.linkedin.com/in/ACwAAD8KYi8BuLXpd8is53kvfgLlxv2Em0p_xvE,client-batch-1,ready,Dr. Vishwasrao Giri,https://www.linkedin.com/in/ACwAAD8KYi8BuLXpd8is53kvfgLlxv2Em0p_xvE,https://media.licdn.com/dms/image/v2/D4D03AQHN2nlpr2FHEg/profile-displayphoto-crop_800_800/B4DZnfHEnMH4AI-/0/1760384798112?e=1780531200&v=beta&t=btCOSxBD8fzRmBh56FF4Dba6zfsiJf9aLlKOEFxsYnw,https://media.licdn.com/dms/image/v2/D4D16AQES45VaH3X7AQ/profile-displaybackgroundimage-shrink_200_800/B4DZnfIpxJIgAY-/0/1760385242786?e=1780531200&v=beta&t=vxBWJRKq7-fgSniINOQ9p4DWD_V8zlZjZ-ZN_WIIMe4
rise-institute-for-social-enhancement,Rise Institute for Social Enhancement,"Community-led impact, dignity and development for underserved families.","Mumbai, Maharashtra, India",2019,"Building Community Impact,",One Life at a Time.,"Rise Institute for Social Enhancement is presented as a premium NGO website concept focused on community development, dignity and grassroots change for communities in Mumbai.","Rise Institute for Social Enhancement focuses on community development, dignity and grassroots change through community-led programs, partnerships and on-ground outreach in Mumbai. This website concept presents the mission, impact, team and donation journey in a premium digital format.",Support This Cause ₹,#051f1a,#14352c,#e0bd55,https://images.unsplash.com/photo-1524492412937-b28074a5d7da?auto=format&fit=crop&w=1920&q=80,,Community Outreach,FIELD PROGRAMS,"Grassroots outreach, awareness drives and local partnerships that connect families with practical support.",https://images.unsplash.com/photo-1551731409-43eb3e517a1a?auto=format&fit=crop&w=900&q=80,Education Support,EDUCATION,"Learning support, mentoring and school-readiness programs for children from underserved communities.",https://images.unsplash.com/photo-1594608661623-aa0bd3a69799?auto=format&fit=crop&w=900&q=80,Health & Wellness Camps,HEALTHCARE,"Preventive health camps, awareness sessions and referral support for vulnerable families.",https://images.unsplash.com/photo-1631815588090-d4bfec5b1ccb?auto=format&fit=crop&w=900&q=80,Livelihood & Skills,EMPOWERMENT,"Skill-building, self-reliance and livelihood support designed to help communities move forward.",https://images.unsplash.com/photo-1611702700098-dec597b27d9d?auto=format&fit=crop&w=900&q=80,"10,000+",Lives Reached,Across Mumbai communities,75+,Community Drives,Community-led programs,12+,Years of Impact,Experience-led impact,₹1Cr+,Value Mobilised,For social programs,"The work represented by Rise Institute for Social Enhancement shows how focused community action can create trust, dignity and practical support for families.",Community Member,Mumbai,Director - CSR Training & Capacity Development,"Prashant Sude is associated with Rise Institute for Social Enhancement as Director - CSR Training & Capacity Development, helping strengthen partnerships,...",Program Coordinator,Community Programs,"Coordinates local outreach, volunteer support and program delivery for communities connected with Rise Institute for Social Enhancement.",Impact Lead,Partnerships & Reporting,"Supports donor communication, impact storytelling and transparent reporting for social programs.",hello@rise-institute-for-social-enhancement.org,,"Mumbai, Maharashtra, India",https://www.linkedin.com/in/ACwAAAI498MBCX08wRUjpomAow8iumJkaWlQVZI,client-batch-1,ready,Prashant Sude,https://www.linkedin.com/in/ACwAAAI498MBCX08wRUjpomAow8iumJkaWlQVZI,https://media.licdn.com/dms/image/v2/C4E03AQFyedqA2kfujg/profile-displayphoto-shrink_200_200/profile-displayphoto-shrink_200_200/0/1610677280212?e=1780531200&v=beta&t=RgnslEIMzVAcmQO8mJSBESpD9i6BIiUN_stRo9Zi1HE,
resqink-association-for-wildlife-welfare,Resqink Association for Wildlife Welfare,"Community-led impact, dignity and development for underserved families.","Mumbai, Maharashtra, India",2013,"Building Community Impact,",One Life at a Time.,"Resqink Association for Wildlife Welfare is presented as a premium NGO website concept focused on community development, dignity and grassroots change for communities in Mumbai.","Resqink Association for Wildlife Welfare focuses on community development, dignity and grassroots change through community-led programs, partnerships and on-ground outreach in Mumbai. This website concept presents the mission, impact, team and donation journey in a premium digital format.",Support This Cause ₹,#001b13,#0b2d22,#d7b84f,https://images.unsplash.com/photo-1524492412937-b28074a5d7da?auto=format&fit=crop&w=1920&q=80,,Community Outreach,FIELD PROGRAMS,"Grassroots outreach, awareness drives and local partnerships that connect families with practical support.",https://images.unsplash.com/photo-1551731409-43eb3e517a1a?auto=format&fit=crop&w=900&q=80,Education Support,EDUCATION,"Learning support, mentoring and school-readiness programs for children from underserved communities.",https://images.unsplash.com/photo-1594608661623-aa0bd3a69799?auto=format&fit=crop&w=900&q=80,Health & Wellness Camps,HEALTHCARE,"Preventive health camps, awareness sessions and referral support for vulnerable families.",https://images.unsplash.com/photo-1631815588090-d4bfec5b1ccb?auto=format&fit=crop&w=900&q=80,Livelihood & Skills,EMPOWERMENT,"Skill-building, self-reliance and livelihood support designed to help communities move forward.",https://images.unsplash.com/photo-1611702700098-dec597b27d9d?auto=format&fit=crop&w=900&q=80,"10,000+",Lives Reached,Across Mumbai communities,75+,Community Drives,Community-led programs,12+,Years of Impact,Experience-led impact,₹1Cr+,Value Mobilised,For social programs,"The work represented by Resqink Association for Wildlife Welfare shows how focused community action can create trust, dignity and practical support for families.",Community Member,Mumbai,Founder & President,"Pawan Sharma is associated with Resqink Association for Wildlife Welfare as Founder & President, helping strengthen partnerships, visibility and community...",Program Coordinator,Community Programs,"Coordinates local outreach, volunteer support and program delivery for communities connected with Resqink Association for Wildlife Welfare.",Impact Lead,Partnerships & Reporting,"Supports donor communication, impact storytelling and transparent reporting for social programs.",hello@resqink-association-for-wildlife-welfare.org,,"Mumbai, Maharashtra, India",https://www.linkedin.com/in/ACwAAB3yE70BwDbKTO96fY1W-EfrTE0V_NHAF_o,client-batch-1,ready,Pawan Sharma,https://www.linkedin.com/in/ACwAAB3yE70BwDbKTO96fY1W-EfrTE0V_NHAF_o,https://media.licdn.com/dms/image/v2/D4D03AQEgfPx8pbRsWQ/profile-displayphoto-scale_200_200/B4DZ2a8tgNJoAY-/0/1776421101998?e=1780531200&v=beta&t=6spGZ_d49i4X7Bzszka6b2swTJdpODfbx0RJcW8BLD8,https://media.licdn.com/dms/image/v2/D4D16AQHJsqGY2YYtKw/profile-displaybackgroundimage-shrink_200_800/B4DZq0nKOMH4AU-/0/1763966756535?e=1780531200&v=beta&t=YM0RU_ujoZlfWzz1-2wxEQT-PJTkhmHfTuCNXhYnCS0
mypalclub-foundation,Mypalclub Foundation,"Community-led impact, dignity and development for underserved families.","Thane, Maharashtra, India",2018,"Building Community Impact,",One Life at a Time.,"Mypalclub Foundation is presented as a premium NGO website concept focused on community development, dignity and grassroots change for communities in Thane.","Mypalclub Foundation focuses on community development, dignity and grassroots change through community-led programs, partnerships and on-ground outreach in Thane. This website concept presents the mission, impact, team and donation journey in a premium digital format.",Support This Cause ₹,#001b13,#0b2d22,#d7b84f,https://images.unsplash.com/photo-1524492412937-b28074a5d7da?auto=format&fit=crop&w=1920&q=80,,Community Outreach,FIELD PROGRAMS,"Grassroots outreach, awareness drives and local partnerships that connect families with practical support.",https://images.unsplash.com/photo-1551731409-43eb3e517a1a?auto=format&fit=crop&w=900&q=80,Education Support,EDUCATION,"Learning support, mentoring and school-readiness programs for children from underserved communities.",https://images.unsplash.com/photo-1594608661623-aa0bd3a69799?auto=format&fit=crop&w=900&q=80,Health & Wellness Camps,HEALTHCARE,"Preventive health camps, awareness sessions and referral support for vulnerable families.",https://images.unsplash.com/photo-1631815588090-d4bfec5b1ccb?auto=format&fit=crop&w=900&q=80,Livelihood & Skills,EMPOWERMENT,"Skill-building, self-reliance and livelihood support designed to help communities move forward.",https://images.unsplash.com/photo-1611702700098-dec597b27d9d?auto=format&fit=crop&w=900&q=80,"10,000+",Lives Reached,Across Thane communities,75+,Community Drives,Community-led programs,12+,Years of Impact,Experience-led impact,₹1Cr+,Value Mobilised,For social programs,"The work represented by Mypalclub Foundation shows how focused community action can create trust, dignity and practical support for families.",Community Member,Thane,Head of Accounts & Resource Management,"Lavina Fernandes is associated with Mypalclub Foundation as Head of Accounts & Resource Management, helping strengthen partnerships, visibility and commun...",Program Coordinator,Community Programs,"Coordinates local outreach, volunteer support and program delivery for communities connected with Mypalclub Foundation.",Impact Lead,Partnerships & Reporting,"Supports donor communication, impact storytelling and transparent reporting for social programs.",hello@mypalclub-foundation.org,,"Thane, Maharashtra, India",https://www.linkedin.com/in/ACwAACNAUFoB5YdNJ3QKtCpsZIVduvVjvLV8RH4,client-batch-1,ready,Lavina Fernandes,https://www.linkedin.com/in/ACwAACNAUFoB5YdNJ3QKtCpsZIVduvVjvLV8RH4,https://media.licdn.com/dms/image/v2/D4D03AQHkURbXej-y4Q/profile-displayphoto-shrink_800_800/profile-displayphoto-shrink_800_800/0/1678708408272?e=1780531200&v=beta&t=i_xEzOPGBw5Vzrd5KLfvZjeePkW23u-K66gV-REWaEk,
blue-ribbon-movement,Blue Ribbon Movement,"Community-led impact, dignity and development for underserved families.","Mumbai, Maharashtra, India",2022,"Building Community Impact,",One Life at a Time.,"Blue Ribbon Movement is presented as a premium NGO website concept focused on community development, dignity and grassroots change for communities in Mumbai.","Blue Ribbon Movement focuses on community development, dignity and grassroots change through community-led programs, partnerships and on-ground outreach in Mumbai. This website concept presents the mission, impact, team and donation journey in a premium digital format.",Support This Cause ₹,#051f1a,#14352c,#e0bd55,https://images.unsplash.com/photo-1524492412937-b28074a5d7da?auto=format&fit=crop&w=1920&q=80,,Community Outreach,FIELD PROGRAMS,"Grassroots outreach, awareness drives and local partnerships that connect families with practical support.",https://images.unsplash.com/photo-1551731409-43eb3e517a1a?auto=format&fit=crop&w=900&q=80,Education Support,EDUCATION,"Learning support, mentoring and school-readiness programs for children from underserved communities.",https://images.unsplash.com/photo-1594608661623-aa0bd3a69799?auto=format&fit=crop&w=900&q=80,Health & Wellness Camps,HEALTHCARE,"Preventive health camps, awareness sessions and referral support for vulnerable families.",https://images.unsplash.com/photo-1631815588090-d4bfec5b1ccb?auto=format&fit=crop&w=900&q=80,Livelihood & Skills,EMPOWERMENT,"Skill-building, self-reliance and livelihood support designed to help communities move forward.",https://images.unsplash.com/photo-1611702700098-dec597b27d9d?auto=format&fit=crop&w=900&q=80,"10,000+",Lives Reached,Across Mumbai communities,75+,Community Drives,Community-led programs,12+,Years of Impact,Experience-led impact,₹1Cr+,Value Mobilised,For social programs,"The work represented by Blue Ribbon Movement shows how focused community action can create trust, dignity and practical support for families.",Community Member,Mumbai,Chief Functionary,"Kejal Savla is associated with Blue Ribbon Movement as Chief Functionary, helping strengthen partnerships, visibility and community impact across Mumbai.",Program Coordinator,Community Programs,"Coordinates local outreach, volunteer support and program delivery for communities connected with Blue Ribbon Movement.",Impact Lead,Partnerships & Reporting,"Supports donor communication, impact storytelling and transparent reporting for social programs.",hello@blue-ribbon-movement.org,,"Mumbai, Maharashtra, India",https://www.linkedin.com/in/ACwAABJS4GwBF1qHf6wEACwM_S_ybjflj7JdJyY,client-batch-1,ready,Kejal Savla,https://www.linkedin.com/in/ACwAABJS4GwBF1qHf6wEACwM_S_ybjflj7JdJyY,https://media.licdn.com/dms/image/v2/D4D03AQHjQLL1x_OJsA/profile-displayphoto-crop_800_800/B4DZkzsRJUH4AI-/0/1757508869547?e=1780531200&v=beta&t=2ZPdDEhl3WWWkjHxxRbO53fvKoG7KOunU6673sXq-5U,https://media.licdn.com/dms/image/v2/D4D16AQHyyfiyxh_fjg/profile-displaybackgroundimage-shrink_200_800/B4DZkeGOnHG8AU-/0/1757146574741?e=1780531200&v=beta&t=QLZ-6UbPHJZX3Vc6qSgJ3cNyGFvzXy7bNdcUXtUoOZs
central-chinmaya-mission-trust,Central Chinmaya Mission Trust,"Community-led impact, dignity and development for underserved families.","Mumbai, Maharashtra, India",2016,"Building Community Impact,",One Life at a Time.,"Central Chinmaya Mission Trust is presented as a premium NGO website concept focused on community development, dignity and grassroots change for communities in Mumbai.","Central Chinmaya Mission Trust focuses on community development, dignity and grassroots change through community-led programs, partnerships and on-ground outreach in Mumbai. This website concept presents the mission, impact, team and donation journey in a premium digital format.",Support This Cause ₹,#071b14,#1c3a2f,#c7a646,https://images.unsplash.com/photo-1524492412937-b28074a5d7da?auto=format&fit=crop&w=1920&q=80,,Community Outreach,FIELD PROGRAMS,"Grassroots outreach, awareness drives and local partnerships that connect families with practical support.",https://images.unsplash.com/photo-1551731409-43eb3e517a1a?auto=format&fit=crop&w=900&q=80,Education Support,EDUCATION,"Learning support, mentoring and school-readiness programs for children from underserved communities.",https://images.unsplash.com/photo-1594608661623-aa0bd3a69799?auto=format&fit=crop&w=900&q=80,Health & Wellness Camps,HEALTHCARE,"Preventive health camps, awareness sessions and referral support for vulnerable families.",https://images.unsplash.com/photo-1631815588090-d4bfec5b1ccb?auto=format&fit=crop&w=900&q=80,Livelihood & Skills,EMPOWERMENT,"Skill-building, self-reliance and livelihood support designed to help communities move forward.",https://images.unsplash.com/photo-1611702700098-dec597b27d9d?auto=format&fit=crop&w=900&q=80,"10,000+",Lives Reached,Across Mumbai communities,75+,Community Drives,Community-led programs,12+,Years of Impact,Experience-led impact,₹1Cr+,Value Mobilised,For social programs,"The work represented by Central Chinmaya Mission Trust shows how focused community action can create trust, dignity and practical support for families.",Community Member,Mumbai,Chief Executive Officer,"Manisha Khemlani is associated with Central Chinmaya Mission Trust as Chief Executive Officer, helping strengthen partnerships, visibility and community i...",Program Coordinator,Community Programs,"Coordinates local outreach, volunteer support and program delivery for communities connected with Central Chinmaya Mission Trust.",Impact Lead,Partnerships & Reporting,"Supports donor communication, impact storytelling and transparent reporting for social programs.",hello@central-chinmaya-mission-trust.org,,"Mumbai, Maharashtra, India",https://www.linkedin.com/in/ACwAAAnq7bsBSFchYkOK3LyIq0QMqhuAqBq_XKE,client-batch-1,ready,Manisha Khemlani,https://www.linkedin.com/in/ACwAAAnq7bsBSFchYkOK3LyIq0QMqhuAqBq_XKE,https://media.licdn.com/dms/image/v2/C5603AQFjGGJthOgUYw/profile-displayphoto-shrink_400_400/profile-displayphoto-shrink_400_400/0/1517465954963?e=1780531200&v=beta&t=X5HXp8iBcYFTgMz_i2k7vVxZnrrOQLJsHkgXq27JREs,https://media.licdn.com/dms/image/v2/D4D16AQEA5F4-fk_rHQ/profile-displaybackgroundimage-shrink_200_800/profile-displaybackgroundimage-shrink_200_800/0/1730812187379?e=1780531200&v=beta&t=3gNhKd0HEd17Top-qiBIXh-lV89eSepHcEE4_8nilSU
medicheck-health-services-pvt-ltd,Medicheck Health Services Pvt. Ltd.,Making healthcare awareness and support more accessible to communities.,"Mumbai, Maharashtra, India",2021,"Bringing Care Closer,",Healing Communities.,"Medicheck Health Services Pvt. Ltd. is presented as a premium NGO website concept focused on healthcare access, awareness and wellness support for communities in Mumbai.","Medicheck Health Services Pvt. Ltd. focuses on healthcare access, awareness and wellness support through community-led programs, partnerships and on-ground outreach in Mumbai. This website concept presents the mission, impact, team and donation journey in a premium digital format.",Support This Cause ₹,#001b13,#0b2d22,#d7b84f,https://images.unsplash.com/photo-1584515933487-779824d29309?auto=format&fit=crop&w=1920&q=80,,Mobile Health Camps,HEALTHCARE,"Community health camps, screenings and basic medical access for families who need timely care.",https://images.unsplash.com/photo-1576091160550-2173dba999ef?auto=format&fit=crop&w=900&q=80,Patient Awareness,AWARENESS,Practical awareness programs that help people identify risks early and seek the right support.,https://images.unsplash.com/photo-1550831107-1553da8c8464?auto=format&fit=crop&w=900&q=80,Care Navigation,SUPPORT,"Guidance, referrals and follow-up support that make the healthcare journey easier for communities.",https://images.unsplash.com/photo-1559757148-5c350d0d3c56?auto=format&fit=crop&w=900&q=80,Community Wellness,WELLNESS,"Preventive care, nutrition awareness and wellness sessions delivered with local participation.",https://images.unsplash.com/photo-1587854692152-cbe660dbde88?auto=format&fit=crop&w=900&q=80,"8,500+",People Supported,Across Mumbai communities,120+,Health Camps,Community-led programs,30+,Care Partners,Local support network,18+,Districts Reached,Purpose-led progress,"The work represented by Medicheck Health Services Pvt. Ltd. shows how focused community action can create trust, dignity and practical support for families.",Community Member,Mumbai,Chief Executive Officer,"Dr. Sushrut P Limaye is associated with Medicheck Health Services Pvt. Ltd. as Chief Executive Officer, helping strengthen partnerships, visibility and co...",Program Coordinator,Community Programs,"Coordinates local outreach, volunteer support and program delivery for communities connected with Medicheck Health Services Pvt. Ltd..",Impact Lead,Partnerships & Reporting,"Supports donor communication, impact storytelling and transparent reporting for social programs.",hello@medicheck-health-services-pvt-ltd.org,,"Mumbai, Maharashtra, India",https://www.linkedin.com/in/ACwAABx17agBetsDukWPA_HcX2m0u4MA41Zse_0,client-batch-1,ready,Dr. Sushrut P Limaye,https://www.linkedin.com/in/ACwAABx17agBetsDukWPA_HcX2m0u4MA41Zse_0,https://media.licdn.com/dms/image/v2/C5103AQEbZlWiV7DBPA/profile-displayphoto-shrink_800_800/profile-displayphoto-shrink_800_800/0/1556773506675?e=1780531200&v=beta&t=Hg4oEpu6UsUYBmLtEOas-5WB_TU-SLGmRBa60gzWzRw,
vaayu-fest,Vaayu Fest,"Community-led impact, dignity and development for underserved families.","Mumbai, Maharashtra, India",2015,"Building Community Impact,",One Life at a Time.,"Vaayu Fest is presented as a premium NGO website concept focused on community development, dignity and grassroots change for communities in Mumbai.","Vaayu Fest focuses on community development, dignity and grassroots change through community-led programs, partnerships and on-ground outreach in Mumbai. This website concept presents the mission, impact, team and donation journey in a premium digital format.",Support This Cause ₹,#001b13,#0b2d22,#d7b84f,https://images.unsplash.com/photo-1524492412937-b28074a5d7da?auto=format&fit=crop&w=1920&q=80,,Community Outreach,FIELD PROGRAMS,"Grassroots outreach, awareness drives and local partnerships that connect families with practical support.",https://images.unsplash.com/photo-1551731409-43eb3e517a1a?auto=format&fit=crop&w=900&q=80,Education Support,EDUCATION,"Learning support, mentoring and school-readiness programs for children from underserved communities.",https://images.unsplash.com/photo-1594608661623-aa0bd3a69799?auto=format&fit=crop&w=900&q=80,Health & Wellness Camps,HEALTHCARE,"Preventive health camps, awareness sessions and referral support for vulnerable families.",https://images.unsplash.com/photo-1631815588090-d4bfec5b1ccb?auto=format&fit=crop&w=900&q=80,Livelihood & Skills,EMPOWERMENT,"Skill-building, self-reliance and livelihood support designed to help communities move forward.",https://images.unsplash.com/photo-1611702700098-dec597b27d9d?auto=format&fit=crop&w=900&q=80,"10,000+",Lives Reached,Across Mumbai communities,75+,Community Drives,Community-led programs,12+,Years of Impact,Experience-led impact,₹1Cr+,Value Mobilised,For social programs,"The work represented by Vaayu Fest shows how focused community action can create trust, dignity and practical support for families.",Community Member,Mumbai,Head of Security,"Satwik Tawri is associated with Vaayu Fest as Head of Security, helping strengthen partnerships, visibility and community impact across Mumbai.",Program Coordinator,Community Programs,"Coordinates local outreach, volunteer support and program delivery for communities connected with Vaayu Fest.",Impact Lead,Partnerships & Reporting,"Supports donor communication, impact storytelling and transparent reporting for social programs.",hello@vaayu-fest.org,,"Mumbai, Maharashtra, India",https://www.linkedin.com/in/ACwAAFMVDXcBxHEnOFaFjU4DACi3NkYq0bW4Zq4,client-batch-1,ready,Satwik Tawri,https://www.linkedin.com/in/ACwAAFMVDXcBxHEnOFaFjU4DACi3NkYq0bW4Zq4,https://media.licdn.com/dms/image/v2/D4D03AQHS_ZlmCK7ArA/profile-displayphoto-crop_800_800/B4DZ3NwwqII4AI-/0/1777273605772?e=1780531200&v=beta&t=-Kuk08csh9NTeVRNB-hz7v_d9edNXurDVJCwTQ3BiYA,https://media.licdn.com/dms/image/v2/D4E16AQEAgNJsKXanLQ/profile-displaybackgroundimage-shrink_350_1400/B4EZjI7F.oHgAY-/0/1755717591602?e=1780531200&v=beta&t=d6WcD7TvhFwhI91B7I-_NFFHCHvRHm7-_B855gDia2g
good-things-ahead-foundation,Good Things Ahead Foundation,"Community-led impact, dignity and development for underserved families.",India,2024,"Building Community Impact,",One Life at a Time.,"Good Things Ahead Foundation is presented as a premium NGO website concept focused on community development, dignity and grassroots change for communities in India.","Good Things Ahead Foundation focuses on community development, dignity and grassroots change through community-led programs, partnerships and on-ground outreach in India. This website concept presents the mission, impact, team and donation journey in a premium digital format.",Support This Cause ₹,#051f1a,#14352c,#e0bd55,https://images.unsplash.com/photo-1524492412937-b28074a5d7da?auto=format&fit=crop&w=1920&q=80,,Community Outreach,FIELD PROGRAMS,"Grassroots outreach, awareness drives and local partnerships that connect families with practical support.",https://images.unsplash.com/photo-1551731409-43eb3e517a1a?auto=format&fit=crop&w=900&q=80,Education Support,EDUCATION,"Learning support, mentoring and school-readiness programs for children from underserved communities.",https://images.unsplash.com/photo-1594608661623-aa0bd3a69799?auto=format&fit=crop&w=900&q=80,Health & Wellness Camps,HEALTHCARE,"Preventive health camps, awareness sessions and referral support for vulnerable families.",https://images.unsplash.com/photo-1631815588090-d4bfec5b1ccb?auto=format&fit=crop&w=900&q=80,Livelihood & Skills,EMPOWERMENT,"Skill-building, self-reliance and livelihood support designed to help communities move forward.",https://images.unsplash.com/photo-1611702700098-dec597b27d9d?auto=format&fit=crop&w=900&q=80,"10,000+",Lives Reached,Across Indian communities,75+,Community Drives,Community-led programs,12+,Years of Impact,Experience-led impact,₹1Cr+,Value Mobilised,For social programs,"The work represented by Good Things Ahead Foundation shows how focused community action can create trust, dignity and practical support for families.",Community Member,India,Founder & Trustee,"Lakshmi Rai is associated with Good Things Ahead Foundation as Founder & Trustee, helping strengthen partnerships, visibility and community impact across...",Program Coordinator,Community Programs,"Coordinates local outreach, volunteer support and program delivery for communities connected with Good Things Ahead Foundation.",Impact Lead,Partnerships & Reporting,"Supports donor communication, impact storytelling and transparent reporting for social programs.",hello@good-things-ahead-foundation.org,,India,https://www.linkedin.com/in/ACwAAAfhwrIBiIC2oFyxg4f1rqaqPIp81CBTpOo,client-batch-1,ready,Lakshmi Rai,https://www.linkedin.com/in/ACwAAAfhwrIBiIC2oFyxg4f1rqaqPIp81CBTpOo,https://media.licdn.com/dms/image/v2/D4D03AQEHwfiFAAU9dg/profile-displayphoto-crop_800_800/B4DZ4b1OR1G4AM-/0/1778583430705?e=1780531200&v=beta&t=8oXi_L1WLA_C59injtwRIW9cx7-PkKtX8nkf6_dB6lA,https://media.licdn.com/dms/image/v2/D4D16AQGy-mejKYhs4Q/profile-displaybackgroundimage-shrink_200_800/B4DZv9dR99JYAU-/0/1769483871603?e=1780531200&v=beta&t=ZFmEig92vPL4k_NcmaKtQL_fEnlnDJ7EVe1VsyAQWdc
l-m-foundation,L&M Foundation,"Creating safer, brighter and more supportive futures for children.","Mumbai, Maharashtra, India",2021,"Protecting Childhood,",Creating Futures.,"L&M Foundation is presented as a premium NGO website concept focused on child welfare, learning and care for communities in Mumbai.","L&M Foundation focuses on child welfare, learning and care through community-led programs, partnerships and on-ground outreach in Mumbai. This website concept presents the mission, impact, team and donation journey in a premium digital format.",Support This Cause ₹,#001b13,#0b2d22,#d7b84f,https://images.unsplash.com/photo-1497633762265-9d179a990aa6?auto=format&fit=crop&w=1920&q=80,,Child Learning Support,EDUCATION,"School support, after-class learning and activity-based programs for children who need extra care.",https://images.unsplash.com/photo-1594608661623-aa0bd3a69799?auto=format&fit=crop&w=900&q=80,Child Safety Awareness,PROTECTION,Awareness programs for families and communities focused on child safety and protection.,https://images.unsplash.com/photo-1503676260728-1c00da094a0b?auto=format&fit=crop&w=900&q=80,Nutrition & Wellness,CARE,Basic nutrition awareness and wellness support to help children grow with dignity.,https://images.unsplash.com/photo-1516627145497-ae6968895b74?auto=format&fit=crop&w=900&q=80,Youth Mentoring,MENTORSHIP,Mentorship and confidence-building activities that help young people make better life choices.,https://images.unsplash.com/photo-1521587760476-6c12a4b040da?auto=format&fit=crop&w=900&q=80,"5,500+",Children Reached,Across Mumbai communities,70+,Activity Sessions,Community-led programs,40+,Community Volunteers,Local support network,15+,Safe Spaces,Purpose-led progress,"The work represented by L&M Foundation shows how focused community action can create trust, dignity and practical support for families.",Community Member,Mumbai,Global Head / Director,"Dr. Neha Lad is associated with L&M Foundation as Global Head / Director, helping strengthen partnerships, visibility and community impact across Mumbai.",Program Coordinator,Community Programs,"Coordinates local outreach, volunteer support and program delivery for communities connected with L&M Foundation.",Impact Lead,Partnerships & Reporting,"Supports donor communication, impact storytelling and transparent reporting for social programs.",hello@l-m-foundation.org,,"Mumbai, Maharashtra, India",https://www.linkedin.com/in/ACwAAAwNMz8B3TE9wUPfX-AZRzdWFNuEkib0qXk,client-batch-1,ready,Dr. Neha Lad,https://www.linkedin.com/in/ACwAAAwNMz8B3TE9wUPfX-AZRzdWFNuEkib0qXk,https://media.licdn.com/dms/image/v2/D4D03AQGQZ4DR2mLS8w/profile-displayphoto-shrink_800_800/profile-displayphoto-shrink_800_800/0/1715758124036?e=1780531200&v=beta&t=DC7LzmuPZjr0jxZWgr-T-mWYgEgw80RZ48vRm6btz6k,
seeds-of-peace,Seeds of Peace,"Community-led impact, dignity and development for underserved families.","Mumbai, Maharashtra, India",2013,"Building Community Impact,",One Life at a Time.,"Seeds of Peace is presented as a premium NGO website concept focused on community development, dignity and grassroots change for communities in Mumbai.","Seeds of Peace focuses on community development, dignity and grassroots change through community-led programs, partnerships and on-ground outreach in Mumbai. This website concept presents the mission, impact, team and donation journey in a premium digital format.",Support This Cause ₹,#051f1a,#14352c,#e0bd55,https://images.unsplash.com/photo-1524492412937-b28074a5d7da?auto=format&fit=crop&w=1920&q=80,,Community Outreach,FIELD PROGRAMS,"Grassroots outreach, awareness drives and local partnerships that connect families with practical support.",https://images.unsplash.com/photo-1551731409-43eb3e517a1a?auto=format&fit=crop&w=900&q=80,Education Support,EDUCATION,"Learning support, mentoring and school-readiness programs for children from underserved communities.",https://images.unsplash.com/photo-1594608661623-aa0bd3a69799?auto=format&fit=crop&w=900&q=80,Health & Wellness Camps,HEALTHCARE,"Preventive health camps, awareness sessions and referral support for vulnerable families.",https://images.unsplash.com/photo-1631815588090-d4bfec5b1ccb?auto=format&fit=crop&w=900&q=80,Livelihood & Skills,EMPOWERMENT,"Skill-building, self-reliance and livelihood support designed to help communities move forward.",https://images.unsplash.com/photo-1611702700098-dec597b27d9d?auto=format&fit=crop&w=900&q=80,"10,000+",Lives Reached,Across Mumbai communities,75+,Community Drives,Community-led programs,12+,Years of Impact,Experience-led impact,₹1Cr+,Value Mobilised,For social programs,"The work represented by Seeds of Peace shows how focused community action can create trust, dignity and practical support for families.",Community Member,Mumbai,"Country Director, India","Sagar Gangurde is associated with Seeds of Peace as Country Director, India, helping strengthen partnerships, visibility and community impact across Mumba...",Program Coordinator,Community Programs,"Coordinates local outreach, volunteer support and program delivery for communities connected with Seeds of Peace.",Impact Lead,Partnerships & Reporting,"Supports donor communication, impact storytelling and transparent reporting for social programs.",hello@seeds-of-peace.org,,"Mumbai, Maharashtra, India",https://www.linkedin.com/in/ACwAAARXaBoBR-xhDlAnXerYIKJuja-MNZPwrx8,client-batch-1,ready,Sagar Gangurde,https://www.linkedin.com/in/ACwAAARXaBoBR-xhDlAnXerYIKJuja-MNZPwrx8,https://media.licdn.com/dms/image/v2/D4D03AQG18RegJ6RyWw/profile-displayphoto-shrink_200_200/B4DZSCfD03HYAY-/0/1737355970215?e=1780531200&v=beta&t=shbC1Gbl35_en9SrF4h-VU2SJEzeB4w6w-PDSx0IHzY,
aesthesis-foundation,Aesthesis Foundation,"Community-led impact, dignity and development for underserved families.","Mumbai, Maharashtra, India",2015,"Building Community Impact,",One Life at a Time.,"Aesthesis Foundation is presented as a premium NGO website concept focused on community development, dignity and grassroots change for communities in Mumbai.","Aesthesis Foundation focuses on community development, dignity and grassroots change through community-led programs, partnerships and on-ground outreach in Mumbai. This website concept presents the mission, impact, team and donation journey in a premium digital format.",Support This Cause ₹,#051f1a,#14352c,#e0bd55,https://images.unsplash.com/photo-1524492412937-b28074a5d7da?auto=format&fit=crop&w=1920&q=80,,Community Outreach,FIELD PROGRAMS,"Grassroots outreach, awareness drives and local partnerships that connect families with practical support.",https://images.unsplash.com/photo-1551731409-43eb3e517a1a?auto=format&fit=crop&w=900&q=80,Education Support,EDUCATION,"Learning support, mentoring and school-readiness programs for children from underserved communities.",https://images.unsplash.com/photo-1594608661623-aa0bd3a69799?auto=format&fit=crop&w=900&q=80,Health & Wellness Camps,HEALTHCARE,"Preventive health camps, awareness sessions and referral support for vulnerable families.",https://images.unsplash.com/photo-1631815588090-d4bfec5b1ccb?auto=format&fit=crop&w=900&q=80,Livelihood & Skills,EMPOWERMENT,"Skill-building, self-reliance and livelihood support designed to help communities move forward.",https://images.unsplash.com/photo-1611702700098-dec597b27d9d?auto=format&fit=crop&w=900&q=80,"10,000+",Lives Reached,Across Mumbai communities,75+,Community Drives,Community-led programs,12+,Years of Impact,Experience-led impact,₹1Cr+,Value Mobilised,For social programs,"The work represented by Aesthesis Foundation shows how focused community action can create trust, dignity and practical support for families.",Community Member,Mumbai,Director,"Rolif Cornelio is associated with Aesthesis Foundation as Director, helping strengthen partnerships, visibility and community impact across Mumbai.",Program Coordinator,Community Programs,"Coordinates local outreach, volunteer support and program delivery for communities connected with Aesthesis Foundation.",Impact Lead,Partnerships & Reporting,"Supports donor communication, impact storytelling and transparent reporting for social programs.",hello@aesthesis-foundation.org,,"Mumbai, Maharashtra, India",https://www.linkedin.com/in/ACwAAAL_1rkBY-zQAPww1lVmZ6Fsqlldc-NoD6A,client-batch-1,ready,Rolif Cornelio,https://www.linkedin.com/in/ACwAAAL_1rkBY-zQAPww1lVmZ6Fsqlldc-NoD6A,https://media.licdn.com/dms/image/v2/D4D35AQH2Spu20Jhegg/profile-framedphoto-shrink_800_800/B4DZ4rTAIzJsAg-/0/1778842862410?e=1779462000&v=beta&t=IiSZHvlzS9iH4qC6st0ydweP_yHUw0lfNdBU5Pnn7mA,https://media.licdn.com/dms/image/v2/D4D16AQF7X9TpEVInwA/profile-displaybackgroundimage-shrink_350_1400/B4DZ1TIt3NKAAY-/0/1775216288806?e=1780531200&v=beta&t=Ah0BpK8t0gCEnJofUz-UfKuuikWnR2uVjj0Mzy3fLXA
fairtales-fundraising,Fairtales Fundraising,"Community-led impact, dignity and development for underserved families.","Maharashtra, India",2018,"Building Community Impact,",One Life at a Time.,"Fairtales Fundraising is presented as a premium NGO website concept focused on community development, dignity and grassroots change for communities in Maharashtra.","Fairtales Fundraising focuses on community development, dignity and grassroots change through community-led programs, partnerships and on-ground outreach in Maharashtra. This website concept presents the mission, impact, team and donation journey in a premium digital format.",Support This Cause ₹,#071b14,#1c3a2f,#c7a646,https://images.unsplash.com/photo-1524492412937-b28074a5d7da?auto=format&fit=crop&w=1920&q=80,,Community Outreach,FIELD PROGRAMS,"Grassroots outreach, awareness drives and local partnerships that connect families with practical support.",https://images.unsplash.com/photo-1551731409-43eb3e517a1a?auto=format&fit=crop&w=900&q=80,Education Support,EDUCATION,"Learning support, mentoring and school-readiness programs for children from underserved communities.",https://images.unsplash.com/photo-1594608661623-aa0bd3a69799?auto=format&fit=crop&w=900&q=80,Health & Wellness Camps,HEALTHCARE,"Preventive health camps, awareness sessions and referral support for vulnerable families.",https://images.unsplash.com/photo-1631815588090-d4bfec5b1ccb?auto=format&fit=crop&w=900&q=80,Livelihood & Skills,EMPOWERMENT,"Skill-building, self-reliance and livelihood support designed to help communities move forward.",https://images.unsplash.com/photo-1611702700098-dec597b27d9d?auto=format&fit=crop&w=900&q=80,"10,000+",Lives Reached,Across Maharashtra communities,75+,Community Drives,Community-led programs,12+,Years of Impact,Experience-led impact,₹1Cr+,Value Mobilised,For social programs,"The work represented by Fairtales Fundraising shows how focused community action can create trust, dignity and practical support for families.",Community Member,Maharashtra,Founder and Director,"Siddhartha Dutta is associated with Fairtales Fundraising as Founder and Director, helping strengthen partnerships, visibility and community impact across...",Program Coordinator,Community Programs,"Coordinates local outreach, volunteer support and program delivery for communities connected with Fairtales Fundraising.",Impact Lead,Partnerships & Reporting,"Supports donor communication, impact storytelling and transparent reporting for social programs.",hello@fairtales-fundraising.org,,"Maharashtra, India",https://www.linkedin.com/in/ACwAAAg6L70BT_b_J2-F06fNzmQ7rPU6u7kMY3I,client-batch-1,ready,Siddhartha Dutta,https://www.linkedin.com/in/ACwAAAg6L70BT_b_J2-F06fNzmQ7rPU6u7kMY3I,https://media.licdn.com/dms/image/v2/D4D03AQGSOwq-RGkaFA/profile-displayphoto-shrink_200_200/B4DZbIZLYvHsAY-/0/1747118766904?e=1780531200&v=beta&t=io0CGhqr6CPbWIwS48A4fD1UDDZ6ZhDo-YG7NyMUyEk,https://media.licdn.com/dms/image/v2/D4D16AQHAGa9-FuklwA/profile-displaybackgroundimage-shrink_200_800/profile-displaybackgroundimage-shrink_200_800/0/1732038887170?e=1780531200&v=beta&t=SETYLgnpmMvHCdNSDVZOGNFLwHI9bsEG8NY2GN_bzcQ
the-feline-foundation,The Feline Foundation,"Community-led impact, dignity and development for underserved families.","Mumbai, Maharashtra, India",2019,"Building Community Impact,",One Life at a Time.,"The Feline Foundation is presented as a premium NGO website concept focused on community development, dignity and grassroots change for communities in Mumbai.","The Feline Foundation focuses on community development, dignity and grassroots change through community-led programs, partnerships and on-ground outreach in Mumbai. This website concept presents the mission, impact, team and donation journey in a premium digital format.",Support This Cause ₹,#071b14,#1c3a2f,#c7a646,https://images.unsplash.com/photo-1524492412937-b28074a5d7da?auto=format&fit=crop&w=1920&q=80,,Community Outreach,FIELD PROGRAMS,"Grassroots outreach, awareness drives and local partnerships that connect families with practical support.",https://images.unsplash.com/photo-1551731409-43eb3e517a1a?auto=format&fit=crop&w=900&q=80,Education Support,EDUCATION,"Learning support, mentoring and school-readiness programs for children from underserved communities.",https://images.unsplash.com/photo-1594608661623-aa0bd3a69799?auto=format&fit=crop&w=900&q=80,Health & Wellness Camps,HEALTHCARE,"Preventive health camps, awareness sessions and referral support for vulnerable families.",https://images.unsplash.com/photo-1631815588090-d4bfec5b1ccb?auto=format&fit=crop&w=900&q=80,Livelihood & Skills,EMPOWERMENT,"Skill-building, self-reliance and livelihood support designed to help communities move forward.",https://images.unsplash.com/photo-1611702700098-dec597b27d9d?auto=format&fit=crop&w=900&q=80,"10,000+",Lives Reached,Across Mumbai communities,75+,Community Drives,Community-led programs,12+,Years of Impact,Experience-led impact,₹1Cr+,Value Mobilised,For social programs,"The work represented by The Feline Foundation shows how focused community action can create trust, dignity and practical support for families.",Community Member,Mumbai,Executive Director,"Pallavi Kamath is associated with The Feline Foundation as Executive Director, helping strengthen partnerships, visibility and community impact across Mum...",Program Coordinator,Community Programs,"Coordinates local outreach, volunteer support and program delivery for communities connected with The Feline Foundation.",Impact Lead,Partnerships & Reporting,"Supports donor communication, impact storytelling and transparent reporting for social programs.",hello@the-feline-foundation.org,,"Mumbai, Maharashtra, India",https://www.linkedin.com/in/ACwAACBKyDMBOd6JT28aV6NbvdbI2iO88iyDDVs,client-batch-1,ready,Pallavi Kamath,https://www.linkedin.com/in/ACwAACBKyDMBOd6JT28aV6NbvdbI2iO88iyDDVs,https://media.licdn.com/dms/image/v2/D4D35AQG--r3Nhdy5KQ/profile-framedphoto-shrink_800_800/B4DZ258SuYHUAg-/0/1776941083791?e=1779462000&v=beta&t=kJyYohG8244Kzx5WBG69pad80wXWjkZ2M4ouYsyKSYs,https://media.licdn.com/dms/image/v2/D4D16AQHKYAz5vm41Lw/profile-displaybackgroundimage-shrink_200_800/profile-displaybackgroundimage-shrink_200_800/0/1731663244011?e=1780531200&v=beta&t=nuAODIBsyWz_DF-suLOtlKgS_bE86WJ6sZOSZYQwDDU
special-hangout,Special Hangout,"Community-led impact, dignity and development for underserved families.","Mumbai, Maharashtra, India",2025,"Building Community Impact,",One Life at a Time.,"Special Hangout is presented as a premium NGO website concept focused on community development, dignity and grassroots change for communities in Mumbai.","Special Hangout focuses on community development, dignity and grassroots change through community-led programs, partnerships and on-ground outreach in Mumbai. This website concept presents the mission, impact, team and donation journey in a premium digital format.",Support This Cause ₹,#051f1a,#14352c,#e0bd55,https://images.unsplash.com/photo-1524492412937-b28074a5d7da?auto=format&fit=crop&w=1920&q=80,,Community Outreach,FIELD PROGRAMS,"Grassroots outreach, awareness drives and local partnerships that connect families with practical support.",https://images.unsplash.com/photo-1551731409-43eb3e517a1a?auto=format&fit=crop&w=900&q=80,Education Support,EDUCATION,"Learning support, mentoring and school-readiness programs for children from underserved communities.",https://images.unsplash.com/photo-1594608661623-aa0bd3a69799?auto=format&fit=crop&w=900&q=80,Health & Wellness Camps,HEALTHCARE,"Preventive health camps, awareness sessions and referral support for vulnerable families.",https://images.unsplash.com/photo-1631815588090-d4bfec5b1ccb?auto=format&fit=crop&w=900&q=80,Livelihood & Skills,EMPOWERMENT,"Skill-building, self-reliance and livelihood support designed to help communities move forward.",https://images.unsplash.com/photo-1611702700098-dec597b27d9d?auto=format&fit=crop&w=900&q=80,"10,000+",Lives Reached,Across Mumbai communities,75+,Community Drives,Community-led programs,12+,Years of Impact,Experience-led impact,₹1Cr+,Value Mobilised,For social programs,"The work represented by Special Hangout shows how focused community action can create trust, dignity and practical support for families.",Community Member,Mumbai,Director,"Ritu Vig is associated with Special Hangout as Director, helping strengthen partnerships, visibility and community impact across Mumbai.",Program Coordinator,Community Programs,"Coordinates local outreach, volunteer support and program delivery for communities connected with Special Hangout.",Impact Lead,Partnerships & Reporting,"Supports donor communication, impact storytelling and transparent reporting for social programs.",hello@special-hangout.org,,"Mumbai, Maharashtra, India",https://www.linkedin.com/in/ACwAAAhIe5UBl0Y5iTre22PApEhYaVDSNHt63PI,client-batch-1,ready,Ritu Vig,https://www.linkedin.com/in/ACwAAAhIe5UBl0Y5iTre22PApEhYaVDSNHt63PI,https://media.licdn.com/dms/image/v2/D4D35AQFsq4BQbuorJA/profile-framedphoto-shrink_800_800/B4DZ3cw1rdI0Ag-/0/1777525283794?e=1779462000&v=beta&t=w3_3SA30udt7KmvQMyl6UHcHfr5Ln30K0Ukc4SrD0G8,https://media.licdn.com/dms/image/v2/D4D16AQE3lgDO5pQbAQ/profile-displaybackgroundimage-shrink_200_800/profile-displaybackgroundimage-shrink_200_800/0/1707873883454?e=1780531200&v=beta&t=GetehQt-aeO3-aNDhWvMPf6PGQWwxeOawLymXabN-Nk
unified-ngo-federation,Unified NGO Federation,"Community-led impact, dignity and development for underserved families.",Mumbai Metropolitan Region,2019,"Building Community Impact,",One Life at a Time.,"Unified NGO Federation is presented as a premium NGO website concept focused on community development, dignity and grassroots change for communities in Mumbai.","Unified NGO Federation focuses on community development, dignity and grassroots change through community-led programs, partnerships and on-ground outreach in Mumbai. This website concept presents the mission, impact, team and donation journey in a premium digital format.",Support This Cause ₹,#001b13,#0b2d22,#d7b84f,https://images.unsplash.com/photo-1524492412937-b28074a5d7da?auto=format&fit=crop&w=1920&q=80,,Community Outreach,FIELD PROGRAMS,"Grassroots outreach, awareness drives and local partnerships that connect families with practical support.",https://images.unsplash.com/photo-1551731409-43eb3e517a1a?auto=format&fit=crop&w=900&q=80,Education Support,EDUCATION,"Learning support, mentoring and school-readiness programs for children from underserved communities.",https://images.unsplash.com/photo-1594608661623-aa0bd3a69799?auto=format&fit=crop&w=900&q=80,Health & Wellness Camps,HEALTHCARE,"Preventive health camps, awareness sessions and referral support for vulnerable families.",https://images.unsplash.com/photo-1631815588090-d4bfec5b1ccb?auto=format&fit=crop&w=900&q=80,Livelihood & Skills,EMPOWERMENT,"Skill-building, self-reliance and livelihood support designed to help communities move forward.",https://images.unsplash.com/photo-1611702700098-dec597b27d9d?auto=format&fit=crop&w=900&q=80,"10,000+",Lives Reached,Across Mumbai communities,75+,Community Drives,Community-led programs,12+,Years of Impact,Experience-led impact,₹1Cr+,Value Mobilised,For social programs,"The work represented by Unified NGO Federation shows how focused community action can create trust, dignity and practical support for families.",Community Member,Mumbai,Chairman,"Dayanand Shriram is associated with Unified NGO Federation as Chairman, helping strengthen partnerships, visibility and community impact across Mumbai.",Program Coordinator,Community Programs,"Coordinates local outreach, volunteer support and program delivery for communities connected with Unified NGO Federation.",Impact Lead,Partnerships & Reporting,"Supports donor communication, impact storytelling and transparent reporting for social programs.",hello@unified-ngo-federation.org,,Mumbai Metropolitan Region,https://www.linkedin.com/in/ACwAAAdXmHoBMWmcwEgvTEERPUj2uLwzFLa2Tb0,client-batch-1,ready,Dayanand Shriram,https://www.linkedin.com/in/ACwAAAdXmHoBMWmcwEgvTEERPUj2uLwzFLa2Tb0,https://media.licdn.com/dms/image/v2/D4D03AQFXCgWeW9_pwA/profile-displayphoto-shrink_800_800/B4DZS7u83JGkAc-/0/1738316435347?e=1780531200&v=beta&t=Nq37oB6V6noequ8-E1K6nM1_WRrcODnaFiQywHySQO4,https://media.licdn.com/dms/image/v2/D4D16AQG2Dnwuwb9G2Q/profile-displaybackgroundimage-shrink_200_800/B4DZcmpaTtGUAY-/0/1748700081688?e=1780531200&v=beta&t=VmJFoTUQhL6QVg6HViLXsDXDQgZlHfn61UShEyLaTNI
rise-infinity-foundation,RISE Infinity Foundation,"Community-led impact, dignity and development for underserved families.","Mumbai, Maharashtra, India",2015,"Building Community Impact,",One Life at a Time.,"RISE Infinity Foundation is presented as a premium NGO website concept focused on community development, dignity and grassroots change for communities in Mumbai.","RISE Infinity Foundation focuses on community development, dignity and grassroots change through community-led programs, partnerships and on-ground outreach in Mumbai. This website concept presents the mission, impact, team and donation journey in a premium digital format.",Support This Cause ₹,#051f1a,#14352c,#e0bd55,https://images.unsplash.com/photo-1524492412937-b28074a5d7da?auto=format&fit=crop&w=1920&q=80,,Community Outreach,FIELD PROGRAMS,"Grassroots outreach, awareness drives and local partnerships that connect families with practical support.",https://images.unsplash.com/photo-1551731409-43eb3e517a1a?auto=format&fit=crop&w=900&q=80,Education Support,EDUCATION,"Learning support, mentoring and school-readiness programs for children from underserved communities.",https://images.unsplash.com/photo-1594608661623-aa0bd3a69799?auto=format&fit=crop&w=900&q=80,Health & Wellness Camps,HEALTHCARE,"Preventive health camps, awareness sessions and referral support for vulnerable families.",https://images.unsplash.com/photo-1631815588090-d4bfec5b1ccb?auto=format&fit=crop&w=900&q=80,Livelihood & Skills,EMPOWERMENT,"Skill-building, self-reliance and livelihood support designed to help communities move forward.",https://images.unsplash.com/photo-1611702700098-dec597b27d9d?auto=format&fit=crop&w=900&q=80,"10,000+",Lives Reached,Across Mumbai communities,75+,Community Drives,Community-led programs,12+,Years of Impact,Experience-led impact,₹1Cr+,Value Mobilised,For social programs,"The work represented by RISE Infinity Foundation shows how focused community action can create trust, dignity and practical support for families.",Community Member,Mumbai,Founder Trustee,"Karon Shaiva is associated with RISE Infinity Foundation as Founder Trustee, helping strengthen partnerships, visibility and community impact across Mumba...",Program Coordinator,Community Programs,"Coordinates local outreach, volunteer support and program delivery for communities connected with RISE Infinity Foundation.",Impact Lead,Partnerships & Reporting,"Supports donor communication, impact storytelling and transparent reporting for social programs.",hello@rise-infinity-foundation.org,,"Mumbai, Maharashtra, India",https://www.linkedin.com/in/ACwAAAG3ZYUB1b3e17wA2bFIfJ6FTqhh89wqGGA,client-batch-1,ready,Karon Shaiva,https://www.linkedin.com/in/ACwAAAG3ZYUB1b3e17wA2bFIfJ6FTqhh89wqGGA,https://media.licdn.com/dms/image/v2/C5603AQFDYeO5BiotDQ/profile-displayphoto-shrink_200_200/profile-displayphoto-shrink_200_200/0/1517665669635?e=1780531200&v=beta&t=j3jm6lIbuSCByP0NsBgBE8z1D9aAX9Fr-HyOOaJka3o,https://media.licdn.com/dms/image/v2/D4D16AQEjJCpKyeEh7A/profile-displaybackgroundimage-shrink_200_800/B4DZjsYNOMH4AU-/0/1756312426155?e=1780531200&v=beta&t=_T7XX9Lj9pgV_rtt_QkJvhdcxWkHFEoXlI8NePZazQQ
saturday-club-global-trust,Saturday Club Global Trust,"Creating safer, brighter and more supportive futures for children.","Mumbai, Maharashtra, India",2020,"Protecting Childhood,",Creating Futures.,"Saturday Club Global Trust is presented as a premium NGO website concept focused on child welfare, learning and care for communities in Mumbai.","Saturday Club Global Trust focuses on child welfare, learning and care through community-led programs, partnerships and on-ground outreach in Mumbai. This website concept presents the mission, impact, team and donation journey in a premium digital format.",Support This Cause ₹,#051f1a,#14352c,#e0bd55,https://images.unsplash.com/photo-1497633762265-9d179a990aa6?auto=format&fit=crop&w=1920&q=80,,Child Learning Support,EDUCATION,"School support, after-class learning and activity-based programs for children who need extra care.",https://images.unsplash.com/photo-1594608661623-aa0bd3a69799?auto=format&fit=crop&w=900&q=80,Child Safety Awareness,PROTECTION,Awareness programs for families and communities focused on child safety and protection.,https://images.unsplash.com/photo-1503676260728-1c00da094a0b?auto=format&fit=crop&w=900&q=80,Nutrition & Wellness,CARE,Basic nutrition awareness and wellness support to help children grow with dignity.,https://images.unsplash.com/photo-1516627145497-ae6968895b74?auto=format&fit=crop&w=900&q=80,Youth Mentoring,MENTORSHIP,Mentorship and confidence-building activities that help young people make better life choices.,https://images.unsplash.com/photo-1521587760476-6c12a4b040da?auto=format&fit=crop&w=900&q=80,"5,500+",Children Reached,Across Mumbai communities,70+,Activity Sessions,Community-led programs,40+,Community Volunteers,Local support network,15+,Safe Spaces,Purpose-led progress,"The work represented by Saturday Club Global Trust shows how focused community action can create trust, dignity and practical support for families.",Community Member,Mumbai,Region Head ‚Äö√Ñ√¨ Central Mumbai Region 2 (Volunteer) Saturday Club Global Trust (SCGT),"Shivkkala S is associated with Saturday Club Global Trust as Region Head ‚Äö√Ñ√¨ Central Mumbai Region 2 (Volunteer) Saturday Club Global Trust (SCGT), helpin...",Program Coordinator,Community Programs,"Coordinates local outreach, volunteer support and program delivery for communities connected with Saturday Club Global Trust.",Impact Lead,Partnerships & Reporting,"Supports donor communication, impact storytelling and transparent reporting for social programs.",hello@saturday-club-global-trust.org,,"Mumbai, Maharashtra, India",https://www.linkedin.com/in/ACwAAAHi6fwBUjX7gr56iTVClm221EsPSf3ZcWQ,client-batch-1,ready,Shivkkala S,https://www.linkedin.com/in/ACwAAAHi6fwBUjX7gr56iTVClm221EsPSf3ZcWQ,https://media.licdn.com/dms/image/v2/D4D03AQF_xmkb8YBVWQ/profile-displayphoto-scale_200_200/B4DZlHW2VgJAAY-/0/1757838798167?e=1780531200&v=beta&t=GzN5vHrZcx-QwcBBZ4KQLAkpTwUO73uv4VWg2ET3WXw,https://media.licdn.com/dms/image/v2/D4D16AQHMAKmv0qpjkA/profile-displaybackgroundimage-shrink_200_800/B4DZroMEp.J4AU-/0/1764832071484?e=1780531200&v=beta&t=kdG4w4Ido6kevJz8F_xecC1iGvPlacCXZhI8AJfxSRc
williez,Williez,"Community-led impact, dignity and development for underserved families.","Mumbai, Maharashtra, India",2009,"Building Community Impact,",One Life at a Time.,"Williez is presented as a premium NGO website concept focused on community development, dignity and grassroots change for communities in Mumbai.","Williez focuses on community development, dignity and grassroots change through community-led programs, partnerships and on-ground outreach in Mumbai. This website concept presents the mission, impact, team and donation journey in a premium digital format.",Support This Cause ₹,#071b14,#1c3a2f,#c7a646,https://images.unsplash.com/photo-1524492412937-b28074a5d7da?auto=format&fit=crop&w=1920&q=80,,Community Outreach,FIELD PROGRAMS,"Grassroots outreach, awareness drives and local partnerships that connect families with practical support.",https://images.unsplash.com/photo-1551731409-43eb3e517a1a?auto=format&fit=crop&w=900&q=80,Education Support,EDUCATION,"Learning support, mentoring and school-readiness programs for children from underserved communities.",https://images.unsplash.com/photo-1594608661623-aa0bd3a69799?auto=format&fit=crop&w=900&q=80,Health & Wellness Camps,HEALTHCARE,"Preventive health camps, awareness sessions and referral support for vulnerable families.",https://images.unsplash.com/photo-1631815588090-d4bfec5b1ccb?auto=format&fit=crop&w=900&q=80,Livelihood & Skills,EMPOWERMENT,"Skill-building, self-reliance and livelihood support designed to help communities move forward.",https://images.unsplash.com/photo-1611702700098-dec597b27d9d?auto=format&fit=crop&w=900&q=80,"10,000+",Lives Reached,Across Mumbai communities,75+,Community Drives,Community-led programs,12+,Years of Impact,Experience-led impact,₹1Cr+,Value Mobilised,For social programs,"The work represented by Williez shows how focused community action can create trust, dignity and practical support for families.",Community Member,Mumbai,Founder - Director,"Suvvidha Kannan is associated with Williez as Founder - Director, helping strengthen partnerships, visibility and community impact across Mumbai.",Program Coordinator,Community Programs,"Coordinates local outreach, volunteer support and program delivery for communities connected with Williez.",Impact Lead,Partnerships & Reporting,"Supports donor communication, impact storytelling and transparent reporting for social programs.",hello@williez.org,,"Mumbai, Maharashtra, India",https://www.linkedin.com/in/ACwAACHcO_sBrMqMnOZRv81F5eDjGyaikrYNrYM,client-batch-1,ready,Suvvidha Kannan,https://www.linkedin.com/in/ACwAACHcO_sBrMqMnOZRv81F5eDjGyaikrYNrYM,https://media.licdn.com/dms/image/v2/D5603AQGZx0dE8pp3Bg/profile-displayphoto-shrink_200_200/B56ZUnIahvGQAY-/0/1740118274403?e=1780531200&v=beta&t=YkKfhAq7MIs5fjZa44tTz_8fWod6q-KzMOmm_6g60vo,https://media.licdn.com/dms/image/v2/D5616AQHgwAY3MWYnGg/profile-displaybackgroundimage-shrink_200_800/profile-displaybackgroundimage-shrink_200_800/0/1679395916900?e=1780531200&v=beta&t=lxrJaF7ydpAGS7u5BgwE1wHNw-LKJm43C5dytR0y2pI
ayushman-foundation-ngo,Ayushman Foundation | NGO,"Community-led impact, dignity and development for underserved families.",Mumbai Metropolitan Region,2020,"Building Community Impact,",One Life at a Time.,"Ayushman Foundation | NGO is presented as a premium NGO website concept focused on community development, dignity and grassroots change for communities in Mumbai.","Ayushman Foundation | NGO focuses on community development, dignity and grassroots change through community-led programs, partnerships and on-ground outreach in Mumbai. This website concept presents the mission, impact, team and donation journey in a premium digital format.",Support This Cause ₹,#051f1a,#14352c,#e0bd55,https://images.unsplash.com/photo-1524492412937-b28074a5d7da?auto=format&fit=crop&w=1920&q=80,,Community Outreach,FIELD PROGRAMS,"Grassroots outreach, awareness drives and local partnerships that connect families with practical support.",https://images.unsplash.com/photo-1551731409-43eb3e517a1a?auto=format&fit=crop&w=900&q=80,Education Support,EDUCATION,"Learning support, mentoring and school-readiness programs for children from underserved communities.",https://images.unsplash.com/photo-1594608661623-aa0bd3a69799?auto=format&fit=crop&w=900&q=80,Health & Wellness Camps,HEALTHCARE,"Preventive health camps, awareness sessions and referral support for vulnerable families.",https://images.unsplash.com/photo-1631815588090-d4bfec5b1ccb?auto=format&fit=crop&w=900&q=80,Livelihood & Skills,EMPOWERMENT,"Skill-building, self-reliance and livelihood support designed to help communities move forward.",https://images.unsplash.com/photo-1611702700098-dec597b27d9d?auto=format&fit=crop&w=900&q=80,"10,000+",Lives Reached,Across Mumbai communities,75+,Community Drives,Community-led programs,12+,Years of Impact,Experience-led impact,₹1Cr+,Value Mobilised,For social programs,"The work represented by Ayushman Foundation | NGO shows how focused community action can create trust, dignity and practical support for families.",Community Member,Mumbai,Founder,"Rishikesh Tripathi is associated with Ayushman Foundation | NGO as Founder, helping strengthen partnerships, visibility and community impact across Mumbai.",Program Coordinator,Community Programs,"Coordinates local outreach, volunteer support and program delivery for communities connected with Ayushman Foundation | NGO.",Impact Lead,Partnerships & Reporting,"Supports donor communication, impact storytelling and transparent reporting for social programs.",hello@ayushman-foundation-ngo.org,,Mumbai Metropolitan Region,https://www.linkedin.com/in/ACwAACAlrXkBavRFWsIPR6kZ8e6878H6ryIYElo,client-batch-1,ready,Rishikesh Tripathi,https://www.linkedin.com/in/ACwAACAlrXkBavRFWsIPR6kZ8e6878H6ryIYElo,https://media.licdn.com/dms/image/v2/D4D03AQFMlVQiWnXogA/profile-displayphoto-shrink_200_200/B4DZOLY.kGHcAY-/0/1733210402380?e=1780531200&v=beta&t=5p_pLHoCNHJ67vbJdX3BCodzgAjHkxCt4feLbTy5GJ4,https://media.licdn.com/dms/image/v2/C4D16AQHOxEf8UPquBw/profile-displaybackgroundimage-shrink_350_1400/profile-displaybackgroundimage-shrink_350_1400/0/1654023964983?e=1780531200&v=beta&t=tM6OmhBeZEIohbfKrT2D9BWrwt-zbQVoXQy_k7ofBxs
lincoln-university-college,Lincoln University College,"Community-led impact, dignity and development for underserved families.","Mumbai, Maharashtra, India",2025,"Building Community Impact,",One Life at a Time.,"Lincoln University College is presented as a premium NGO website concept focused on community development, dignity and grassroots change for communities in Mumbai.","Lincoln University College focuses on community development, dignity and grassroots change through community-led programs, partnerships and on-ground outreach in Mumbai. This website concept presents the mission, impact, team and donation journey in a premium digital format.",Support This Cause ₹,#001b13,#0b2d22,#d7b84f,https://images.unsplash.com/photo-1524492412937-b28074a5d7da?auto=format&fit=crop&w=1920&q=80,,Community Outreach,FIELD PROGRAMS,"Grassroots outreach, awareness drives and local partnerships that connect families with practical support.",https://images.unsplash.com/photo-1551731409-43eb3e517a1a?auto=format&fit=crop&w=900&q=80,Education Support,EDUCATION,"Learning support, mentoring and school-readiness programs for children from underserved communities.",https://images.unsplash.com/photo-1594608661623-aa0bd3a69799?auto=format&fit=crop&w=900&q=80,Health & Wellness Camps,HEALTHCARE,"Preventive health camps, awareness sessions and referral support for vulnerable families.",https://images.unsplash.com/photo-1631815588090-d4bfec5b1ccb?auto=format&fit=crop&w=900&q=80,Livelihood & Skills,EMPOWERMENT,"Skill-building, self-reliance and livelihood support designed to help communities move forward.",https://images.unsplash.com/photo-1611702700098-dec597b27d9d?auto=format&fit=crop&w=900&q=80,"10,000+",Lives Reached,Across Mumbai communities,75+,Community Drives,Community-led programs,12+,Years of Impact,Experience-led impact,₹1Cr+,Value Mobilised,For social programs,"The work represented by Lincoln University College shows how focused community action can create trust, dignity and practical support for families.",Community Member,Mumbai,Principal Supervisor for Post Doctoral Studies,"Dr.Julee Banerji is associated with Lincoln University College as Principal Supervisor for Post Doctoral Studies, helping strengthen partnerships, visibil...",Program Coordinator,Community Programs,"Coordinates local outreach, volunteer support and program delivery for communities connected with Lincoln University College.",Impact Lead,Partnerships & Reporting,"Supports donor communication, impact storytelling and transparent reporting for social programs.",hello@lincoln-university-college.org,,"Mumbai, Maharashtra, India",https://www.linkedin.com/in/ACwAABRa70oBH392Lz5r8TDi88VTGLGFVoZ5Ulg,client-batch-1,ready,Dr.Julee Banerji,https://www.linkedin.com/in/ACwAABRa70oBH392Lz5r8TDi88VTGLGFVoZ5Ulg,https://media.licdn.com/dms/image/v2/D4D03AQHJ1D1YowIdFg/profile-displayphoto-shrink_200_200/profile-displayphoto-shrink_200_200/0/1708820465366?e=1780531200&v=beta&t=0jPnQdm4rVmdeYvZzMPda5JWwHDfFsd-zwpxU8xxb2A,https://media.licdn.com/dms/image/v2/D5616AQE4YSCQRu5k_A/profile-displaybackgroundimage-shrink_200_800/B56Z0F0oBtJMAU-/0/1773919175803?e=1780531200&v=beta&t=StKRIXAeApJu7FvoosMV3f1EXaOzZM9kjgCP2XyjE-Y
thousand-stars-foundation,Thousand stars foundation,"Community-led impact, dignity and development for underserved families.","Mumbai, Maharashtra, India",2021,"Building Community Impact,",One Life at a Time.,"Thousand stars foundation is presented as a premium NGO website concept focused on community development, dignity and grassroots change for communities in Mumbai.","Thousand stars foundation focuses on community development, dignity and grassroots change through community-led programs, partnerships and on-ground outreach in Mumbai. This website concept presents the mission, impact, team and donation journey in a premium digital format.",Support This Cause ₹,#071b14,#1c3a2f,#c7a646,https://images.unsplash.com/photo-1524492412937-b28074a5d7da?auto=format&fit=crop&w=1920&q=80,,Community Outreach,FIELD PROGRAMS,"Grassroots outreach, awareness drives and local partnerships that connect families with practical support.",https://images.unsplash.com/photo-1551731409-43eb3e517a1a?auto=format&fit=crop&w=900&q=80,Education Support,EDUCATION,"Learning support, mentoring and school-readiness programs for children from underserved communities.",https://images.unsplash.com/photo-1594608661623-aa0bd3a69799?auto=format&fit=crop&w=900&q=80,Health & Wellness Camps,HEALTHCARE,"Preventive health camps, awareness sessions and referral support for vulnerable families.",https://images.unsplash.com/photo-1631815588090-d4bfec5b1ccb?auto=format&fit=crop&w=900&q=80,Livelihood & Skills,EMPOWERMENT,"Skill-building, self-reliance and livelihood support designed to help communities move forward.",https://images.unsplash.com/photo-1611702700098-dec597b27d9d?auto=format&fit=crop&w=900&q=80,"10,000+",Lives Reached,Across Mumbai communities,75+,Community Drives,Community-led programs,12+,Years of Impact,Experience-led impact,₹1Cr+,Value Mobilised,For social programs,"The work represented by Thousand stars foundation shows how focused community action can create trust, dignity and practical support for families.",Community Member,Mumbai,Director of Projects,"Anushua Chakrabarti is associated with Thousand stars foundation as Director of Projects, helping strengthen partnerships, visibility and community impact...",Program Coordinator,Community Programs,"Coordinates local outreach, volunteer support and program delivery for communities connected with Thousand stars foundation.",Impact Lead,Partnerships & Reporting,"Supports donor communication, impact storytelling and transparent reporting for social programs.",hello@thousand-stars-foundation.org,,"Mumbai, Maharashtra, India",https://www.linkedin.com/in/ACwAAFF6_NwB8pLGIzqale925krdC7CWGjCbGIg,client-batch-1,ready,Anushua Chakrabarti,https://www.linkedin.com/in/ACwAAFF6_NwB8pLGIzqale925krdC7CWGjCbGIg,https://media.licdn.com/dms/image/v2/D4E03AQHrK0XxhVEN4Q/profile-displayphoto-shrink_800_800/B4EZda6krFHgAc-/0/1749576997800?e=1780531200&v=beta&t=EWEtpOqk1_iJJEyEfDt89nMPJjGQf2iG5jwfMZQyQU4,https://media.licdn.com/dms/image/v2/D4E16AQGLuBt4KbNzeQ/profile-displaybackgroundimage-shrink_200_800/B4EZadDyAMHcAU-/0/1746391738412?e=1780531200&v=beta&t=MewIot4lPgyZKCtdWi7t1IP-vXYoyWKgZhmxfJUZrQY
icf-mumbai-charter-chapter,ICF Mumbai Charter Chapter,"Community-led impact, dignity and development for underserved families.","Mumbai, Maharashtra, India",2025,"Building Community Impact,",One Life at a Time.,"ICF Mumbai Charter Chapter is presented as a premium NGO website concept focused on community development, dignity and grassroots change for communities in Mumbai.","ICF Mumbai Charter Chapter focuses on community development, dignity and grassroots change through community-led programs, partnerships and on-ground outreach in Mumbai. This website concept presents the mission, impact, team and donation journey in a premium digital format.",Support This Cause ₹,#001b13,#0b2d22,#d7b84f,https://images.unsplash.com/photo-1524492412937-b28074a5d7da?auto=format&fit=crop&w=1920&q=80,,Community Outreach,FIELD PROGRAMS,"Grassroots outreach, awareness drives and local partnerships that connect families with practical support.",https://images.unsplash.com/photo-1551731409-43eb3e517a1a?auto=format&fit=crop&w=900&q=80,Education Support,EDUCATION,"Learning support, mentoring and school-readiness programs for children from underserved communities.",https://images.unsplash.com/photo-1594608661623-aa0bd3a69799?auto=format&fit=crop&w=900&q=80,Health & Wellness Camps,HEALTHCARE,"Preventive health camps, awareness sessions and referral support for vulnerable families.",https://images.unsplash.com/photo-1631815588090-d4bfec5b1ccb?auto=format&fit=crop&w=900&q=80,Livelihood & Skills,EMPOWERMENT,"Skill-building, self-reliance and livelihood support designed to help communities move forward.",https://images.unsplash.com/photo-1611702700098-dec597b27d9d?auto=format&fit=crop&w=900&q=80,"10,000+",Lives Reached,Across Mumbai communities,75+,Community Drives,Community-led programs,12+,Years of Impact,Experience-led impact,₹1Cr+,Value Mobilised,For social programs,"The work represented by ICF Mumbai Charter Chapter shows how focused community action can create trust, dignity and practical support for families.",Community Member,Mumbai,Director-Marketing & Communications,"Aniket Anjali Pohekar is associated with ICF Mumbai Charter Chapter as Director-Marketing & Communications, helping strengthen partnerships, visibility an...",Program Coordinator,Community Programs,"Coordinates local outreach, volunteer support and program delivery for communities connected with ICF Mumbai Charter Chapter.",Impact Lead,Partnerships & Reporting,"Supports donor communication, impact storytelling and transparent reporting for social programs.",hello@icf-mumbai-charter-chapter.org,,"Mumbai, Maharashtra, India",https://www.linkedin.com/in/ACwAAAAxXv8B7WAUfxjR7XqWrN5-R4PXJE2lIGM,client-batch-1,ready,Aniket Anjali Pohekar,https://www.linkedin.com/in/ACwAAAAxXv8B7WAUfxjR7XqWrN5-R4PXJE2lIGM,https://media.licdn.com/dms/image/v2/D4D03AQHWw9VtvMu1PA/profile-displayphoto-shrink_800_800/B4DZcf3rODGkAc-/0/1748586378798?e=1780531200&v=beta&t=HW7P4uF54DxrP6j3WimvqU0VkR-8LhW5aJ8hr_PoJO0,https://media.licdn.com/dms/image/v2/D4D16AQFqMgF8M2x_aQ/profile-displaybackgroundimage-shrink_200_800/B4DZZOswveGkAU-/0/1745077080155?e=1780531200&v=beta&t=HEbEpExxn9LbXGwLotWoRcHCXAxSFzzFyB3_AvUGlN8
ministry-of-women-child-development,Ministry of Women & Child Development,"Supporting women with skills, confidence and stronger livelihood pathways.","Mumbai, Maharashtra, India",2022,"Empowering Women,",Strengthening Families.,"Ministry of Women & Child Development is presented as a premium NGO website concept focused on women empowerment, skills and livelihood support for communities in Mumbai.","Ministry of Women & Child Development focuses on women empowerment, skills and livelihood support through community-led programs, partnerships and on-ground outreach in Mumbai. This website concept presents the mission, impact, team and donation journey in a premium digital format.",Support This Cause ₹,#071b14,#1c3a2f,#c7a646,https://images.unsplash.com/photo-1611702700098-dec597b27d9d?auto=format&fit=crop&w=1920&q=80,,Women Skill Circles,EMPOWERMENT,"Skill-building groups that support confidence, income opportunities and self-reliance for women.",https://images.unsplash.com/photo-1551731409-43eb3e517a1a?auto=format&fit=crop&w=900&q=80,Entrepreneurship Support,LIVELIHOOD,"Micro-enterprise guidance, financial awareness and market-readiness support for women-led initiatives.",https://images.unsplash.com/photo-1594608661623-aa0bd3a69799?auto=format&fit=crop&w=900&q=80,Health & Safety Sessions,CARE,"Community sessions focused on health awareness, dignity, safety and access to support systems.",https://images.unsplash.com/photo-1611702700098-dec597b27d9d?auto=format&fit=crop&w=900&q=80,Leadership Groups,LEADERSHIP,Local women leaders and peer networks that create confidence and collective progress.,https://images.unsplash.com/photo-1516627145497-ae6968895b74?auto=format&fit=crop&w=900&q=80,"4,200+",Women Reached,Across Mumbai communities,60+,Skill Circles,Purpose-led progress,35+,Local Mentors,Local support network,300+,Micro Goals,For social programs,"The work represented by Ministry of Women & Child Development shows how focused community action can create trust, dignity and practical support for families.",Community Member,Mumbai,District Advisory Committee Member of All Inclusive Woman Schemes,"Deepali D. Vandana is associated with Ministry of Women & Child Development as District Advisory Committee Member of All Inclusive Woman Schemes, helping...",Program Coordinator,Community Programs,"Coordinates local outreach, volunteer support and program delivery for communities connected with Ministry of Women & Child Development.",Impact Lead,Partnerships & Reporting,"Supports donor communication, impact storytelling and transparent reporting for social programs.",hello@ministry-of-women-child-development.org,,"Mumbai, Maharashtra, India",https://www.linkedin.com/in/ACwAABabEWgBZrkDpwo1m11_yQvuxAqbI9UqThg,client-batch-1,ready,Deepali D. Vandana,https://www.linkedin.com/in/ACwAABabEWgBZrkDpwo1m11_yQvuxAqbI9UqThg,https://media.licdn.com/dms/image/v2/D4D03AQF6pptepgHsSg/profile-displayphoto-shrink_200_200/profile-displayphoto-shrink_200_200/0/1727375663723?e=1780531200&v=beta&t=HegMsNGlfYRFmdh4xIPZrrkxaQ2hf8ZiFwHdrisjFYE,https://media.licdn.com/dms/image/v2/D4D16AQEKzVrDd082TA/profile-displaybackgroundimage-shrink_350_1400/profile-displaybackgroundimage-shrink_350_1400/0/1727375995694?e=1780531200&v=beta&t=l-pAo4dizzMi6GpdZkI-0kpJgH9t-bNeXEonIlEa6xY
social-empowerment-voluntary-association,Social Empowerment & Voluntary Association,"Community-led impact, dignity and development for underserved families.","Navi Mumbai, Maharashtra, India",2009,"Building Community Impact,",One Life at a Time.,"Social Empowerment & Voluntary Association is presented as a premium NGO website concept focused on community development, dignity and grassroots change for communities in Navi Mumbai.","Social Empowerment & Voluntary Association focuses on community development, dignity and grassroots change through community-led programs, partnerships and on-ground outreach in Navi Mumbai. This website concept presents the mission, impact, team and donation journey in a premium digital format.",Support This Cause ₹,#071b14,#1c3a2f,#c7a646,https://images.unsplash.com/photo-1524492412937-b28074a5d7da?auto=format&fit=crop&w=1920&q=80,,Community Outreach,FIELD PROGRAMS,"Grassroots outreach, awareness drives and local partnerships that connect families with practical support.",https://images.unsplash.com/photo-1551731409-43eb3e517a1a?auto=format&fit=crop&w=900&q=80,Education Support,EDUCATION,"Learning support, mentoring and school-readiness programs for children from underserved communities.",https://images.unsplash.com/photo-1594608661623-aa0bd3a69799?auto=format&fit=crop&w=900&q=80,Health & Wellness Camps,HEALTHCARE,"Preventive health camps, awareness sessions and referral support for vulnerable families.",https://images.unsplash.com/photo-1631815588090-d4bfec5b1ccb?auto=format&fit=crop&w=900&q=80,Livelihood & Skills,EMPOWERMENT,"Skill-building, self-reliance and livelihood support designed to help communities move forward.",https://images.unsplash.com/photo-1611702700098-dec597b27d9d?auto=format&fit=crop&w=900&q=80,"10,000+",Lives Reached,Across Navi Mumbai communities,75+,Community Drives,Community-led programs,12+,Years of Impact,Experience-led impact,₹1Cr+,Value Mobilised,For social programs,"The work represented by Social Empowerment & Voluntary Association shows how focused community action can create trust, dignity and practical support for families.",Community Member,Navi Mumbai,President,"Adv. Ashok Pawar is associated with Social Empowerment & Voluntary Association as President, helping strengthen partnerships, visibility and community imp...",Program Coordinator,Community Programs,"Coordinates local outreach, volunteer support and program delivery for communities connected with Social Empowerment & Voluntary Association.",Impact Lead,Partnerships & Reporting,"Supports donor communication, impact storytelling and transparent reporting for social programs.",hello@social-empowerment-voluntary-association.org,,"Navi Mumbai, Maharashtra, India",https://www.linkedin.com/in/ACwAAATh-7cBHU8QM4vsatr1HgsmlJZcaYNyjnY,client-batch-1,ready,Adv. Ashok Pawar,https://www.linkedin.com/in/ACwAAATh-7cBHU8QM4vsatr1HgsmlJZcaYNyjnY,https://media.licdn.com/dms/image/v2/D4D03AQEnbWi19-zl7g/profile-displayphoto-crop_800_800/B4DZmJDpd6GQAI-/0/1758941060527?e=1780531200&v=beta&t=tutLm3spW-z9p-P-ZjOJJ52hniHMt8Gbd4pJnQrIL90,
think-grow-rich-academy,Think & Grow Rich Academy,Helping children and young learners access brighter educational opportunities.,"Mumbai, Maharashtra, India",2016,"Opening Classrooms,",Unlocking Futures.,"Think & Grow Rich Academy is presented as a premium NGO website concept focused on education access, mentoring and learning support for communities in Mumbai.","Think & Grow Rich Academy focuses on education access, mentoring and learning support through community-led programs, partnerships and on-ground outreach in Mumbai. This website concept presents the mission, impact, team and donation journey in a premium digital format.",Support This Cause ₹,#051f1a,#14352c,#e0bd55,https://images.unsplash.com/photo-1497633762265-9d179a990aa6?auto=format&fit=crop&w=1920&q=80,,Learning Centers,EDUCATION,"Community learning spaces that help children build confidence, reading skills and school continuity.",https://images.unsplash.com/photo-1503676260728-1c00da094a0b?auto=format&fit=crop&w=900&q=80,Scholarship Support,STUDENT CARE,"Support for students who need guidance, supplies and encouragement to continue their education.",https://images.unsplash.com/photo-1596495578065-6e0763fa1178?auto=format&fit=crop&w=900&q=80,Digital Learning,SKILLS,Digital literacy and practical learning exposure for young learners and first-generation students.,https://images.unsplash.com/photo-1516627145497-ae6968895b74?auto=format&fit=crop&w=900&q=80,Mentor Network,GUIDANCE,Volunteer mentoring and local role models who help students plan stronger futures.,https://images.unsplash.com/photo-1521587760476-6c12a4b040da?auto=format&fit=crop&w=900&q=80,"6,000+",Learners Supported,Across Mumbai communities,80+,Learning Sessions,Community-led programs,25+,Volunteer Mentors,Local support network,92%,Retention Focus,Purpose-led progress,"The work represented by Think & Grow Rich Academy shows how focused community action can create trust, dignity and practical support for families.",Community Member,Mumbai,Founder | CEO | Life & Business Strategist,"CA Sidharth Shah is associated with Think & Grow Rich Academy as Founder | CEO | Life & Business Strategist, helping strengthen partnerships, visibility a...",Program Coordinator,Community Programs,"Coordinates local outreach, volunteer support and program delivery for communities connected with Think & Grow Rich Academy.",Impact Lead,Partnerships & Reporting,"Supports donor communication, impact storytelling and transparent reporting for social programs.",hello@think-grow-rich-academy.org,,"Mumbai, Maharashtra, India",https://www.linkedin.com/in/ACwAACDtDIgBYxvJl9gTe49Y7m-M6kEuakC043Q,client-batch-1,ready,CA Sidharth Shah,https://www.linkedin.com/in/ACwAACDtDIgBYxvJl9gTe49Y7m-M6kEuakC043Q,https://media.licdn.com/dms/image/v2/C4E03AQHDiMKqAG_r5g/profile-displayphoto-shrink_200_200/profile-displayphoto-shrink_200_200/0/1620219881619?e=1780531200&v=beta&t=sdoxVscGomq_DLLNp6BTly6jGMs4jOFBrWPXwf2e7oM,https://media.licdn.com/dms/image/v2/D4D16AQEOreWVKYVdQw/profile-displaybackgroundimage-shrink_200_800/B4DZhbmrw0GQAU-/0/1753883524994?e=1780531200&v=beta&t=Y17DBUlWL0ZiNDU6HF7BkQpM9XxIFMnZLwM4Y-9NERc
educo-india,Educo - India,"Community-led impact, dignity and development for underserved families.","Mumbai, Maharashtra, India",2009,"Building Community Impact,",One Life at a Time.,"Educo - India is presented as a premium NGO website concept focused on community development, dignity and grassroots change for communities in Mumbai.","Educo - India focuses on community development, dignity and grassroots change through community-led programs, partnerships and on-ground outreach in Mumbai. This website concept presents the mission, impact, team and donation journey in a premium digital format.",Support This Cause ₹,#071b14,#1c3a2f,#c7a646,https://images.unsplash.com/photo-1524492412937-b28074a5d7da?auto=format&fit=crop&w=1920&q=80,,Community Outreach,FIELD PROGRAMS,"Grassroots outreach, awareness drives and local partnerships that connect families with practical support.",https://images.unsplash.com/photo-1551731409-43eb3e517a1a?auto=format&fit=crop&w=900&q=80,Education Support,EDUCATION,"Learning support, mentoring and school-readiness programs for children from underserved communities.",https://images.unsplash.com/photo-1594608661623-aa0bd3a69799?auto=format&fit=crop&w=900&q=80,Health & Wellness Camps,HEALTHCARE,"Preventive health camps, awareness sessions and referral support for vulnerable families.",https://images.unsplash.com/photo-1631815588090-d4bfec5b1ccb?auto=format&fit=crop&w=900&q=80,Livelihood & Skills,EMPOWERMENT,"Skill-building, self-reliance and livelihood support designed to help communities move forward.",https://images.unsplash.com/photo-1611702700098-dec597b27d9d?auto=format&fit=crop&w=900&q=80,"10,000+",Lives Reached,Across Mumbai communities,75+,Community Drives,Community-led programs,12+,Years of Impact,Experience-led impact,₹1Cr+,Value Mobilised,For social programs,"The work represented by Educo - India shows how focused community action can create trust, dignity and practical support for families.",Community Member,Mumbai,Founder Trustee,"Meenal Srinivasan is associated with Educo - India as Founder Trustee, helping strengthen partnerships, visibility and community impact across Mumbai.",Program Coordinator,Community Programs,"Coordinates local outreach, volunteer support and program delivery for communities connected with Educo - India.",Impact Lead,Partnerships & Reporting,"Supports donor communication, impact storytelling and transparent reporting for social programs.",hello@educo-india.org,,"Mumbai, Maharashtra, India",https://www.linkedin.com/in/ACwAAACEqBoBAdwtyP01ZXE-SSKFd3J9DYMRu7Q,client-batch-1,ready,Meenal Srinivasan,https://www.linkedin.com/in/ACwAAACEqBoBAdwtyP01ZXE-SSKFd3J9DYMRu7Q,https://media.licdn.com/dms/image/v2/C4E03AQE-cQkzF58dGw/profile-displayphoto-shrink_200_200/profile-displayphoto-shrink_200_200/0/1516277994075?e=1780531200&v=beta&t=1LiCH0WQhXmEwZvfHPTkNDf-VDfFFVs6qFvFbcX-2Uw,https://media.licdn.com/dms/image/v2/C4E16AQE0_BcFgJnLCA/profile-displaybackgroundimage-shrink_200_800/profile-displaybackgroundimage-shrink_200_800/0/1559641357722?e=1780531200&v=beta&t=62-KPk-fNvoFfmDRP-ZGk2ohDAVNqAW-oKcY3SfM_WU
jkp-care-foundation,JKP Care Foundation,"Community-led impact, dignity and development for underserved families.","Mumbai, Maharashtra, India",2025,"Building Community Impact,",One Life at a Time.,"JKP Care Foundation is presented as a premium NGO website concept focused on community development, dignity and grassroots change for communities in Mumbai.","JKP Care Foundation focuses on community development, dignity and grassroots change through community-led programs, partnerships and on-ground outreach in Mumbai. This website concept presents the mission, impact, team and donation journey in a premium digital format.",Support This Cause ₹,#071b14,#1c3a2f,#c7a646,https://images.unsplash.com/photo-1524492412937-b28074a5d7da?auto=format&fit=crop&w=1920&q=80,,Community Outreach,FIELD PROGRAMS,"Grassroots outreach, awareness drives and local partnerships that connect families with practical support.",https://images.unsplash.com/photo-1551731409-43eb3e517a1a?auto=format&fit=crop&w=900&q=80,Education Support,EDUCATION,"Learning support, mentoring and school-readiness programs for children from underserved communities.",https://images.unsplash.com/photo-1594608661623-aa0bd3a69799?auto=format&fit=crop&w=900&q=80,Health & Wellness Camps,HEALTHCARE,"Preventive health camps, awareness sessions and referral support for vulnerable families.",https://images.unsplash.com/photo-1631815588090-d4bfec5b1ccb?auto=format&fit=crop&w=900&q=80,Livelihood & Skills,EMPOWERMENT,"Skill-building, self-reliance and livelihood support designed to help communities move forward.",https://images.unsplash.com/photo-1611702700098-dec597b27d9d?auto=format&fit=crop&w=900&q=80,"10,000+",Lives Reached,Across Mumbai communities,75+,Community Drives,Community-led programs,12+,Years of Impact,Experience-led impact,₹1Cr+,Value Mobilised,For social programs,"The work represented by JKP Care Foundation shows how focused community action can create trust, dignity and practical support for families.",Community Member,Mumbai,Project Director,"Gourav Wadhwa is associated with JKP Care Foundation as Project Director, helping strengthen partnerships, visibility and community impact across Mumbai.",Program Coordinator,Community Programs,"Coordinates local outreach, volunteer support and program delivery for communities connected with JKP Care Foundation.",Impact Lead,Partnerships & Reporting,"Supports donor communication, impact storytelling and transparent reporting for social programs.",hello@jkp-care-foundation.org,,"Mumbai, Maharashtra, India",https://www.linkedin.com/in/ACwAADnXaxYBUaGzXBQUimElofKJ0_wIKBh2Fbs,client-batch-1,ready,Gourav Wadhwa,https://www.linkedin.com/in/ACwAADnXaxYBUaGzXBQUimElofKJ0_wIKBh2Fbs,https://media.licdn.com/dms/image/v2/D5603AQG4ANOFpG9LVA/profile-displayphoto-scale_200_200/B56ZvfXpyBJ8Ag-/0/1768979083982?e=1780531200&v=beta&t=2-svYwiGJlzHyN2o5i07y6evnYogvywZGmWebn0x9hg,https://media.licdn.com/dms/image/v2/D4D16AQFpXBJKk7P6xw/profile-displaybackgroundimage-shrink_350_1400/B4DZwdnZo6JcAc-/0/1770023398546?e=1780531200&v=beta&t=xJke09t6-8MkCKr49LJjYKKWkM5jonznCLXOSJJ0_KA
gully-classes-foundation,Gully Classes Foundation,"Community-led impact, dignity and development for underserved families.","Mumbai, Maharashtra, India",2022,"Building Community Impact,",One Life at a Time.,"Gully Classes Foundation is presented as a premium NGO website concept focused on community development, dignity and grassroots change for communities in Mumbai.","Gully Classes Foundation focuses on community development, dignity and grassroots change through community-led programs, partnerships and on-ground outreach in Mumbai. This website concept presents the mission, impact, team and donation journey in a premium digital format.",Support This Cause ₹,#001b13,#0b2d22,#d7b84f,https://images.unsplash.com/photo-1524492412937-b28074a5d7da?auto=format&fit=crop&w=1920&q=80,,Community Outreach,FIELD PROGRAMS,"Grassroots outreach, awareness drives and local partnerships that connect families with practical support.",https://images.unsplash.com/photo-1551731409-43eb3e517a1a?auto=format&fit=crop&w=900&q=80,Education Support,EDUCATION,"Learning support, mentoring and school-readiness programs for children from underserved communities.",https://images.unsplash.com/photo-1594608661623-aa0bd3a69799?auto=format&fit=crop&w=900&q=80,Health & Wellness Camps,HEALTHCARE,"Preventive health camps, awareness sessions and referral support for vulnerable families.",https://images.unsplash.com/photo-1631815588090-d4bfec5b1ccb?auto=format&fit=crop&w=900&q=80,Livelihood & Skills,EMPOWERMENT,"Skill-building, self-reliance and livelihood support designed to help communities move forward.",https://images.unsplash.com/photo-1611702700098-dec597b27d9d?auto=format&fit=crop&w=900&q=80,"10,000+",Lives Reached,Across Mumbai communities,75+,Community Drives,Community-led programs,12+,Years of Impact,Experience-led impact,₹1Cr+,Value Mobilised,For social programs,"The work represented by Gully Classes Foundation shows how focused community action can create trust, dignity and practical support for families.",Community Member,Mumbai,Founder & Director,"Abdul Munaf Zakir Hussain is associated with Gully Classes Foundation as Founder & Director, helping strengthen partnerships, visibility and community imp...",Program Coordinator,Community Programs,"Coordinates local outreach, volunteer support and program delivery for communities connected with Gully Classes Foundation.",Impact Lead,Partnerships & Reporting,"Supports donor communication, impact storytelling and transparent reporting for social programs.",hello@gully-classes-foundation.org,,"Mumbai, Maharashtra, India",https://www.linkedin.com/in/ACwAADacCXoBPpt0NWznAGM0AhxjCCVzgEbL1C4,client-batch-1,ready,Abdul Munaf Zakir Hussain,https://www.linkedin.com/in/ACwAADacCXoBPpt0NWznAGM0AhxjCCVzgEbL1C4,https://media.licdn.com/dms/image/v2/D4D03AQGCLZwLJhxaQQ/profile-displayphoto-shrink_200_200/B4DZOs4iVTG0AY-/0/1733772322891?e=1780531200&v=beta&t=7d1tV746H-7j8XpAm4TRfKGz6fzKUXFPiaDdvL-lVNo,https://media.licdn.com/dms/image/v2/D4D16AQG6duVoGkFDPQ/profile-displaybackgroundimage-shrink_350_1400/profile-displaybackgroundimage-shrink_350_1400/0/1733772510177?e=1780531200&v=beta&t=lyyrwjwM04aewkUcLQYZAafNrjOR_mIh42AifL7RSd0
krg-data-research-foundation,KRG Data Research Foundation,"Community-led impact, dignity and development for underserved families.","Mumbai, Maharashtra, India",2022,"Building Community Impact,",One Life at a Time.,"KRG Data Research Foundation is presented as a premium NGO website concept focused on community development, dignity and grassroots change for communities in Mumbai.","KRG Data Research Foundation focuses on community development, dignity and grassroots change through community-led programs, partnerships and on-ground outreach in Mumbai. This website concept presents the mission, impact, team and donation journey in a premium digital format.",Support This Cause ₹,#001b13,#0b2d22,#d7b84f,https://images.unsplash.com/photo-1524492412937-b28074a5d7da?auto=format&fit=crop&w=1920&q=80,,Community Outreach,FIELD PROGRAMS,"Grassroots outreach, awareness drives and local partnerships that connect families with practical support.",https://images.unsplash.com/photo-1551731409-43eb3e517a1a?auto=format&fit=crop&w=900&q=80,Education Support,EDUCATION,"Learning support, mentoring and school-readiness programs for children from underserved communities.",https://images.unsplash.com/photo-1594608661623-aa0bd3a69799?auto=format&fit=crop&w=900&q=80,Health & Wellness Camps,HEALTHCARE,"Preventive health camps, awareness sessions and referral support for vulnerable families.",https://images.unsplash.com/photo-1631815588090-d4bfec5b1ccb?auto=format&fit=crop&w=900&q=80,Livelihood & Skills,EMPOWERMENT,"Skill-building, self-reliance and livelihood support designed to help communities move forward.",https://images.unsplash.com/photo-1611702700098-dec597b27d9d?auto=format&fit=crop&w=900&q=80,"10,000+",Lives Reached,Across Mumbai communities,75+,Community Drives,Community-led programs,12+,Years of Impact,Experience-led impact,₹1Cr+,Value Mobilised,For social programs,"The work represented by KRG Data Research Foundation shows how focused community action can create trust, dignity and practical support for families.",Community Member,Mumbai,Co-Founder,"CMA Kailash R. Gandhi is associated with KRG Data Research Foundation as Co-Founder, helping strengthen partnerships, visibility and community impact acro...",Program Coordinator,Community Programs,"Coordinates local outreach, volunteer support and program delivery for communities connected with KRG Data Research Foundation.",Impact Lead,Partnerships & Reporting,"Supports donor communication, impact storytelling and transparent reporting for social programs.",hello@krg-data-research-foundation.org,,"Mumbai, Maharashtra, India",https://www.linkedin.com/in/ACwAAAEzRikBY0rwBKlkiv4L0Qm12QUWYFWLJQc,client-batch-1,ready,CMA Kailash R. Gandhi,https://www.linkedin.com/in/ACwAAAEzRikBY0rwBKlkiv4L0Qm12QUWYFWLJQc,https://media.licdn.com/dms/image/v2/D4D03AQE0z3dbSktFVQ/profile-displayphoto-shrink_800_800/profile-displayphoto-shrink_800_800/0/1730059111792?e=1780531200&v=beta&t=7gef5FEeP7nWIEksS0Yc4N25zTx8XNgoFfZ8urt4XHo,https://media.licdn.com/dms/image/v2/D4D16AQELUnQ5xHbAEQ/profile-displaybackgroundimage-shrink_200_800/B4DZZrjpohGcAU-/0/1745561233356?e=1780531200&v=beta&t=9JvhWbvy-F5y8n-OUrcYGwnpL553SMix8RLu7rbNkn8
elysium-impressions,Elysium Impressions,"Community-led impact, dignity and development for underserved families.","Mumbai, Maharashtra, India",2020,"Building Community Impact,",One Life at a Time.,"Elysium Impressions is presented as a premium NGO website concept focused on community development, dignity and grassroots change for communities in Mumbai.","Elysium Impressions focuses on community development, dignity and grassroots change through community-led programs, partnerships and on-ground outreach in Mumbai. This website concept presents the mission, impact, team and donation journey in a premium digital format.",Support This Cause ₹,#001b13,#0b2d22,#d7b84f,https://images.unsplash.com/photo-1524492412937-b28074a5d7da?auto=format&fit=crop&w=1920&q=80,,Community Outreach,FIELD PROGRAMS,"Grassroots outreach, awareness drives and local partnerships that connect families with practical support.",https://images.unsplash.com/photo-1551731409-43eb3e517a1a?auto=format&fit=crop&w=900&q=80,Education Support,EDUCATION,"Learning support, mentoring and school-readiness programs for children from underserved communities.",https://images.unsplash.com/photo-1594608661623-aa0bd3a69799?auto=format&fit=crop&w=900&q=80,Health & Wellness Camps,HEALTHCARE,"Preventive health camps, awareness sessions and referral support for vulnerable families.",https://images.unsplash.com/photo-1631815588090-d4bfec5b1ccb?auto=format&fit=crop&w=900&q=80,Livelihood & Skills,EMPOWERMENT,"Skill-building, self-reliance and livelihood support designed to help communities move forward.",https://images.unsplash.com/photo-1611702700098-dec597b27d9d?auto=format&fit=crop&w=900&q=80,"10,000+",Lives Reached,Across Mumbai communities,75+,Community Drives,Community-led programs,12+,Years of Impact,Experience-led impact,₹1Cr+,Value Mobilised,For social programs,"The work represented by Elysium Impressions shows how focused community action can create trust, dignity and practical support for families.",Community Member,Mumbai,Founder,"Komal Udhwani is associated with Elysium Impressions as Founder, helping strengthen partnerships, visibility and community impact across Mumbai.",Program Coordinator,Community Programs,"Coordinates local outreach, volunteer support and program delivery for communities connected with Elysium Impressions.",Impact Lead,Partnerships & Reporting,"Supports donor communication, impact storytelling and transparent reporting for social programs.",hello@elysium-impressions.org,,"Mumbai, Maharashtra, India",https://www.linkedin.com/in/ACwAACVfXHAB3eOMzcI17YLmUygjoorUmZXRvGk,client-batch-1,ready,Komal Udhwani,https://www.linkedin.com/in/ACwAACVfXHAB3eOMzcI17YLmUygjoorUmZXRvGk,https://media.licdn.com/dms/image/v2/D4D03AQFkk8gndJBdCw/profile-displayphoto-crop_800_800/B4DZv535U3GgAM-/0/1769423852203?e=1780531200&v=beta&t=a9rWd0DBMW4d9369qxOZTRiPfZ3jnIPnjHiENBIxwFY,https://media.licdn.com/dms/image/v2/D4D16AQEGh73sqYdZeg/profile-displaybackgroundimage-shrink_200_800/B4DZXd9VaUGkAU-/0/1743185604767?e=1780531200&v=beta&t=bGuoaWD8vAh24bblGtPKl5QYZGr6sz7QVCOTDpFQanU
impactful-giving,Impactful Giving,"Community-led impact, dignity and development for underserved families.",India,2025,"Building Community Impact,",One Life at a Time.,"Impactful Giving is presented as a premium NGO website concept focused on community development, dignity and grassroots change for communities in India.","Impactful Giving focuses on community development, dignity and grassroots change through community-led programs, partnerships and on-ground outreach in India. This website concept presents the mission, impact, team and donation journey in a premium digital format.",Support This Cause ₹,#051f1a,#14352c,#e0bd55,https://images.unsplash.com/photo-1524492412937-b28074a5d7da?auto=format&fit=crop&w=1920&q=80,,Community Outreach,FIELD PROGRAMS,"Grassroots outreach, awareness drives and local partnerships that connect families with practical support.",https://images.unsplash.com/photo-1551731409-43eb3e517a1a?auto=format&fit=crop&w=900&q=80,Education Support,EDUCATION,"Learning support, mentoring and school-readiness programs for children from underserved communities.",https://images.unsplash.com/photo-1594608661623-aa0bd3a69799?auto=format&fit=crop&w=900&q=80,Health & Wellness Camps,HEALTHCARE,"Preventive health camps, awareness sessions and referral support for vulnerable families.",https://images.unsplash.com/photo-1631815588090-d4bfec5b1ccb?auto=format&fit=crop&w=900&q=80,Livelihood & Skills,EMPOWERMENT,"Skill-building, self-reliance and livelihood support designed to help communities move forward.",https://images.unsplash.com/photo-1611702700098-dec597b27d9d?auto=format&fit=crop&w=900&q=80,"10,000+",Lives Reached,Across Indian communities,75+,Community Drives,Community-led programs,12+,Years of Impact,Experience-led impact,₹1Cr+,Value Mobilised,For social programs,"The work represented by Impactful Giving shows how focused community action can create trust, dignity and practical support for families.",Community Member,India,Non Executive Director,"Shardul Dabir is associated with Impactful Giving as Non Executive Director, helping strengthen partnerships, visibility and community impact across India.",Program Coordinator,Community Programs,"Coordinates local outreach, volunteer support and program delivery for communities connected with Impactful Giving.",Impact Lead,Partnerships & Reporting,"Supports donor communication, impact storytelling and transparent reporting for social programs.",hello@impactful-giving.org,,India,https://www.linkedin.com/in/ACwAAAsJeg4BBs2xkB3fDphfYmVatVYNZsaITvQ,client-batch-1,ready,Shardul Dabir,https://www.linkedin.com/in/ACwAAAsJeg4BBs2xkB3fDphfYmVatVYNZsaITvQ,https://media.licdn.com/dms/image/v2/D5603AQGjeHZKJ_L_Xw/profile-displayphoto-crop_800_800/B56Zp51RAuHAAI-/0/1762980600180?e=1780531200&v=beta&t=Q-8JS3_qRq7Yev3fiDms-AJlNA8rx8hZAGcvdz5ZL3Q,https://media.licdn.com/dms/image/v2/D5616AQEG7tebIRn76w/profile-displaybackgroundimage-shrink_200_800/B56ZqhHV_5IsAU-/0/1763639658012?e=1780531200&v=beta&t=qKlb5UXzDsD2omHPpM8XRy24_BvGoxuKQh-EWQR-Vm8
bharatiya-yuva-shakti-trust-byst,Bharatiya Yuva Shakti Trust (BYST),"Community-led impact, dignity and development for underserved families.","New Delhi, Delhi, India",1998,"Building Community Impact,",One Life at a Time.,"Bharatiya Yuva Shakti Trust (BYST) is presented as a premium NGO website concept focused on community development, dignity and grassroots change for communities in New Delhi.","Bharatiya Yuva Shakti Trust (BYST) focuses on community development, dignity and grassroots change through community-led programs, partnerships and on-ground outreach in New Delhi. This website concept presents the mission, impact, team and donation journey in a premium digital format.",Support This Cause ₹,#071b14,#1c3a2f,#c7a646,https://images.unsplash.com/photo-1524492412937-b28074a5d7da?auto=format&fit=crop&w=1920&q=80,,Community Outreach,FIELD PROGRAMS,"Grassroots outreach, awareness drives and local partnerships that connect families with practical support.",https://images.unsplash.com/photo-1551731409-43eb3e517a1a?auto=format&fit=crop&w=900&q=80,Education Support,EDUCATION,"Learning support, mentoring and school-readiness programs for children from underserved communities.",https://images.unsplash.com/photo-1594608661623-aa0bd3a69799?auto=format&fit=crop&w=900&q=80,Health & Wellness Camps,HEALTHCARE,"Preventive health camps, awareness sessions and referral support for vulnerable families.",https://images.unsplash.com/photo-1631815588090-d4bfec5b1ccb?auto=format&fit=crop&w=900&q=80,Livelihood & Skills,EMPOWERMENT,"Skill-building, self-reliance and livelihood support designed to help communities move forward.",https://images.unsplash.com/photo-1611702700098-dec597b27d9d?auto=format&fit=crop&w=900&q=80,"10,000+",Lives Reached,Across New Delhi communities,75+,Community Drives,Community-led programs,12+,Years of Impact,Experience-led impact,₹1Cr+,Value Mobilised,For social programs,"The work represented by Bharatiya Yuva Shakti Trust (BYST) shows how focused community action can create trust, dignity and practical support for families.",Community Member,New Delhi,Founding and Managing Trustee,"Lakshmi Venkataraman Venkatesan is associated with Bharatiya Yuva Shakti Trust (BYST) as Founding and Managing Trustee, helping strengthen partnerships, v...",Program Coordinator,Community Programs,"Coordinates local outreach, volunteer support and program delivery for communities connected with Bharatiya Yuva Shakti Trust (BYST).",Impact Lead,Partnerships & Reporting,"Supports donor communication, impact storytelling and transparent reporting for social programs.",hello@bharatiya-yuva-shakti-trust-byst.org,,"New Delhi, Delhi, India",https://www.linkedin.com/in/ACwAAB__tRgBBm9lW2gaAVmhzkFNv3uv4-Xwoio,client-batch-1,ready,Lakshmi Venkataraman Venkatesan,https://www.linkedin.com/in/ACwAAB__tRgBBm9lW2gaAVmhzkFNv3uv4-Xwoio,https://media.licdn.com/dms/image/v2/D4E03AQEepivi2pAh-Q/profile-displayphoto-shrink_200_200/profile-displayphoto-shrink_200_200/0/1689074807711?e=1780531200&v=beta&t=w7wXb914l7LesKROyFKHX_Psj5cRlJGDQkwZoOiaTbE,https://media.licdn.com/dms/image/v2/D5616AQFXlMXyV0lO8Q/profile-displaybackgroundimage-shrink_200_800/profile-displaybackgroundimage-shrink_200_800/0/1689864336220?e=1780531200&v=beta&t=p-oF6x_74Yqv5nEcdyX0TuW3wvIgqEaDPVhU5BCBdU0
united-way-bengaluru,United Way Bengaluru,Making healthcare awareness and support more accessible to communities.,"Mumbai, Maharashtra, India",2018,"Bringing Care Closer,",Healing Communities.,"United Way Bengaluru is presented as a premium NGO website concept focused on healthcare access, awareness and wellness support for communities in Mumbai.","United Way Bengaluru focuses on healthcare access, awareness and wellness support through community-led programs, partnerships and on-ground outreach in Mumbai. This website concept presents the mission, impact, team and donation journey in a premium digital format.",Support This Cause ₹,#071b14,#1c3a2f,#c7a646,https://images.unsplash.com/photo-1584515933487-779824d29309?auto=format&fit=crop&w=1920&q=80,,Mobile Health Camps,HEALTHCARE,"Community health camps, screenings and basic medical access for families who need timely care.",https://images.unsplash.com/photo-1576091160550-2173dba999ef?auto=format&fit=crop&w=900&q=80,Patient Awareness,AWARENESS,Practical awareness programs that help people identify risks early and seek the right support.,https://images.unsplash.com/photo-1550831107-1553da8c8464?auto=format&fit=crop&w=900&q=80,Care Navigation,SUPPORT,"Guidance, referrals and follow-up support that make the healthcare journey easier for communities.",https://images.unsplash.com/photo-1559757148-5c350d0d3c56?auto=format&fit=crop&w=900&q=80,Community Wellness,WELLNESS,"Preventive care, nutrition awareness and wellness sessions delivered with local participation.",https://images.unsplash.com/photo-1587854692152-cbe660dbde88?auto=format&fit=crop&w=900&q=80,"8,500+",People Supported,Across Mumbai communities,120+,Health Camps,Community-led programs,30+,Care Partners,Local support network,18+,Districts Reached,Purpose-led progress,"The work represented by United Way Bengaluru shows how focused community action can create trust, dignity and practical support for families.",Community Member,Mumbai,Building Ally // Clinical Director,"Tanuja Babre is associated with United Way Bengaluru as Building Ally // Clinical Director, helping strengthen partnerships, visibility and community impa...",Program Coordinator,Community Programs,"Coordinates local outreach, volunteer support and program delivery for communities connected with United Way Bengaluru.",Impact Lead,Partnerships & Reporting,"Supports donor communication, impact storytelling and transparent reporting for social programs.",hello@united-way-bengaluru.org,,"Mumbai, Maharashtra, India",https://www.linkedin.com/in/ACwAABRmxFIB-Tp3OlfTnH66NijjfiFHhn916xM,client-batch-1,ready,Tanuja Babre,https://www.linkedin.com/in/ACwAABRmxFIB-Tp3OlfTnH66NijjfiFHhn916xM,https://media.licdn.com/dms/image/v2/D4D35AQGA98kRb-7H-g/profile-framedphoto-shrink_800_800/profile-framedphoto-shrink_800_800/0/1726653119924?e=1779462000&v=beta&t=v2eUkBjsDVPSTciWbzmmVfhqxeDKvnMd9zqY7uP7WlM,
catalyst-now,Catalyst Now,"Community-led impact, dignity and development for underserved families.","Mumbai, Maharashtra, India",2017,"Building Community Impact,",One Life at a Time.,"Catalyst Now is presented as a premium NGO website concept focused on community development, dignity and grassroots change for communities in Mumbai.","Catalyst Now focuses on community development, dignity and grassroots change through community-led programs, partnerships and on-ground outreach in Mumbai. This website concept presents the mission, impact, team and donation journey in a premium digital format.",Support This Cause ₹,#001b13,#0b2d22,#d7b84f,https://images.unsplash.com/photo-1524492412937-b28074a5d7da?auto=format&fit=crop&w=1920&q=80,,Community Outreach,FIELD PROGRAMS,"Grassroots outreach, awareness drives and local partnerships that connect families with practical support.",https://images.unsplash.com/photo-1551731409-43eb3e517a1a?auto=format&fit=crop&w=900&q=80,Education Support,EDUCATION,"Learning support, mentoring and school-readiness programs for children from underserved communities.",https://images.unsplash.com/photo-1594608661623-aa0bd3a69799?auto=format&fit=crop&w=900&q=80,Health & Wellness Camps,HEALTHCARE,"Preventive health camps, awareness sessions and referral support for vulnerable families.",https://images.unsplash.com/photo-1631815588090-d4bfec5b1ccb?auto=format&fit=crop&w=900&q=80,Livelihood & Skills,EMPOWERMENT,"Skill-building, self-reliance and livelihood support designed to help communities move forward.",https://images.unsplash.com/photo-1611702700098-dec597b27d9d?auto=format&fit=crop&w=900&q=80,"10,000+",Lives Reached,Across Mumbai communities,75+,Community Drives,Community-led programs,12+,Years of Impact,Experience-led impact,₹1Cr+,Value Mobilised,For social programs,"The work represented by Catalyst Now shows how focused community action can create trust, dignity and practical support for families.",Community Member,Mumbai,Co-Chair Catalyst Change Week,"Megha Phansalkar is associated with Catalyst Now as Co-Chair Catalyst Change Week, helping strengthen partnerships, visibility and community impact across...",Program Coordinator,Community Programs,"Coordinates local outreach, volunteer support and program delivery for communities connected with Catalyst Now.",Impact Lead,Partnerships & Reporting,"Supports donor communication, impact storytelling and transparent reporting for social programs.",hello@catalyst-now.org,,"Mumbai, Maharashtra, India",https://www.linkedin.com/in/ACwAAAMns4YBMGg2_SGxjabBQm5Q1IlFYnDns_U,client-batch-1,ready,Megha Phansalkar,https://www.linkedin.com/in/ACwAAAMns4YBMGg2_SGxjabBQm5Q1IlFYnDns_U,https://media.licdn.com/dms/image/v2/D4D35AQEd7eULKk4V1w/profile-framedphoto-shrink_800_800/B4DZ321ywuHgAg-/0/1777962790232?e=1779462000&v=beta&t=SB2gVIcUUm_SdJ1kkT_uzcLaVPledXp28OO4vgaSwCo,https://media.licdn.com/dms/image/v2/C5616AQFe8GFelSuQkg/profile-displaybackgroundimage-shrink_200_800/profile-displaybackgroundimage-shrink_200_800/0/1593770321739?e=1780531200&v=beta&t=39MRpeNSTvr2hER3Tq2vt5z-bxqKUiDNSqVPIVno198
animal-climate-health-save-foundation,Animal Climate & Health Save Foundation,Making healthcare awareness and support more accessible to communities.,"Mumbai, Maharashtra, India",2022,"Bringing Care Closer,",Healing Communities.,"Animal Climate & Health Save Foundation is presented as a premium NGO website concept focused on healthcare access, awareness and wellness support for communities in Mumbai.","Animal Climate & Health Save Foundation focuses on healthcare access, awareness and wellness support through community-led programs, partnerships and on-ground outreach in Mumbai. This website concept presents the mission, impact, team and donation journey in a premium digital format.",Support This Cause ₹,#071b14,#1c3a2f,#c7a646,https://images.unsplash.com/photo-1584515933487-779824d29309?auto=format&fit=crop&w=1920&q=80,,Mobile Health Camps,HEALTHCARE,"Community health camps, screenings and basic medical access for families who need timely care.",https://images.unsplash.com/photo-1576091160550-2173dba999ef?auto=format&fit=crop&w=900&q=80,Patient Awareness,AWARENESS,Practical awareness programs that help people identify risks early and seek the right support.,https://images.unsplash.com/photo-1550831107-1553da8c8464?auto=format&fit=crop&w=900&q=80,Care Navigation,SUPPORT,"Guidance, referrals and follow-up support that make the healthcare journey easier for communities.",https://images.unsplash.com/photo-1559757148-5c350d0d3c56?auto=format&fit=crop&w=900&q=80,Community Wellness,WELLNESS,"Preventive care, nutrition awareness and wellness sessions delivered with local participation.",https://images.unsplash.com/photo-1587854692152-cbe660dbde88?auto=format&fit=crop&w=900&q=80,"8,500+",People Supported,Across Mumbai communities,120+,Health Camps,Community-led programs,30+,Care Partners,Local support network,18+,Districts Reached,Purpose-led progress,"The work represented by Animal Climate & Health Save Foundation shows how focused community action can create trust, dignity and practical support for families.",Community Member,Mumbai,Founder and Director,"Aprajita Ashish is associated with Animal Climate & Health Save Foundation as Founder and Director, helping strengthen partnerships, visibility and commun...",Program Coordinator,Community Programs,"Coordinates local outreach, volunteer support and program delivery for communities connected with Animal Climate & Health Save Foundation.",Impact Lead,Partnerships & Reporting,"Supports donor communication, impact storytelling and transparent reporting for social programs.",hello@animal-climate-health-save-foundation.org,,"Mumbai, Maharashtra, India",https://www.linkedin.com/in/ACwAAB01fZoBHw-3cBOyfc8LWHzxYzyZcX-DrbE,client-batch-1,ready,Aprajita Ashish,https://www.linkedin.com/in/ACwAAB01fZoBHw-3cBOyfc8LWHzxYzyZcX-DrbE,https://media.licdn.com/dms/image/v2/D4D03AQFzqeK0XKrxRg/profile-displayphoto-shrink_200_200/profile-displayphoto-shrink_200_200/0/1726081058058?e=1780531200&v=beta&t=fU0euIGQpQbX4yWAJ0rb_IIHurnA9yJop3hEb8tnHMA,https://media.licdn.com/dms/image/v2/D4D16AQHiKeyTskYLzQ/profile-displaybackgroundimage-shrink_200_800/profile-displaybackgroundimage-shrink_200_800/0/1726081126316?e=1780531200&v=beta&t=FuESwaHHjJRBcXMZuWoG1LUkZkfyRZ4jftg0StTPDTk
goregaon-dental-centre,Goregaon Dental Centre,"Community-led impact, dignity and development for underserved families.","Mumbai, Maharashtra, India",2025,"Building Community Impact,",One Life at a Time.,"Goregaon Dental Centre is presented as a premium NGO website concept focused on community development, dignity and grassroots change for communities in Mumbai.","Goregaon Dental Centre focuses on community development, dignity and grassroots change through community-led programs, partnerships and on-ground outreach in Mumbai. This website concept presents the mission, impact, team and donation journey in a premium digital format.",Support This Cause ₹,#051f1a,#14352c,#e0bd55,https://images.unsplash.com/photo-1524492412937-b28074a5d7da?auto=format&fit=crop&w=1920&q=80,,Community Outreach,FIELD PROGRAMS,"Grassroots outreach, awareness drives and local partnerships that connect families with practical support.",https://images.unsplash.com/photo-1551731409-43eb3e517a1a?auto=format&fit=crop&w=900&q=80,Education Support,EDUCATION,"Learning support, mentoring and school-readiness programs for children from underserved communities.",https://images.unsplash.com/photo-1594608661623-aa0bd3a69799?auto=format&fit=crop&w=900&q=80,Health & Wellness Camps,HEALTHCARE,"Preventive health camps, awareness sessions and referral support for vulnerable families.",https://images.unsplash.com/photo-1631815588090-d4bfec5b1ccb?auto=format&fit=crop&w=900&q=80,Livelihood & Skills,EMPOWERMENT,"Skill-building, self-reliance and livelihood support designed to help communities move forward.",https://images.unsplash.com/photo-1611702700098-dec597b27d9d?auto=format&fit=crop&w=900&q=80,"10,000+",Lives Reached,Across Mumbai communities,75+,Community Drives,Community-led programs,12+,Years of Impact,Experience-led impact,₹1Cr+,Value Mobilised,For social programs,"The work represented by Goregaon Dental Centre shows how focused community action can create trust, dignity and practical support for families.",Community Member,Mumbai,International Speaker,"Dr Naval Ghule is associated with Goregaon Dental Centre as International Speaker, helping strengthen partnerships, visibility and community impact across...",Program Coordinator,Community Programs,"Coordinates local outreach, volunteer support and program delivery for communities connected with Goregaon Dental Centre.",Impact Lead,Partnerships & Reporting,"Supports donor communication, impact storytelling and transparent reporting for social programs.",hello@goregaon-dental-centre.org,,"Mumbai, Maharashtra, India",https://www.linkedin.com/in/ACwAACW2nfIBeeWxZciFbseqByCkcE4Jgw-R7Tk,client-batch-1,ready,Dr Naval Ghule,https://www.linkedin.com/in/ACwAACW2nfIBeeWxZciFbseqByCkcE4Jgw-R7Tk,https://media.licdn.com/dms/image/v2/D4D03AQH-Xd0TFR1aOw/profile-displayphoto-crop_800_800/B4DZfQNW0rGkAM-/0/1751544853483?e=1780531200&v=beta&t=VO2UcV2h30K6yAgDMi7QMJemb0yI4wetUtBmPOSHKDY,
mark-your-presence,Mark Your Presence,"Community-led impact, dignity and development for underserved families.","Mumbai, Maharashtra, India",2018,"Building Community Impact,",One Life at a Time.,"Mark Your Presence is presented as a premium NGO website concept focused on community development, dignity and grassroots change for communities in Mumbai.","Mark Your Presence focuses on community development, dignity and grassroots change through community-led programs, partnerships and on-ground outreach in Mumbai. This website concept presents the mission, impact, team and donation journey in a premium digital format.",Support This Cause ₹,#071b14,#1c3a2f,#c7a646,https://images.unsplash.com/photo-1524492412937-b28074a5d7da?auto=format&fit=crop&w=1920&q=80,,Community Outreach,FIELD PROGRAMS,"Grassroots outreach, awareness drives and local partnerships that connect families with practical support.",https://images.unsplash.com/photo-1551731409-43eb3e517a1a?auto=format&fit=crop&w=900&q=80,Education Support,EDUCATION,"Learning support, mentoring and school-readiness programs for children from underserved communities.",https://images.unsplash.com/photo-1594608661623-aa0bd3a69799?auto=format&fit=crop&w=900&q=80,Health & Wellness Camps,HEALTHCARE,"Preventive health camps, awareness sessions and referral support for vulnerable families.",https://images.unsplash.com/photo-1631815588090-d4bfec5b1ccb?auto=format&fit=crop&w=900&q=80,Livelihood & Skills,EMPOWERMENT,"Skill-building, self-reliance and livelihood support designed to help communities move forward.",https://images.unsplash.com/photo-1611702700098-dec597b27d9d?auto=format&fit=crop&w=900&q=80,"10,000+",Lives Reached,Across Mumbai communities,75+,Community Drives,Community-led programs,12+,Years of Impact,Experience-led impact,₹1Cr+,Value Mobilised,For social programs,"The work represented by Mark Your Presence shows how focused community action can create trust, dignity and practical support for families.",Community Member,Mumbai,Founder,"Chaitanya Prabhu is associated with Mark Your Presence as Founder, helping strengthen partnerships, visibility and community impact across Mumbai.",Program Coordinator,Community Programs,"Coordinates local outreach, volunteer support and program delivery for communities connected with Mark Your Presence.",Impact Lead,Partnerships & Reporting,"Supports donor communication, impact storytelling and transparent reporting for social programs.",hello@mark-your-presence.org,,"Mumbai, Maharashtra, India",https://www.linkedin.com/in/ACwAAC-D91gBAIOP5hXCXG44EYh9wDKeHoBDmxw,client-batch-1,ready,Chaitanya Prabhu,https://www.linkedin.com/in/ACwAAC-D91gBAIOP5hXCXG44EYh9wDKeHoBDmxw,https://media.licdn.com/dms/image/v2/D5603AQEGavnYrjouQg/profile-displayphoto-shrink_200_200/profile-displayphoto-shrink_200_200/0/1710225990624?e=1780531200&v=beta&t=MrejabmToAh-IAx2fuN0g6ylIj1nnYz6gjCPt8N1Xjg,https://media.licdn.com/dms/image/v2/D4D16AQFfnhqB9sqhLw/profile-displaybackgroundimage-shrink_200_800/profile-displaybackgroundimage-shrink_200_800/0/1710247833024?e=1780531200&v=beta&t=9uQ2tdYmdL_7M7J6XXznxBf1BPjhjGrmfDJ6JqTtfrY
citizens-association-for-child-rights-cacr,Citizens Association for Child Rights-CACR,"Creating safer, brighter and more supportive futures for children.","Mumbai, Maharashtra, India",2014,"Protecting Childhood,",Creating Futures.,"Citizens Association for Child Rights-CACR is presented as a premium NGO website concept focused on child welfare, learning and care for communities in Mumbai.","Citizens Association for Child Rights-CACR focuses on child welfare, learning and care through community-led programs, partnerships and on-ground outreach in Mumbai. This website concept presents the mission, impact, team and donation journey in a premium digital format.",Support This Cause ₹,#051f1a,#14352c,#e0bd55,https://images.unsplash.com/photo-1497633762265-9d179a990aa6?auto=format&fit=crop&w=1920&q=80,,Child Learning Support,EDUCATION,"School support, after-class learning and activity-based programs for children who need extra care.",https://images.unsplash.com/photo-1594608661623-aa0bd3a69799?auto=format&fit=crop&w=900&q=80,Child Safety Awareness,PROTECTION,Awareness programs for families and communities focused on child safety and protection.,https://images.unsplash.com/photo-1503676260728-1c00da094a0b?auto=format&fit=crop&w=900&q=80,Nutrition & Wellness,CARE,Basic nutrition awareness and wellness support to help children grow with dignity.,https://images.unsplash.com/photo-1516627145497-ae6968895b74?auto=format&fit=crop&w=900&q=80,Youth Mentoring,MENTORSHIP,Mentorship and confidence-building activities that help young people make better life choices.,https://images.unsplash.com/photo-1521587760476-6c12a4b040da?auto=format&fit=crop&w=900&q=80,"5,500+",Children Reached,Across Mumbai communities,70+,Activity Sessions,Community-led programs,40+,Community Volunteers,Local support network,15+,Safe Spaces,Purpose-led progress,"The work represented by Citizens Association for Child Rights-CACR shows how focused community action can create trust, dignity and practical support for families.",Community Member,Mumbai,Founder Director & Chief Executive Officer,"CITIZENS ASSOCIATION FOR CHILD RIGHTS CACR is associated with Citizens Association for Child Rights-CACR as Founder Director & Chief Executive Officer, he...",Program Coordinator,Community Programs,"Coordinates local outreach, volunteer support and program delivery for communities connected with Citizens Association for Child Rights-CACR.",Impact Lead,Partnerships & Reporting,"Supports donor communication, impact storytelling and transparent reporting for social programs.",hello@citizens-association-for-child-rights-cacr.org,,"Mumbai, Maharashtra, India",https://www.linkedin.com/in/ACwAACeAK7MB6ENPqM-laXPK3J91shBuHMizyCs,client-batch-1,ready,CITIZENS ASSOCIATION FOR CHILD RIGHTS CACR,https://www.linkedin.com/in/ACwAACeAK7MB6ENPqM-laXPK3J91shBuHMizyCs,https://media.licdn.com/dms/image/v2/C5603AQGaN77-Owd0XA/profile-displayphoto-shrink_800_800/profile-displayphoto-shrink_800_800/0/1668075904169?e=1780531200&v=beta&t=MBPPITJWVUNr36YMGuUCut0EndfxQjcXPmDiYsnbySI,https://media.licdn.com/dms/image/v2/D4D16AQH6_ys4VWN2tw/profile-displaybackgroundimage-shrink_200_800/profile-displaybackgroundimage-shrink_200_800/0/1708696379021?e=1780531200&v=beta&t=Yc07x0btDBi7ANqKHdrR96QAlWrM0LpKJhKM9SLsYs0
centre-for-mindfulness-india,Centre for Mindfulness (India),"Community-led impact, dignity and development for underserved families.","Mumbai, Maharashtra, India",2025,"Building Community Impact,",One Life at a Time.,"Centre for Mindfulness (India) is presented as a premium NGO website concept focused on community development, dignity and grassroots change for communities in Mumbai.","Centre for Mindfulness (India) focuses on community development, dignity and grassroots change through community-led programs, partnerships and on-ground outreach in Mumbai. This website concept presents the mission, impact, team and donation journey in a premium digital format.",Support This Cause ₹,#051f1a,#14352c,#e0bd55,https://images.unsplash.com/photo-1524492412937-b28074a5d7da?auto=format&fit=crop&w=1920&q=80,,Community Outreach,FIELD PROGRAMS,"Grassroots outreach, awareness drives and local partnerships that connect families with practical support.",https://images.unsplash.com/photo-1551731409-43eb3e517a1a?auto=format&fit=crop&w=900&q=80,Education Support,EDUCATION,"Learning support, mentoring and school-readiness programs for children from underserved communities.",https://images.unsplash.com/photo-1594608661623-aa0bd3a69799?auto=format&fit=crop&w=900&q=80,Health & Wellness Camps,HEALTHCARE,"Preventive health camps, awareness sessions and referral support for vulnerable families.",https://images.unsplash.com/photo-1631815588090-d4bfec5b1ccb?auto=format&fit=crop&w=900&q=80,Livelihood & Skills,EMPOWERMENT,"Skill-building, self-reliance and livelihood support designed to help communities move forward.",https://images.unsplash.com/photo-1611702700098-dec597b27d9d?auto=format&fit=crop&w=900&q=80,"10,000+",Lives Reached,Across Mumbai communities,75+,Community Drives,Community-led programs,12+,Years of Impact,Experience-led impact,₹1Cr+,Value Mobilised,For social programs,"The work represented by Centre for Mindfulness (India) shows how focused community action can create trust, dignity and practical support for families.",Community Member,Mumbai,Country Director,"Dr. Shambhavi Samir Alve is associated with Centre for Mindfulness (India) as Country Director, helping strengthen partnerships, visibility and community...",Program Coordinator,Community Programs,"Coordinates local outreach, volunteer support and program delivery for communities connected with Centre for Mindfulness (India).",Impact Lead,Partnerships & Reporting,"Supports donor communication, impact storytelling and transparent reporting for social programs.",hello@centre-for-mindfulness-india.org,,"Mumbai, Maharashtra, India",https://www.linkedin.com/in/ACwAAA1Me8UBczLBrYNSeKgZb6hiR8tKmxJNfFc,client-batch-1,ready,Dr. Shambhavi Samir Alve,https://www.linkedin.com/in/ACwAAA1Me8UBczLBrYNSeKgZb6hiR8tKmxJNfFc,https://media.licdn.com/dms/image/v2/D4D03AQGa8cN87LDdhQ/profile-displayphoto-shrink_400_400/profile-displayphoto-shrink_400_400/0/1688926491058?e=1780531200&v=beta&t=TqlWg7jCCndKXldrN-maldYiS_jGjMVyeDbwc_XeWGE,https://media.licdn.com/dms/image/v2/C4E16AQHBE7oOGUOD1A/profile-displaybackgroundimage-shrink_200_800/profile-displaybackgroundimage-shrink_200_800/0/1636629334136?e=1780531200&v=beta&t=kG1w7tQ0uBpmVtd_xgSFz74STIZHVehX0wMH5PKtMAQ
khushiyaan-foundation,Khushiyaan Foundation,"Community-led impact, dignity and development for underserved families.",Mumbai Metropolitan Region,2015,"Building Community Impact,",One Life at a Time.,"Khushiyaan Foundation is presented as a premium NGO website concept focused on community development, dignity and grassroots change for communities in Mumbai.","Khushiyaan Foundation focuses on community development, dignity and grassroots change through community-led programs, partnerships and on-ground outreach in Mumbai. This website concept presents the mission, impact, team and donation journey in a premium digital format.",Support This Cause ₹,#051f1a,#14352c,#e0bd55,https://images.unsplash.com/photo-1524492412937-b28074a5d7da?auto=format&fit=crop&w=1920&q=80,,Community Outreach,FIELD PROGRAMS,"Grassroots outreach, awareness drives and local partnerships that connect families with practical support.",https://images.unsplash.com/photo-1551731409-43eb3e517a1a?auto=format&fit=crop&w=900&q=80,Education Support,EDUCATION,"Learning support, mentoring and school-readiness programs for children from underserved communities.",https://images.unsplash.com/photo-1594608661623-aa0bd3a69799?auto=format&fit=crop&w=900&q=80,Health & Wellness Camps,HEALTHCARE,"Preventive health camps, awareness sessions and referral support for vulnerable families.",https://images.unsplash.com/photo-1631815588090-d4bfec5b1ccb?auto=format&fit=crop&w=900&q=80,Livelihood & Skills,EMPOWERMENT,"Skill-building, self-reliance and livelihood support designed to help communities move forward.",https://images.unsplash.com/photo-1611702700098-dec597b27d9d?auto=format&fit=crop&w=900&q=80,"10,000+",Lives Reached,Across Mumbai communities,75+,Community Drives,Community-led programs,12+,Years of Impact,Experience-led impact,₹1Cr+,Value Mobilised,For social programs,"The work represented by Khushiyaan Foundation shows how focused community action can create trust, dignity and practical support for families.",Community Member,Mumbai,Founder / Secretary,"Chinuu Kwatra is associated with Khushiyaan Foundation as Founder / Secretary, helping strengthen partnerships, visibility and community impact across Mum...",Program Coordinator,Community Programs,"Coordinates local outreach, volunteer support and program delivery for communities connected with Khushiyaan Foundation.",Impact Lead,Partnerships & Reporting,"Supports donor communication, impact storytelling and transparent reporting for social programs.",hello@khushiyaan-foundation.org,,Mumbai Metropolitan Region,https://www.linkedin.com/in/ACwAAAY5eRwBZOOlY2TQSHEDHiWez0QJDBsHnzk,client-batch-1,ready,Chinuu Kwatra,https://www.linkedin.com/in/ACwAAAY5eRwBZOOlY2TQSHEDHiWez0QJDBsHnzk,https://media.licdn.com/dms/image/v2/D4D03AQGwAnKVsGFFOg/profile-displayphoto-crop_800_800/B4DZ1tHr74HwAI-/0/1775652230050?e=1780531200&v=beta&t=ORKCndULEJqATxfqFurDCQeZCwpT2Q5VWaPtxW60O6g,https://media.licdn.com/dms/image/v2/D4D16AQF3iNTmpp-qBw/profile-displaybackgroundimage-shrink_350_1400/B4DZ1tIO9dG0Ac-/0/1775652372383?e=1780531200&v=beta&t=PU5DGGHiAtjxCIsTEAw66K2Wg74y5vN_-FK1T6UH55w
child-help-foundation,CHILD HELP FOUNDATION,"Creating safer, brighter and more supportive futures for children.","Mumbai, Maharashtra, India",2011,"Protecting Childhood,",Creating Futures.,"CHILD HELP FOUNDATION is presented as a premium NGO website concept focused on child welfare, learning and care for communities in Mumbai.","CHILD HELP FOUNDATION focuses on child welfare, learning and care through community-led programs, partnerships and on-ground outreach in Mumbai. This website concept presents the mission, impact, team and donation journey in a premium digital format.",Support This Cause ₹,#051f1a,#14352c,#e0bd55,https://images.unsplash.com/photo-1497633762265-9d179a990aa6?auto=format&fit=crop&w=1920&q=80,,Child Learning Support,EDUCATION,"School support, after-class learning and activity-based programs for children who need extra care.",https://images.unsplash.com/photo-1594608661623-aa0bd3a69799?auto=format&fit=crop&w=900&q=80,Child Safety Awareness,PROTECTION,Awareness programs for families and communities focused on child safety and protection.,https://images.unsplash.com/photo-1503676260728-1c00da094a0b?auto=format&fit=crop&w=900&q=80,Nutrition & Wellness,CARE,Basic nutrition awareness and wellness support to help children grow with dignity.,https://images.unsplash.com/photo-1516627145497-ae6968895b74?auto=format&fit=crop&w=900&q=80,Youth Mentoring,MENTORSHIP,Mentorship and confidence-building activities that help young people make better life choices.,https://images.unsplash.com/photo-1521587760476-6c12a4b040da?auto=format&fit=crop&w=900&q=80,"5,500+",Children Reached,Across Mumbai communities,70+,Activity Sessions,Community-led programs,40+,Community Volunteers,Local support network,15+,Safe Spaces,Purpose-led progress,"The work represented by CHILD HELP FOUNDATION shows how focused community action can create trust, dignity and practical support for families.",Community Member,Mumbai,Founder & Managing Trustee,"Rajendra Pathak is associated with CHILD HELP FOUNDATION as Founder & Managing Trustee, helping strengthen partnerships, visibility and community impact a...",Program Coordinator,Community Programs,"Coordinates local outreach, volunteer support and program delivery for communities connected with CHILD HELP FOUNDATION.",Impact Lead,Partnerships & Reporting,"Supports donor communication, impact storytelling and transparent reporting for social programs.",hello@child-help-foundation.org,,"Mumbai, Maharashtra, India",https://www.linkedin.com/in/ACwAAATL3_oBXro39jQG4TRFGP7vAwr3o9t_k18,client-batch-1,ready,Rajendra Pathak,https://www.linkedin.com/in/ACwAAATL3_oBXro39jQG4TRFGP7vAwr3o9t_k18,https://media.licdn.com/dms/image/v2/D5603AQFZqOyJ52OPiA/profile-displayphoto-crop_800_800/B56Z4IULjZG0AQ-/0/1778255970479?e=1780531200&v=beta&t=I_a7Anp1aF8CmmRhyCgVN2fEroU4Hafhw9kHXh4m8dg,https://media.licdn.com/dms/image/v2/D5616AQFr2hCtXHfEFw/profile-displaybackgroundimage-shrink_200_800/B56Z4ITsgeKMAU-/0/1778255842056?e=1780531200&v=beta&t=idSWpEoR2o4gF7q26OHajFgri-YBsfMNbRvthAfos2I
bharat-clean-rivers-foundation,Bharat Clean Rivers Foundation,"Community-led impact, dignity and development for underserved families.","Mumbai, Maharashtra, India",2024,"Building Community Impact,",One Life at a Time.,"Bharat Clean Rivers Foundation is presented as a premium NGO website concept focused on community development, dignity and grassroots change for communities in Mumbai.","Bharat Clean Rivers Foundation focuses on community development, dignity and grassroots change through community-led programs, partnerships and on-ground outreach in Mumbai. This website concept presents the mission, impact, team and donation journey in a premium digital format.",Support This Cause ₹,#071b14,#1c3a2f,#c7a646,https://images.unsplash.com/photo-1524492412937-b28074a5d7da?auto=format&fit=crop&w=1920&q=80,,Community Outreach,FIELD PROGRAMS,"Grassroots outreach, awareness drives and local partnerships that connect families with practical support.",https://images.unsplash.com/photo-1551731409-43eb3e517a1a?auto=format&fit=crop&w=900&q=80,Education Support,EDUCATION,"Learning support, mentoring and school-readiness programs for children from underserved communities.",https://images.unsplash.com/photo-1594608661623-aa0bd3a69799?auto=format&fit=crop&w=900&q=80,Health & Wellness Camps,HEALTHCARE,"Preventive health camps, awareness sessions and referral support for vulnerable families.",https://images.unsplash.com/photo-1631815588090-d4bfec5b1ccb?auto=format&fit=crop&w=900&q=80,Livelihood & Skills,EMPOWERMENT,"Skill-building, self-reliance and livelihood support designed to help communities move forward.",https://images.unsplash.com/photo-1611702700098-dec597b27d9d?auto=format&fit=crop&w=900&q=80,"10,000+",Lives Reached,Across Mumbai communities,75+,Community Drives,Community-led programs,12+,Years of Impact,Experience-led impact,₹1Cr+,Value Mobilised,For social programs,"The work represented by Bharat Clean Rivers Foundation shows how focused community action can create trust, dignity and practical support for families.",Community Member,Mumbai,Co-Founder and Chairman,"Shailesh Haribhakti GCB.D is associated with Bharat Clean Rivers Foundation as Co-Founder and Chairman, helping strengthen partnerships, visibility and co...",Program Coordinator,Community Programs,"Coordinates local outreach, volunteer support and program delivery for communities connected with Bharat Clean Rivers Foundation.",Impact Lead,Partnerships & Reporting,"Supports donor communication, impact storytelling and transparent reporting for social programs.",hello@bharat-clean-rivers-foundation.org,,"Mumbai, Maharashtra, India",https://www.linkedin.com/in/ACwAACPcewUB6II-ky3KnjKao4ZEXMzl9vsxB4A,client-batch-1,ready,Shailesh Haribhakti GCB.D,https://www.linkedin.com/in/ACwAACPcewUB6II-ky3KnjKao4ZEXMzl9vsxB4A,https://media.licdn.com/dms/image/v2/D4D03AQHkw3ZWwYeIRg/profile-displayphoto-shrink_800_800/profile-displayphoto-shrink_800_800/0/1718280816916?e=1780531200&v=beta&t=6f-n9Bn7P-S_jF2XacBius8ZNn5LlCy3tuRFwH6dJkk,
ujwal-impact-advisers,Ujwal Impact Advisers,"Community-led impact, dignity and development for underserved families.","Mumbai, Maharashtra, India",2022,"Building Community Impact,",One Life at a Time.,"Ujwal Impact Advisers is presented as a premium NGO website concept focused on community development, dignity and grassroots change for communities in Mumbai.","Ujwal Impact Advisers focuses on community development, dignity and grassroots change through community-led programs, partnerships and on-ground outreach in Mumbai. This website concept presents the mission, impact, team and donation journey in a premium digital format.",Support This Cause ₹,#071b14,#1c3a2f,#c7a646,https://images.unsplash.com/photo-1524492412937-b28074a5d7da?auto=format&fit=crop&w=1920&q=80,,Community Outreach,FIELD PROGRAMS,"Grassroots outreach, awareness drives and local partnerships that connect families with practical support.",https://images.unsplash.com/photo-1551731409-43eb3e517a1a?auto=format&fit=crop&w=900&q=80,Education Support,EDUCATION,"Learning support, mentoring and school-readiness programs for children from underserved communities.",https://images.unsplash.com/photo-1594608661623-aa0bd3a69799?auto=format&fit=crop&w=900&q=80,Health & Wellness Camps,HEALTHCARE,"Preventive health camps, awareness sessions and referral support for vulnerable families.",https://images.unsplash.com/photo-1631815588090-d4bfec5b1ccb?auto=format&fit=crop&w=900&q=80,Livelihood & Skills,EMPOWERMENT,"Skill-building, self-reliance and livelihood support designed to help communities move forward.",https://images.unsplash.com/photo-1611702700098-dec597b27d9d?auto=format&fit=crop&w=900&q=80,"10,000+",Lives Reached,Across Mumbai communities,75+,Community Drives,Community-led programs,12+,Years of Impact,Experience-led impact,₹1Cr+,Value Mobilised,For social programs,"The work represented by Ujwal Impact Advisers shows how focused community action can create trust, dignity and practical support for families.",Community Member,Mumbai,Partner & Cofounder,"Ujwal Thakar is associated with Ujwal Impact Advisers as Partner & Cofounder, helping strengthen partnerships, visibility and community impact across Mumb...",Program Coordinator,Community Programs,"Coordinates local outreach, volunteer support and program delivery for communities connected with Ujwal Impact Advisers.",Impact Lead,Partnerships & Reporting,"Supports donor communication, impact storytelling and transparent reporting for social programs.",hello@ujwal-impact-advisers.org,,"Mumbai, Maharashtra, India",https://www.linkedin.com/in/ACwAAAA0WmcB63ptQV5qAu82-B08P_LQOsK6OGE,client-batch-1,ready,Ujwal Thakar,https://www.linkedin.com/in/ACwAAAA0WmcB63ptQV5qAu82-B08P_LQOsK6OGE,https://media.licdn.com/dms/image/v2/C5103AQFzlHyyvkvtfg/profile-displayphoto-shrink_100_100/profile-displayphoto-shrink_100_100/0/1516232502995?e=1780531200&v=beta&t=UpDY9JtEucc5TRheN4zd7Cm_AIvw_lMN5cQuEQppqcQ,
the-bulleteen,The Bulleteen,"Community-led impact, dignity and development for underserved families.","Mumbai, Maharashtra, India",2025,"Building Community Impact,",One Life at a Time.,"The Bulleteen is presented as a premium NGO website concept focused on community development, dignity and grassroots change for communities in Mumbai.","The Bulleteen focuses on community development, dignity and grassroots change through community-led programs, partnerships and on-ground outreach in Mumbai. This website concept presents the mission, impact, team and donation journey in a premium digital format.",Support This Cause ₹,#001b13,#0b2d22,#d7b84f,https://images.unsplash.com/photo-1524492412937-b28074a5d7da?auto=format&fit=crop&w=1920&q=80,,Community Outreach,FIELD PROGRAMS,"Grassroots outreach, awareness drives and local partnerships that connect families with practical support.",https://images.unsplash.com/photo-1551731409-43eb3e517a1a?auto=format&fit=crop&w=900&q=80,Education Support,EDUCATION,"Learning support, mentoring and school-readiness programs for children from underserved communities.",https://images.unsplash.com/photo-1594608661623-aa0bd3a69799?auto=format&fit=crop&w=900&q=80,Health & Wellness Camps,HEALTHCARE,"Preventive health camps, awareness sessions and referral support for vulnerable families.",https://images.unsplash.com/photo-1631815588090-d4bfec5b1ccb?auto=format&fit=crop&w=900&q=80,Livelihood & Skills,EMPOWERMENT,"Skill-building, self-reliance and livelihood support designed to help communities move forward.",https://images.unsplash.com/photo-1611702700098-dec597b27d9d?auto=format&fit=crop&w=900&q=80,"10,000+",Lives Reached,Across Mumbai communities,75+,Community Drives,Community-led programs,12+,Years of Impact,Experience-led impact,₹1Cr+,Value Mobilised,For social programs,"The work represented by The Bulleteen shows how focused community action can create trust, dignity and practical support for families.",Community Member,Mumbai,Founder and Director,"Rhea Agrawal is associated with The Bulleteen as Founder and Director, helping strengthen partnerships, visibility and community impact across Mumbai.",Program Coordinator,Community Programs,"Coordinates local outreach, volunteer support and program delivery for communities connected with The Bulleteen.",Impact Lead,Partnerships & Reporting,"Supports donor communication, impact storytelling and transparent reporting for social programs.",hello@the-bulleteen.org,,"Mumbai, Maharashtra, India",https://www.linkedin.com/in/ACwAAFB-EiEBq88nq3eR57Wo3_pg39g9oh8fP4Y,client-batch-1,ready,Rhea Agrawal,https://www.linkedin.com/in/ACwAAFB-EiEBq88nq3eR57Wo3_pg39g9oh8fP4Y,https://media.licdn.com/dms/image/v2/D4D03AQEpakuxMtoxSw/profile-displayphoto-shrink_800_800/B4DZWqOikJG4Ac-/0/1742317696679?e=1780531200&v=beta&t=KajAtMUmD5E_g_LGL9UEDdWzxw0juZrngg0kmJynoG0,https://media.licdn.com/dms/image/v2/D4D16AQGFyH9_coNoXg/profile-displaybackgroundimage-shrink_200_800/B4DZ3aW5idI0AU-/0/1777484930044?e=1780531200&v=beta&t=xgTHNjcOF8dDakqmNOaZy4T7W3oQ_m5c3vuW_rSsJvM
mypalclub-foundation-2,Mypalclub Foundation,"Community-led impact, dignity and development for underserved families.","Thane, Maharashtra, India",2022,"Building Community Impact,",One Life at a Time.,"Mypalclub Foundation is presented as a premium NGO website concept focused on community development, dignity and grassroots change for communities in Thane.","Mypalclub Foundation focuses on community development, dignity and grassroots change through community-led programs, partnerships and on-ground outreach in Thane. This website concept presents the mission, impact, team and donation journey in a premium digital format.",Support This Cause ₹,#001b13,#0b2d22,#d7b84f,https://images.unsplash.com/photo-1524492412937-b28074a5d7da?auto=format&fit=crop&w=1920&q=80,,Community Outreach,FIELD PROGRAMS,"Grassroots outreach, awareness drives and local partnerships that connect families with practical support.",https://images.unsplash.com/photo-1551731409-43eb3e517a1a?auto=format&fit=crop&w=900&q=80,Education Support,EDUCATION,"Learning support, mentoring and school-readiness programs for children from underserved communities.",https://images.unsplash.com/photo-1594608661623-aa0bd3a69799?auto=format&fit=crop&w=900&q=80,Health & Wellness Camps,HEALTHCARE,"Preventive health camps, awareness sessions and referral support for vulnerable families.",https://images.unsplash.com/photo-1631815588090-d4bfec5b1ccb?auto=format&fit=crop&w=900&q=80,Livelihood & Skills,EMPOWERMENT,"Skill-building, self-reliance and livelihood support designed to help communities move forward.",https://images.unsplash.com/photo-1611702700098-dec597b27d9d?auto=format&fit=crop&w=900&q=80,"10,000+",Lives Reached,Across Thane communities,75+,Community Drives,Community-led programs,12+,Years of Impact,Experience-led impact,₹1Cr+,Value Mobilised,For social programs,"The work represented by Mypalclub Foundation shows how focused community action can create trust, dignity and practical support for families.",Community Member,Thane,Director,"Aditi Nair is associated with Mypalclub Foundation as Director, helping strengthen partnerships, visibility and community impact across Thane.",Program Coordinator,Community Programs,"Coordinates local outreach, volunteer support and program delivery for communities connected with Mypalclub Foundation.",Impact Lead,Partnerships & Reporting,"Supports donor communication, impact storytelling and transparent reporting for social programs.",hello@mypalclub-foundation-2.org,,"Thane, Maharashtra, India",https://www.linkedin.com/in/ACwAAAMKs5wBh03PY8rHRmOOeaOeLhtMX_wtr1c,client-batch-1,ready,Aditi Nair,https://www.linkedin.com/in/ACwAAAMKs5wBh03PY8rHRmOOeaOeLhtMX_wtr1c,https://media.licdn.com/dms/image/v2/C5103AQGbcg8Id--C9g/profile-displayphoto-shrink_800_800/profile-displayphoto-shrink_800_800/0/1552077436405?e=1780531200&v=beta&t=8hQBraFm3logNtXv5ywciO7X741SuYMZ4zEMTsI5Zqg,https://media.licdn.com/dms/image/v2/D4D16AQGrCX6TVYldig/profile-displaybackgroundimage-shrink_200_800/B4DZodoyDhH4AU-/0/1761433823023?e=1780531200&v=beta&t=84gHSfvxJ8C7Q55VYTAhPLtRzPV_lEqdbQQAWaeJ7oE
bharathaksha-medicare-pvt-ltd,Bharathaksha Medicare pvt ltd,"Community-led impact, dignity and development for underserved families.","Mumbai, Maharashtra, India",2021,"Building Community Impact,",One Life at a Time.,"Bharathaksha Medicare pvt ltd is presented as a premium NGO website concept focused on community development, dignity and grassroots change for communities in Mumbai.","Bharathaksha Medicare pvt ltd focuses on community development, dignity and grassroots change through community-led programs, partnerships and on-ground outreach in Mumbai. This website concept presents the mission, impact, team and donation journey in a premium digital format.",Support This Cause ₹,#051f1a,#14352c,#e0bd55,https://images.unsplash.com/photo-1524492412937-b28074a5d7da?auto=format&fit=crop&w=1920&q=80,,Community Outreach,FIELD PROGRAMS,"Grassroots outreach, awareness drives and local partnerships that connect families with practical support.",https://images.unsplash.com/photo-1551731409-43eb3e517a1a?auto=format&fit=crop&w=900&q=80,Education Support,EDUCATION,"Learning support, mentoring and school-readiness programs for children from underserved communities.",https://images.unsplash.com/photo-1594608661623-aa0bd3a69799?auto=format&fit=crop&w=900&q=80,Health & Wellness Camps,HEALTHCARE,"Preventive health camps, awareness sessions and referral support for vulnerable families.",https://images.unsplash.com/photo-1631815588090-d4bfec5b1ccb?auto=format&fit=crop&w=900&q=80,Livelihood & Skills,EMPOWERMENT,"Skill-building, self-reliance and livelihood support designed to help communities move forward.",https://images.unsplash.com/photo-1611702700098-dec597b27d9d?auto=format&fit=crop&w=900&q=80,"10,000+",Lives Reached,Across Mumbai communities,75+,Community Drives,Community-led programs,12+,Years of Impact,Experience-led impact,₹1Cr+,Value Mobilised,For social programs,"The work represented by Bharathaksha Medicare pvt ltd shows how focused community action can create trust, dignity and practical support for families.",Community Member,Mumbai,Director,"Venod Nayak is associated with Bharathaksha Medicare pvt ltd as Director, helping strengthen partnerships, visibility and community impact across Mumbai.",Program Coordinator,Community Programs,"Coordinates local outreach, volunteer support and program delivery for communities connected with Bharathaksha Medicare pvt ltd.",Impact Lead,Partnerships & Reporting,"Supports donor communication, impact storytelling and transparent reporting for social programs.",hello@bharathaksha-medicare-pvt-ltd.org,,"Mumbai, Maharashtra, India",https://www.linkedin.com/in/ACwAAAu1rIEBUM5q8hxXnsS3uifz196rgOvEGFo,client-batch-1,ready,Venod Nayak,https://www.linkedin.com/in/ACwAAAu1rIEBUM5q8hxXnsS3uifz196rgOvEGFo,https://media.licdn.com/dms/image/v2/D4D03AQGPmGnwdinQlA/profile-displayphoto-crop_800_800/B4DZzCNeLzH4AM-/0/1772784840286?e=1780531200&v=beta&t=h6npwvjhg8lUwe2hgtVD323AgQw8QtupOAjpQhyF-nE,https://media.licdn.com/dms/image/v2/D4D16AQGyg8jJPvv06A/profile-displaybackgroundimage-shrink_200_800/B4DZUTtJrvHIAU-/0/1739792358784?e=1780531200&v=beta&t=8JTxrvgP3T5KcExHXLlEBDw6jn5M4lY6MdFOMJIxqCc
m-realty-suvidha-lifespaces,M Realty (SUVIDHA Lifespaces),"Community-led impact, dignity and development for underserved families.","Mumbai, Maharashtra, India",2015,"Building Community Impact,",One Life at a Time.,"M Realty (SUVIDHA Lifespaces) is presented as a premium NGO website concept focused on community development, dignity and grassroots change for communities in Mumbai.","M Realty (SUVIDHA Lifespaces) focuses on community development, dignity and grassroots change through community-led programs, partnerships and on-ground outreach in Mumbai. This website concept presents the mission, impact, team and donation journey in a premium digital format.",Support This Cause ₹,#001b13,#0b2d22,#d7b84f,https://images.unsplash.com/photo-1524492412937-b28074a5d7da?auto=format&fit=crop&w=1920&q=80,,Community Outreach,FIELD PROGRAMS,"Grassroots outreach, awareness drives and local partnerships that connect families with practical support.",https://images.unsplash.com/photo-1551731409-43eb3e517a1a?auto=format&fit=crop&w=900&q=80,Education Support,EDUCATION,"Learning support, mentoring and school-readiness programs for children from underserved communities.",https://images.unsplash.com/photo-1594608661623-aa0bd3a69799?auto=format&fit=crop&w=900&q=80,Health & Wellness Camps,HEALTHCARE,"Preventive health camps, awareness sessions and referral support for vulnerable families.",https://images.unsplash.com/photo-1631815588090-d4bfec5b1ccb?auto=format&fit=crop&w=900&q=80,Livelihood & Skills,EMPOWERMENT,"Skill-building, self-reliance and livelihood support designed to help communities move forward.",https://images.unsplash.com/photo-1611702700098-dec597b27d9d?auto=format&fit=crop&w=900&q=80,"10,000+",Lives Reached,Across Mumbai communities,75+,Community Drives,Community-led programs,12+,Years of Impact,Experience-led impact,₹1Cr+,Value Mobilised,For social programs,"The work represented by M Realty (SUVIDHA Lifespaces) shows how focused community action can create trust, dignity and practical support for families.",Community Member,Mumbai,Managing Partner,"Dr. Adv. Harshul Savla is associated with M Realty (SUVIDHA Lifespaces) as Managing Partner, helping strengthen partnerships, visibility and community imp...",Program Coordinator,Community Programs,"Coordinates local outreach, volunteer support and program delivery for communities connected with M Realty (SUVIDHA Lifespaces).",Impact Lead,Partnerships & Reporting,"Supports donor communication, impact storytelling and transparent reporting for social programs.",hello@m-realty-suvidha-lifespaces.org,,"Mumbai, Maharashtra, India",https://www.linkedin.com/in/ACwAADCDBYIBRIuEv0_zh29hswqIfhH6QSXooAY,client-batch-1,ready,Dr. Adv. Harshul Savla,https://www.linkedin.com/in/ACwAADCDBYIBRIuEv0_zh29hswqIfhH6QSXooAY,https://media.licdn.com/dms/image/v2/D4D03AQHgM_-6MSg3Sg/profile-displayphoto-crop_800_800/B4DZfEL9ngGUAI-/0/1751343161573?e=1780531200&v=beta&t=sISYRC8lk2zXKFa10QiD4Bf2F-noRjLtLwn-7KqfYOs,https://media.licdn.com/dms/image/v2/D4D16AQFEVC1FIJK6Uw/profile-displaybackgroundimage-shrink_200_800/profile-displaybackgroundimage-shrink_200_800/0/1736962407006?e=1780531200&v=beta&t=iKqFilvMJcaJScKGZvCQXFN417aAjIfsvHHTfRVTGz4
bal-asha-trust,Bal Asha Trust,"Creating safer, brighter and more supportive futures for children.",Mumbai Metropolitan Region,1998,"Protecting Childhood,",Creating Futures.,"Bal Asha Trust is presented as a premium NGO website concept focused on child welfare, learning and care for communities in Mumbai.","Bal Asha Trust focuses on child welfare, learning and care through community-led programs, partnerships and on-ground outreach in Mumbai. This website concept presents the mission, impact, team and donation journey in a premium digital format.",Support This Cause ₹,#051f1a,#14352c,#e0bd55,https://images.unsplash.com/photo-1497633762265-9d179a990aa6?auto=format&fit=crop&w=1920&q=80,,Child Learning Support,EDUCATION,"School support, after-class learning and activity-based programs for children who need extra care.",https://images.unsplash.com/photo-1594608661623-aa0bd3a69799?auto=format&fit=crop&w=900&q=80,Child Safety Awareness,PROTECTION,Awareness programs for families and communities focused on child safety and protection.,https://images.unsplash.com/photo-1503676260728-1c00da094a0b?auto=format&fit=crop&w=900&q=80,Nutrition & Wellness,CARE,Basic nutrition awareness and wellness support to help children grow with dignity.,https://images.unsplash.com/photo-1516627145497-ae6968895b74?auto=format&fit=crop&w=900&q=80,Youth Mentoring,MENTORSHIP,Mentorship and confidence-building activities that help young people make better life choices.,https://images.unsplash.com/photo-1521587760476-6c12a4b040da?auto=format&fit=crop&w=900&q=80,"5,500+",Children Reached,Across Mumbai communities,70+,Activity Sessions,Community-led programs,40+,Community Volunteers,Local support network,15+,Safe Spaces,Purpose-led progress,"The work represented by Bal Asha Trust shows how focused community action can create trust, dignity and practical support for families.",Community Member,Mumbai,Executive Director,"Sunil Arora is associated with Bal Asha Trust as Executive Director, helping strengthen partnerships, visibility and community impact across Mumbai.",Program Coordinator,Community Programs,"Coordinates local outreach, volunteer support and program delivery for communities connected with Bal Asha Trust.",Impact Lead,Partnerships & Reporting,"Supports donor communication, impact storytelling and transparent reporting for social programs.",hello@bal-asha-trust.org,,Mumbai Metropolitan Region,https://www.linkedin.com/in/ACwAAANDLYsBDj7h4gbZSV5GY6aHZjR82bmFGGU,client-batch-1,ready,Sunil Arora,https://www.linkedin.com/in/ACwAAANDLYsBDj7h4gbZSV5GY6aHZjR82bmFGGU,https://media.licdn.com/dms/image/v2/D4D03AQHVkhdPUsL4Tw/profile-displayphoto-shrink_200_200/profile-displayphoto-shrink_200_200/0/1727328412311?e=1780531200&v=beta&t=eqoq7U0qWNtstFzV-Ch6xhJYSBhDh4v14P5ZcrJ48wM,https://media.licdn.com/dms/image/v2/D4D16AQGTTZ7QeKlXzw/profile-displaybackgroundimage-shrink_200_800/B4DZzJvOEWHcAU-/0/1772911128519?e=1780531200&v=beta&t=GAC8vr2ttHgi4-rhbRD-PsDD5iZn2YxVLayk1VQK0K8
vidyarjan-foundation,Vidyarjan Foundation,Helping children and young learners access brighter educational opportunities.,"Mumbai, Maharashtra, India",2023,"Opening Classrooms,",Unlocking Futures.,"Vidyarjan Foundation is presented as a premium NGO website concept focused on education access, mentoring and learning support for communities in Mumbai.","Vidyarjan Foundation focuses on education access, mentoring and learning support through community-led programs, partnerships and on-ground outreach in Mumbai. This website concept presents the mission, impact, team and donation journey in a premium digital format.",Support This Cause ₹,#001b13,#0b2d22,#d7b84f,https://images.unsplash.com/photo-1497633762265-9d179a990aa6?auto=format&fit=crop&w=1920&q=80,,Learning Centers,EDUCATION,"Community learning spaces that help children build confidence, reading skills and school continuity.",https://images.unsplash.com/photo-1503676260728-1c00da094a0b?auto=format&fit=crop&w=900&q=80,Scholarship Support,STUDENT CARE,"Support for students who need guidance, supplies and encouragement to continue their education.",https://images.unsplash.com/photo-1596495578065-6e0763fa1178?auto=format&fit=crop&w=900&q=80,Digital Learning,SKILLS,Digital literacy and practical learning exposure for young learners and first-generation students.,https://images.unsplash.com/photo-1516627145497-ae6968895b74?auto=format&fit=crop&w=900&q=80,Mentor Network,GUIDANCE,Volunteer mentoring and local role models who help students plan stronger futures.,https://images.unsplash.com/photo-1521587760476-6c12a4b040da?auto=format&fit=crop&w=900&q=80,"6,000+",Learners Supported,Across Mumbai communities,80+,Learning Sessions,Community-led programs,25+,Volunteer Mentors,Local support network,92%,Retention Focus,Purpose-led progress,"The work represented by Vidyarjan Foundation shows how focused community action can create trust, dignity and practical support for families.",Community Member,Mumbai,Director,"Dr Shrikant Mulik is associated with Vidyarjan Foundation as Director, helping strengthen partnerships, visibility and community impact across Mumbai.",Program Coordinator,Community Programs,"Coordinates local outreach, volunteer support and program delivery for communities connected with Vidyarjan Foundation.",Impact Lead,Partnerships & Reporting,"Supports donor communication, impact storytelling and transparent reporting for social programs.",hello@vidyarjan-foundation.org,,"Mumbai, Maharashtra, India",https://www.linkedin.com/in/ACwAAAC9lzsBst84vkFFB5meeYHvlL-j8L4fjGs,client-batch-1,ready,Dr Shrikant Mulik,https://www.linkedin.com/in/ACwAAAC9lzsBst84vkFFB5meeYHvlL-j8L4fjGs,https://media.licdn.com/dms/image/v2/D5635AQFifzdmAelNsw/profile-framedphoto-shrink_800_800/B56Z21pzVIGsAk-/0/1776869127668?e=1779462000&v=beta&t=S-SsruWQgp-vtQJUNo-m4-2wNEDJHXeTuIJAI-oZK3I,https://media.licdn.com/dms/image/v2/D4D16AQEVRd83505xwQ/profile-displaybackgroundimage-shrink_200_800/profile-displaybackgroundimage-shrink_200_800/0/1730717217885?e=1780531200&v=beta&t=VJEKlS3FfWgU0KWHwfprlmBlYQmVyWKiSLF4d1OCETM
ahaan-foundation,Ahaan Foundation,"Community-led impact, dignity and development for underserved families.","Thane, Maharashtra, India",2012,"Building Community Impact,",One Life at a Time.,"Ahaan Foundation is presented as a premium NGO website concept focused on community development, dignity and grassroots change for communities in Thane.","Ahaan Foundation focuses on community development, dignity and grassroots change through community-led programs, partnerships and on-ground outreach in Thane. This website concept presents the mission, impact, team and donation journey in a premium digital format.",Support This Cause ₹,#001b13,#0b2d22,#d7b84f,https://images.unsplash.com/photo-1524492412937-b28074a5d7da?auto=format&fit=crop&w=1920&q=80,,Community Outreach,FIELD PROGRAMS,"Grassroots outreach, awareness drives and local partnerships that connect families with practical support.",https://images.unsplash.com/photo-1551731409-43eb3e517a1a?auto=format&fit=crop&w=900&q=80,Education Support,EDUCATION,"Learning support, mentoring and school-readiness programs for children from underserved communities.",https://images.unsplash.com/photo-1594608661623-aa0bd3a69799?auto=format&fit=crop&w=900&q=80,Health & Wellness Camps,HEALTHCARE,"Preventive health camps, awareness sessions and referral support for vulnerable families.",https://images.unsplash.com/photo-1631815588090-d4bfec5b1ccb?auto=format&fit=crop&w=900&q=80,Livelihood & Skills,EMPOWERMENT,"Skill-building, self-reliance and livelihood support designed to help communities move forward.",https://images.unsplash.com/photo-1611702700098-dec597b27d9d?auto=format&fit=crop&w=900&q=80,"10,000+",Lives Reached,Across Thane communities,75+,Community Drives,Community-led programs,12+,Years of Impact,Experience-led impact,₹1Cr+,Value Mobilised,For social programs,"The work represented by Ahaan Foundation shows how focused community action can create trust, dignity and practical support for families.",Community Member,Thane,Director,"Unmesh Joshi is associated with Ahaan Foundation as Director, helping strengthen partnerships, visibility and community impact across Thane.",Program Coordinator,Community Programs,"Coordinates local outreach, volunteer support and program delivery for communities connected with Ahaan Foundation.",Impact Lead,Partnerships & Reporting,"Supports donor communication, impact storytelling and transparent reporting for social programs.",hello@ahaan-foundation.org,,"Thane, Maharashtra, India",https://www.linkedin.com/in/ACwAACAKp0QBoo28SfNouPn3J9aFbRUHVG3WGzs,client-batch-1,ready,Unmesh Joshi,https://www.linkedin.com/in/ACwAACAKp0QBoo28SfNouPn3J9aFbRUHVG3WGzs,https://media.licdn.com/dms/image/v2/C4D03AQHFjnin8CoWXQ/profile-displayphoto-shrink_800_800/profile-displayphoto-shrink_800_800/0/1638789672812?e=1780531200&v=beta&t=iL_V4nuGd6yCrEny3gXO5CJCkBp_x0Hf80sxGLbubhQ,https://media.licdn.com/dms/image/v2/D4D16AQGStzIXywvaLA/profile-displaybackgroundimage-shrink_200_800/B4DZmfRjBzJIAY-/0/1759313803303?e=1780531200&v=beta&t=ncySPuxK9LnJbvktQn1it2C-VnqPC8cm1JNH5z4IGTE
billion-readers-bird-initiative,Billion Readers (BIRD) Initiative,"Community-led impact, dignity and development for underserved families.",Mumbai Metropolitan Region,2016,"Building Community Impact,",One Life at a Time.,"Billion Readers (BIRD) Initiative is presented as a premium NGO website concept focused on community development, dignity and grassroots change for communities in Mumbai.","Billion Readers (BIRD) Initiative focuses on community development, dignity and grassroots change through community-led programs, partnerships and on-ground outreach in Mumbai. This website concept presents the mission, impact, team and donation journey in a premium digital format.",Support This Cause ₹,#001b13,#0b2d22,#d7b84f,https://images.unsplash.com/photo-1524492412937-b28074a5d7da?auto=format&fit=crop&w=1920&q=80,,Community Outreach,FIELD PROGRAMS,"Grassroots outreach, awareness drives and local partnerships that connect families with practical support.",https://images.unsplash.com/photo-1551731409-43eb3e517a1a?auto=format&fit=crop&w=900&q=80,Education Support,EDUCATION,"Learning support, mentoring and school-readiness programs for children from underserved communities.",https://images.unsplash.com/photo-1594608661623-aa0bd3a69799?auto=format&fit=crop&w=900&q=80,Health & Wellness Camps,HEALTHCARE,"Preventive health camps, awareness sessions and referral support for vulnerable families.",https://images.unsplash.com/photo-1631815588090-d4bfec5b1ccb?auto=format&fit=crop&w=900&q=80,Livelihood & Skills,EMPOWERMENT,"Skill-building, self-reliance and livelihood support designed to help communities move forward.",https://images.unsplash.com/photo-1611702700098-dec597b27d9d?auto=format&fit=crop&w=900&q=80,"10,000+",Lives Reached,Across Mumbai communities,75+,Community Drives,Community-led programs,12+,Years of Impact,Experience-led impact,₹1Cr+,Value Mobilised,For social programs,"The work represented by Billion Readers (BIRD) Initiative shows how focused community action can create trust, dignity and practical support for families.",Community Member,Mumbai,"Director, Fundraising & Partnerships","Mohit Dave is associated with Billion Readers (BIRD) Initiative as Director, Fundraising & Partnerships, helping strengthen partnerships, visibility and c...",Program Coordinator,Community Programs,"Coordinates local outreach, volunteer support and program delivery for communities connected with Billion Readers (BIRD) Initiative.",Impact Lead,Partnerships & Reporting,"Supports donor communication, impact storytelling and transparent reporting for social programs.",hello@billion-readers-bird-initiative.org,,Mumbai Metropolitan Region,https://www.linkedin.com/in/ACwAAAYKCyABxnpM4JkQ6YRk5uB1NyImNnk31pM,client-batch-1,ready,Mohit Dave,https://www.linkedin.com/in/ACwAAAYKCyABxnpM4JkQ6YRk5uB1NyImNnk31pM,https://media.licdn.com/dms/image/v2/C5603AQGdVPJHOhA5lA/profile-displayphoto-shrink_800_800/profile-displayphoto-shrink_800_800/0/1567351424664?e=1780531200&v=beta&t=fVkz7kH6SJxK3DgTd_Tx91y3ID-njeDsXVN14P_fmCU,https://media.licdn.com/dms/image/v2/C4D16AQFzX6BoHI5mHA/profile-displaybackgroundimage-shrink_200_800/profile-displaybackgroundimage-shrink_200_800/0/1645700567444?e=1780531200&v=beta&t=6JpcvBIJ1o4QMRqEkak0niH_e20cf1ydsHCnYzm2GHQ
bloom-world,Bloom-World,"Community-led impact, dignity and development for underserved families.","Mumbai, Maharashtra, India",2021,"Building Community Impact,",One Life at a Time.,"Bloom-World is presented as a premium NGO website concept focused on community development, dignity and grassroots change for communities in Mumbai.","Bloom-World focuses on community development, dignity and grassroots change through community-led programs, partnerships and on-ground outreach in Mumbai. This website concept presents the mission, impact, team and donation journey in a premium digital format.",Support This Cause ₹,#071b14,#1c3a2f,#c7a646,https://images.unsplash.com/photo-1524492412937-b28074a5d7da?auto=format&fit=crop&w=1920&q=80,,Community Outreach,FIELD PROGRAMS,"Grassroots outreach, awareness drives and local partnerships that connect families with practical support.",https://images.unsplash.com/photo-1551731409-43eb3e517a1a?auto=format&fit=crop&w=900&q=80,Education Support,EDUCATION,"Learning support, mentoring and school-readiness programs for children from underserved communities.",https://images.unsplash.com/photo-1594608661623-aa0bd3a69799?auto=format&fit=crop&w=900&q=80,Health & Wellness Camps,HEALTHCARE,"Preventive health camps, awareness sessions and referral support for vulnerable families.",https://images.unsplash.com/photo-1631815588090-d4bfec5b1ccb?auto=format&fit=crop&w=900&q=80,Livelihood & Skills,EMPOWERMENT,"Skill-building, self-reliance and livelihood support designed to help communities move forward.",https://images.unsplash.com/photo-1611702700098-dec597b27d9d?auto=format&fit=crop&w=900&q=80,"10,000+",Lives Reached,Across Mumbai communities,75+,Community Drives,Community-led programs,12+,Years of Impact,Experience-led impact,₹1Cr+,Value Mobilised,For social programs,"The work represented by Bloom-World shows how focused community action can create trust, dignity and practical support for families.",Community Member,Mumbai,Founder and CEO,"Payal Irani is associated with Bloom-World as Founder and CEO, helping strengthen partnerships, visibility and community impact across Mumbai.",Program Coordinator,Community Programs,"Coordinates local outreach, volunteer support and program delivery for communities connected with Bloom-World.",Impact Lead,Partnerships & Reporting,"Supports donor communication, impact storytelling and transparent reporting for social programs.",hello@bloom-world.org,,"Mumbai, Maharashtra, India",https://www.linkedin.com/in/ACwAACtdWmIBaKjKgZ3Pog84pYDynxEo8y9JPjA,client-batch-1,ready,Payal Irani,https://www.linkedin.com/in/ACwAACtdWmIBaKjKgZ3Pog84pYDynxEo8y9JPjA,https://media.licdn.com/dms/image/v2/D4D03AQGx08Zw3PhKoQ/profile-displayphoto-shrink_200_200/profile-displayphoto-shrink_200_200/0/1693998059867?e=1780531200&v=beta&t=UBzNA0ZOOUcKcf-BbvCvY9JJRwR5BXskkZsbkOsr8nI,https://media.licdn.com/dms/image/v2/D4D16AQFvuduCjwVOKw/profile-displaybackgroundimage-shrink_200_800/profile-displaybackgroundimage-shrink_200_800/0/1719354196884?e=1780531200&v=beta&t=DO_43vJu5RjSV0ZufbtWuxVePUkAsZTtXeFkl8ip3Oo
ieee-comsoc-vit,IEEE ComSoc VIT,"Community-led impact, dignity and development for underserved families.","Mumbai, Maharashtra, India",2017,"Building Community Impact,",One Life at a Time.,"IEEE ComSoc VIT is presented as a premium NGO website concept focused on community development, dignity and grassroots change for communities in Mumbai.","IEEE ComSoc VIT focuses on community development, dignity and grassroots change through community-led programs, partnerships and on-ground outreach in Mumbai. This website concept presents the mission, impact, team and donation journey in a premium digital format.",Support This Cause ₹,#051f1a,#14352c,#e0bd55,https://images.unsplash.com/photo-1524492412937-b28074a5d7da?auto=format&fit=crop&w=1920&q=80,,Community Outreach,FIELD PROGRAMS,"Grassroots outreach, awareness drives and local partnerships that connect families with practical support.",https://images.unsplash.com/photo-1551731409-43eb3e517a1a?auto=format&fit=crop&w=900&q=80,Education Support,EDUCATION,"Learning support, mentoring and school-readiness programs for children from underserved communities.",https://images.unsplash.com/photo-1594608661623-aa0bd3a69799?auto=format&fit=crop&w=900&q=80,Health & Wellness Camps,HEALTHCARE,"Preventive health camps, awareness sessions and referral support for vulnerable families.",https://images.unsplash.com/photo-1631815588090-d4bfec5b1ccb?auto=format&fit=crop&w=900&q=80,Livelihood & Skills,EMPOWERMENT,"Skill-building, self-reliance and livelihood support designed to help communities move forward.",https://images.unsplash.com/photo-1611702700098-dec597b27d9d?auto=format&fit=crop&w=900&q=80,"10,000+",Lives Reached,Across Mumbai communities,75+,Community Drives,Community-led programs,12+,Years of Impact,Experience-led impact,₹1Cr+,Value Mobilised,For social programs,"The work represented by IEEE ComSoc VIT shows how focused community action can create trust, dignity and practical support for families.",Community Member,Mumbai,Vice Chairperson,"Srijan Devipur is associated with IEEE ComSoc VIT as Vice Chairperson, helping strengthen partnerships, visibility and community impact across Mumbai.",Program Coordinator,Community Programs,"Coordinates local outreach, volunteer support and program delivery for communities connected with IEEE ComSoc VIT.",Impact Lead,Partnerships & Reporting,"Supports donor communication, impact storytelling and transparent reporting for social programs.",hello@ieee-comsoc-vit.org,,"Mumbai, Maharashtra, India",https://www.linkedin.com/in/ACwAAD3c_88BDguoQ32bx3k50UgPv9idIiq6o0s,client-batch-1,ready,Srijan Devipur,https://www.linkedin.com/in/ACwAAD3c_88BDguoQ32bx3k50UgPv9idIiq6o0s,https://media.licdn.com/dms/image/v2/D4D03AQFtKtrbKA4yXg/profile-displayphoto-shrink_800_800/profile-displayphoto-shrink_800_800/0/1723449358199?e=1780531200&v=beta&t=5j7uviebww9Cl8YX_92JeRVNiKl0i6wCSx0p5pEXX40,https://media.licdn.com/dms/image/v2/D5616AQFNNZd-YEjT6Q/profile-displaybackgroundimage-shrink_200_800/B56ZsGlnvLG8AY-/0/1765342087161?e=1780531200&v=beta&t=EF54D940_Xh_-I3L1wUIYuKlO_xeiqb-UpOy97khOos
grameen-pragati-foundation,Grameen Pragati Foundation,"Community-led impact, dignity and development for underserved families.","Mumbai, Maharashtra, India",2020,"Building Community Impact,",One Life at a Time.,"Grameen Pragati Foundation is presented as a premium NGO website concept focused on community development, dignity and grassroots change for communities in Mumbai.","Grameen Pragati Foundation focuses on community development, dignity and grassroots change through community-led programs, partnerships and on-ground outreach in Mumbai. This website concept presents the mission, impact, team and donation journey in a premium digital format.",Support This Cause ₹,#051f1a,#14352c,#e0bd55,https://images.unsplash.com/photo-1524492412937-b28074a5d7da?auto=format&fit=crop&w=1920&q=80,,Community Outreach,FIELD PROGRAMS,"Grassroots outreach, awareness drives and local partnerships that connect families with practical support.",https://images.unsplash.com/photo-1551731409-43eb3e517a1a?auto=format&fit=crop&w=900&q=80,Education Support,EDUCATION,"Learning support, mentoring and school-readiness programs for children from underserved communities.",https://images.unsplash.com/photo-1594608661623-aa0bd3a69799?auto=format&fit=crop&w=900&q=80,Health & Wellness Camps,HEALTHCARE,"Preventive health camps, awareness sessions and referral support for vulnerable families.",https://images.unsplash.com/photo-1631815588090-d4bfec5b1ccb?auto=format&fit=crop&w=900&q=80,Livelihood & Skills,EMPOWERMENT,"Skill-building, self-reliance and livelihood support designed to help communities move forward.",https://images.unsplash.com/photo-1611702700098-dec597b27d9d?auto=format&fit=crop&w=900&q=80,"10,000+",Lives Reached,Across Mumbai communities,75+,Community Drives,Community-led programs,12+,Years of Impact,Experience-led impact,₹1Cr+,Value Mobilised,For social programs,"The work represented by Grameen Pragati Foundation shows how focused community action can create trust, dignity and practical support for families.",Community Member,Mumbai,Founder and Director,"Dewang Neralla is associated with Grameen Pragati Foundation as Founder and Director, helping strengthen partnerships, visibility and community impact acr...",Program Coordinator,Community Programs,"Coordinates local outreach, volunteer support and program delivery for communities connected with Grameen Pragati Foundation.",Impact Lead,Partnerships & Reporting,"Supports donor communication, impact storytelling and transparent reporting for social programs.",hello@grameen-pragati-foundation.org,,"Mumbai, Maharashtra, India",https://www.linkedin.com/in/ACwAAAEDfLQBypXpOEcWxuxutV7EeuaZoeGO0i4,client-batch-1,ready,Dewang Neralla,https://www.linkedin.com/in/ACwAAAEDfLQBypXpOEcWxuxutV7EeuaZoeGO0i4,https://media.licdn.com/dms/image/v2/D4D03AQGFwNrd8AHFLw/profile-displayphoto-shrink_800_800/profile-displayphoto-shrink_800_800/0/1683882305534?e=1780531200&v=beta&t=YVSNypVIxfxd7aJZ3QHuuMbnVWBwOMpwsf04CfeW2Os,
naturefuture,Naturefuture,"Mobilising communities for cleaner, greener and more sustainable local action.","Mumbai, Maharashtra, India",2024,"Protecting Nature,",Powering Change.,"Naturefuture is presented as a premium NGO website concept focused on environmental awareness, sustainability and community action for communities in Mumbai.","Naturefuture focuses on environmental awareness, sustainability and community action through community-led programs, partnerships and on-ground outreach in Mumbai. This website concept presents the mission, impact, team and donation journey in a premium digital format.",Support This Cause ₹,#051f1a,#14352c,#e0bd55,https://images.unsplash.com/photo-1524492412937-b28074a5d7da?auto=format&fit=crop&w=1920&q=80,,Clean & Green Drives,ENVIRONMENT,"Community-led cleanliness, tree care and public awareness drives for healthier local spaces.",https://images.unsplash.com/photo-1551731409-43eb3e517a1a?auto=format&fit=crop&w=900&q=80,Water Awareness,SUSTAINABILITY,"Programs that encourage responsible water use, conservation and local environmental responsibility.",https://images.unsplash.com/photo-1611702700098-dec597b27d9d?auto=format&fit=crop&w=900&q=80,Youth Eco Clubs,EDUCATION,Young volunteers learning practical environmental stewardship through school and community activities.,https://images.unsplash.com/photo-1594608661623-aa0bd3a69799?auto=format&fit=crop&w=900&q=80,Community Sustainability,ACTION,Local partnerships that make sustainable habits easier for families and neighborhoods.,https://images.unsplash.com/photo-1521587760476-6c12a4b040da?auto=format&fit=crop&w=900&q=80,"25,000+",Citizens Reached,Across Mumbai communities,90+,Clean Drives,Community-led programs,15+,Eco Campaigns,Community-led programs,50+,Local Partners,Local support network,"The work represented by Naturefuture shows how focused community action can create trust, dignity and practical support for families.",Community Member,Mumbai,Co-Founder,"Dipal Vora Damania is associated with Naturefuture as Co-Founder, helping strengthen partnerships, visibility and community impact across Mumbai.",Program Coordinator,Community Programs,"Coordinates local outreach, volunteer support and program delivery for communities connected with Naturefuture.",Impact Lead,Partnerships & Reporting,"Supports donor communication, impact storytelling and transparent reporting for social programs.",hello@naturefuture.org,,"Mumbai, Maharashtra, India",https://www.linkedin.com/in/ACwAAALqaRIB90HTqXHHWvYgTrLzgMw5mneSdzQ,client-batch-1,ready,Dipal Vora Damania,https://www.linkedin.com/in/ACwAAALqaRIB90HTqXHHWvYgTrLzgMw5mneSdzQ,https://media.licdn.com/dms/image/v2/D5603AQH3d5N-SF__fg/profile-displayphoto-crop_800_800/B56ZstwPkHGgAM-/0/1765999182350?e=1780531200&v=beta&t=0UMYbA6gbp84t5BT4qT9Ya2dcC0usW4bVkPLyxOq5HU,
suraj-foundation,Suraj Foundation,"Community-led impact, dignity and development for underserved families.","Mumbai, Maharashtra, India",2022,"Building Community Impact,",One Life at a Time.,"Suraj Foundation is presented as a premium NGO website concept focused on community development, dignity and grassroots change for communities in Mumbai.","Suraj Foundation focuses on community development, dignity and grassroots change through community-led programs, partnerships and on-ground outreach in Mumbai. This website concept presents the mission, impact, team and donation journey in a premium digital format.",Support This Cause ₹,#071b14,#1c3a2f,#c7a646,https://images.unsplash.com/photo-1524492412937-b28074a5d7da?auto=format&fit=crop&w=1920&q=80,,Community Outreach,FIELD PROGRAMS,"Grassroots outreach, awareness drives and local partnerships that connect families with practical support.",https://images.unsplash.com/photo-1551731409-43eb3e517a1a?auto=format&fit=crop&w=900&q=80,Education Support,EDUCATION,"Learning support, mentoring and school-readiness programs for children from underserved communities.",https://images.unsplash.com/photo-1594608661623-aa0bd3a69799?auto=format&fit=crop&w=900&q=80,Health & Wellness Camps,HEALTHCARE,"Preventive health camps, awareness sessions and referral support for vulnerable families.",https://images.unsplash.com/photo-1631815588090-d4bfec5b1ccb?auto=format&fit=crop&w=900&q=80,Livelihood & Skills,EMPOWERMENT,"Skill-building, self-reliance and livelihood support designed to help communities move forward.",https://images.unsplash.com/photo-1611702700098-dec597b27d9d?auto=format&fit=crop&w=900&q=80,"10,000+",Lives Reached,Across Mumbai communities,75+,Community Drives,Community-led programs,12+,Years of Impact,Experience-led impact,₹1Cr+,Value Mobilised,For social programs,"The work represented by Suraj Foundation shows how focused community action can create trust, dignity and practical support for families.",Community Member,Mumbai,Director,"KB Rajendran is associated with Suraj Foundation as Director, helping strengthen partnerships, visibility and community impact across Mumbai.",Program Coordinator,Community Programs,"Coordinates local outreach, volunteer support and program delivery for communities connected with Suraj Foundation.",Impact Lead,Partnerships & Reporting,"Supports donor communication, impact storytelling and transparent reporting for social programs.",hello@suraj-foundation.org,,"Mumbai, Maharashtra, India",https://www.linkedin.com/in/ACwAAADe1zgBZ7Dr7NZZyG2RNJkuatptaKoYtY0,client-batch-1,ready,KB Rajendran,https://www.linkedin.com/in/ACwAAADe1zgBZ7Dr7NZZyG2RNJkuatptaKoYtY0,https://media.licdn.com/dms/image/v2/D4D03AQFK1IW-zd3K7g/profile-displayphoto-crop_800_800/B4DZ093OX1KMAI-/0/1774859421452?e=1780531200&v=beta&t=_oedW2dybSPwptH-v6C9F7q3PBQmY9kwwPDN4yyy1ZQ,
the-opentree-foundation-development-through-play,The Opentree Foundation - Development through Play,"Mobilising communities for cleaner, greener and more sustainable local action.","Maharashtra, India",2005,"Protecting Nature,",Powering Change.,"The Opentree Foundation - Development through Play is presented as a premium NGO website concept focused on environmental awareness, sustainability and community action for communities in M...","The Opentree Foundation - Development through Play focuses on environmental awareness, sustainability and community action through community-led programs, partnerships and on-ground outreach in Maharashtra. This website concept presents the mission, impact, team and donation journey in a premium digital format.",Support This Cause ₹,#071b14,#1c3a2f,#c7a646,https://images.unsplash.com/photo-1524492412937-b28074a5d7da?auto=format&fit=crop&w=1920&q=80,,Clean & Green Drives,ENVIRONMENT,"Community-led cleanliness, tree care and public awareness drives for healthier local spaces.",https://images.unsplash.com/photo-1551731409-43eb3e517a1a?auto=format&fit=crop&w=900&q=80,Water Awareness,SUSTAINABILITY,"Programs that encourage responsible water use, conservation and local environmental responsibility.",https://images.unsplash.com/photo-1611702700098-dec597b27d9d?auto=format&fit=crop&w=900&q=80,Youth Eco Clubs,EDUCATION,Young volunteers learning practical environmental stewardship through school and community activities.,https://images.unsplash.com/photo-1594608661623-aa0bd3a69799?auto=format&fit=crop&w=900&q=80,Community Sustainability,ACTION,Local partnerships that make sustainable habits easier for families and neighborhoods.,https://images.unsplash.com/photo-1521587760476-6c12a4b040da?auto=format&fit=crop&w=900&q=80,"25,000+",Citizens Reached,Across Maharashtra communities,90+,Clean Drives,Community-led programs,15+,Eco Campaigns,Community-led programs,50+,Local Partners,Local support network,"The work represented by The Opentree Foundation - Development through Play shows how focused community action can create trust, dignity and practical support for families.",Community Member,Maharashtra,"Co-Founder, Co-CEO","Shweta Chari is associated with The Opentree Foundation - Development through Play as Co-Founder, Co-CEO, helping strengthen partnerships, visibility and...",Program Coordinator,Community Programs,"Coordinates local outreach, volunteer support and program delivery for communities connected with The Opentree Foundation - Development through Play.",Impact Lead,Partnerships & Reporting,"Supports donor communication, impact storytelling and transparent reporting for social programs.",hello@the-opentree-foundation-development-through-play.org,,"Maharashtra, India",https://www.linkedin.com/in/ACwAAAKJqV4BFK9ooT2lFvX1vlZaIoElOE7VL64,client-batch-1,ready,Shweta Chari,https://www.linkedin.com/in/ACwAAAKJqV4BFK9ooT2lFvX1vlZaIoElOE7VL64,https://media.licdn.com/dms/image/v2/D4D03AQECXKhQEJ5VUw/profile-displayphoto-shrink_800_800/B4DZS7g8eJHYAc-/0/1738312763958?e=1780531200&v=beta&t=YL8b6TvXeNywTpTa9uKNRDPe3UjaHgq5_W6qczkLRlA,https://media.licdn.com/dms/image/v2/D4D16AQFS4iMf4lXdzQ/profile-displaybackgroundimage-shrink_200_800/B4DZxhZsBiGkAU-/0/1771160651281?e=1780531200&v=beta&t=UnVEG8ij247Acp9dxajX7qJ1hQTghf2tLbWaSTWZruw
vishwakarma-panchal-chamber-of-commerce-and-industry,Vishwakarma Panchal Chamber of Commerce and Industry,"Community-led impact, dignity and development for underserved families.","Mumbai, Maharashtra, India",2018,"Building Community Impact,",One Life at a Time.,"Vishwakarma Panchal Chamber of Commerce and Industry is presented as a premium NGO website concept focused on community development, dignity and grassroots change for communities in Mumbai.","Vishwakarma Panchal Chamber of Commerce and Industry focuses on community development, dignity and grassroots change through community-led programs, partnerships and on-ground outreach in Mumbai. This website concept presents the mission, impact, team and donation journey in a premium digital format.",Support This Cause ₹,#071b14,#1c3a2f,#c7a646,https://images.unsplash.com/photo-1524492412937-b28074a5d7da?auto=format&fit=crop&w=1920&q=80,,Community Outreach,FIELD PROGRAMS,"Grassroots outreach, awareness drives and local partnerships that connect families with practical support.",https://images.unsplash.com/photo-1551731409-43eb3e517a1a?auto=format&fit=crop&w=900&q=80,Education Support,EDUCATION,"Learning support, mentoring and school-readiness programs for children from underserved communities.",https://images.unsplash.com/photo-1594608661623-aa0bd3a69799?auto=format&fit=crop&w=900&q=80,Health & Wellness Camps,HEALTHCARE,"Preventive health camps, awareness sessions and referral support for vulnerable families.",https://images.unsplash.com/photo-1631815588090-d4bfec5b1ccb?auto=format&fit=crop&w=900&q=80,Livelihood & Skills,EMPOWERMENT,"Skill-building, self-reliance and livelihood support designed to help communities move forward.",https://images.unsplash.com/photo-1611702700098-dec597b27d9d?auto=format&fit=crop&w=900&q=80,"10,000+",Lives Reached,Across Mumbai communities,75+,Community Drives,Community-led programs,12+,Years of Impact,Experience-led impact,₹1Cr+,Value Mobilised,For social programs,"The work represented by Vishwakarma Panchal Chamber of Commerce and Industry shows how focused community action can create trust, dignity and practical support for families.",Community Member,Mumbai,Director- Skill Development & Training,"Sheetal Panchal is associated with Vishwakarma Panchal Chamber of Commerce and Industry as Director- Skill Development & Training, helping strengthen part...",Program Coordinator,Community Programs,"Coordinates local outreach, volunteer support and program delivery for communities connected with Vishwakarma Panchal Chamber of Commerce and Industry.",Impact Lead,Partnerships & Reporting,"Supports donor communication, impact storytelling and transparent reporting for social programs.",hello@vishwakarma-panchal-chamber-of-commerce-and-industry.org,,"Mumbai, Maharashtra, India",https://www.linkedin.com/in/ACwAACru1VEBpLQ3UDqghS6Sld5giasAWgvWzeg,client-batch-1,ready,Sheetal Panchal,https://www.linkedin.com/in/ACwAACru1VEBpLQ3UDqghS6Sld5giasAWgvWzeg,https://media.licdn.com/dms/image/v2/D4D03AQEOKAn5lSDrBA/profile-displayphoto-crop_800_800/B4DZi0Q.x4GsAU-/0/1755371008974?e=1780531200&v=beta&t=zlK4e0QmeRVjWcQ3GmmPFwPjdRjll0MX1iCCrIar6_4,https://media.licdn.com/dms/image/v2/D4D16AQEs_yv21CtRuQ/profile-displaybackgroundimage-shrink_200_800/B4DZi0QqBLGgAU-/0/1755370924051?e=1780531200&v=beta&t=-ViPdkFp3y2tzECs8R4l8pA7Kktdovw7kpih5o8x0x0
the-corbett-foundation,The Corbett Foundation,"Community-led impact, dignity and development for underserved families.","Mumbai, Maharashtra, India",2010,"Building Community Impact,",One Life at a Time.,"The Corbett Foundation is presented as a premium NGO website concept focused on community development, dignity and grassroots change for communities in Mumbai.","The Corbett Foundation focuses on community development, dignity and grassroots change through community-led programs, partnerships and on-ground outreach in Mumbai. This website concept presents the mission, impact, team and donation journey in a premium digital format.",Support This Cause ₹,#001b13,#0b2d22,#d7b84f,https://images.unsplash.com/photo-1524492412937-b28074a5d7da?auto=format&fit=crop&w=1920&q=80,,Community Outreach,FIELD PROGRAMS,"Grassroots outreach, awareness drives and local partnerships that connect families with practical support.",https://images.unsplash.com/photo-1551731409-43eb3e517a1a?auto=format&fit=crop&w=900&q=80,Education Support,EDUCATION,"Learning support, mentoring and school-readiness programs for children from underserved communities.",https://images.unsplash.com/photo-1594608661623-aa0bd3a69799?auto=format&fit=crop&w=900&q=80,Health & Wellness Camps,HEALTHCARE,"Preventive health camps, awareness sessions and referral support for vulnerable families.",https://images.unsplash.com/photo-1631815588090-d4bfec5b1ccb?auto=format&fit=crop&w=900&q=80,Livelihood & Skills,EMPOWERMENT,"Skill-building, self-reliance and livelihood support designed to help communities move forward.",https://images.unsplash.com/photo-1611702700098-dec597b27d9d?auto=format&fit=crop&w=900&q=80,"10,000+",Lives Reached,Across Mumbai communities,75+,Community Drives,Community-led programs,12+,Years of Impact,Experience-led impact,₹1Cr+,Value Mobilised,For social programs,"The work represented by The Corbett Foundation shows how focused community action can create trust, dignity and practical support for families.",Community Member,Mumbai,Director,"Kedar Girish Gore is associated with The Corbett Foundation as Director, helping strengthen partnerships, visibility and community impact across Mumbai.",Program Coordinator,Community Programs,"Coordinates local outreach, volunteer support and program delivery for communities connected with The Corbett Foundation.",Impact Lead,Partnerships & Reporting,"Supports donor communication, impact storytelling and transparent reporting for social programs.",hello@the-corbett-foundation.org,,"Mumbai, Maharashtra, India",https://www.linkedin.com/in/ACwAAAfaBngBI8tmWjOxSl9VYcszZe8Aid6B5b4,client-batch-1,ready,Kedar Girish Gore,https://www.linkedin.com/in/ACwAAAfaBngBI8tmWjOxSl9VYcszZe8Aid6B5b4,https://media.licdn.com/dms/image/v2/D4D03AQG9wQ6qAqxDIA/profile-displayphoto-crop_800_800/B4DZv4szxTJoAI-/0/1769404056542?e=1780531200&v=beta&t=vbPqVPrVZ0jxzUMFrYrwaHmDoUCqaTE0LPbrs2i5OF4,https://media.licdn.com/dms/image/v2/D4D16AQENMok7g6v_hQ/profile-displaybackgroundimage-shrink_200_800/B4DZv4tzrbKUAU-/0/1769404317526?e=1780531200&v=beta&t=TGad-8zjWqGJFFqShhlfWcxqutKvrBJkYaTMsfI5xb4
the-unifly-collective,The Unifly Collective,"Community-led impact, dignity and development for underserved families.","Mumbai, Maharashtra, India",2021,"Building Community Impact,",One Life at a Time.,"The Unifly Collective is presented as a premium NGO website concept focused on community development, dignity and grassroots change for communities in Mumbai.","The Unifly Collective focuses on community development, dignity and grassroots change through community-led programs, partnerships and on-ground outreach in Mumbai. This website concept presents the mission, impact, team and donation journey in a premium digital format.",Support This Cause ₹,#051f1a,#14352c,#e0bd55,https://images.unsplash.com/photo-1524492412937-b28074a5d7da?auto=format&fit=crop&w=1920&q=80,,Community Outreach,FIELD PROGRAMS,"Grassroots outreach, awareness drives and local partnerships that connect families with practical support.",https://images.unsplash.com/photo-1551731409-43eb3e517a1a?auto=format&fit=crop&w=900&q=80,Education Support,EDUCATION,"Learning support, mentoring and school-readiness programs for children from underserved communities.",https://images.unsplash.com/photo-1594608661623-aa0bd3a69799?auto=format&fit=crop&w=900&q=80,Health & Wellness Camps,HEALTHCARE,"Preventive health camps, awareness sessions and referral support for vulnerable families.",https://images.unsplash.com/photo-1631815588090-d4bfec5b1ccb?auto=format&fit=crop&w=900&q=80,Livelihood & Skills,EMPOWERMENT,"Skill-building, self-reliance and livelihood support designed to help communities move forward.",https://images.unsplash.com/photo-1611702700098-dec597b27d9d?auto=format&fit=crop&w=900&q=80,"10,000+",Lives Reached,Across Mumbai communities,75+,Community Drives,Community-led programs,12+,Years of Impact,Experience-led impact,₹1Cr+,Value Mobilised,For social programs,"The work represented by The Unifly Collective shows how focused community action can create trust, dignity and practical support for families.",Community Member,Mumbai,Co-founder and Director,"Subhankar Paul is associated with The Unifly Collective as Co-founder and Director, helping strengthen partnerships, visibility and community impact acros...",Program Coordinator,Community Programs,"Coordinates local outreach, volunteer support and program delivery for communities connected with The Unifly Collective.",Impact Lead,Partnerships & Reporting,"Supports donor communication, impact storytelling and transparent reporting for social programs.",hello@the-unifly-collective.org,,"Mumbai, Maharashtra, India",https://www.linkedin.com/in/ACwAAAXqthgB0VGUYAVaTR7egVaI25n37GmXxmw,client-batch-1,ready,Subhankar Paul,https://www.linkedin.com/in/ACwAAAXqthgB0VGUYAVaTR7egVaI25n37GmXxmw,https://media.licdn.com/dms/image/v2/D4D03AQGK0iGhj_Enyw/profile-displayphoto-shrink_800_800/profile-displayphoto-shrink_800_800/0/1683895630990?e=1780531200&v=beta&t=8kavbJu2VKywsBjvfDy_CjurDXGNKlLJNoorIvgCuik,https://media.licdn.com/dms/image/v2/C4D16AQGUL3azVEUaZQ/profile-displaybackgroundimage-shrink_200_800/profile-displaybackgroundimage-shrink_200_800/0/1598878288286?e=1780531200&v=beta&t=zBrDECugoQoKOQCrxhWNVbVP7xZF2LIDCWaKqQ7yup0
clean-energy-access-network,Clean Energy Access Network,"Community-led impact, dignity and development for underserved families.","Mumbai, Maharashtra, India",2014,"Building Community Impact,",One Life at a Time.,"Clean Energy Access Network is presented as a premium NGO website concept focused on community development, dignity and grassroots change for communities in Mumbai.","Clean Energy Access Network focuses on community development, dignity and grassroots change through community-led programs, partnerships and on-ground outreach in Mumbai. This website concept presents the mission, impact, team and donation journey in a premium digital format.",Support This Cause ₹,#001b13,#0b2d22,#d7b84f,https://images.unsplash.com/photo-1524492412937-b28074a5d7da?auto=format&fit=crop&w=1920&q=80,,Community Outreach,FIELD PROGRAMS,"Grassroots outreach, awareness drives and local partnerships that connect families with practical support.",https://images.unsplash.com/photo-1551731409-43eb3e517a1a?auto=format&fit=crop&w=900&q=80,Education Support,EDUCATION,"Learning support, mentoring and school-readiness programs for children from underserved communities.",https://images.unsplash.com/photo-1594608661623-aa0bd3a69799?auto=format&fit=crop&w=900&q=80,Health & Wellness Camps,HEALTHCARE,"Preventive health camps, awareness sessions and referral support for vulnerable families.",https://images.unsplash.com/photo-1631815588090-d4bfec5b1ccb?auto=format&fit=crop&w=900&q=80,Livelihood & Skills,EMPOWERMENT,"Skill-building, self-reliance and livelihood support designed to help communities move forward.",https://images.unsplash.com/photo-1611702700098-dec597b27d9d?auto=format&fit=crop&w=900&q=80,"10,000+",Lives Reached,Across Mumbai communities,75+,Community Drives,Community-led programs,12+,Years of Impact,Experience-led impact,₹1Cr+,Value Mobilised,For social programs,"The work represented by Clean Energy Access Network shows how focused community action can create trust, dignity and practical support for families.",Community Member,Mumbai,Executive Director,"Vedant Manore is associated with Clean Energy Access Network as Executive Director, helping strengthen partnerships, visibility and community impact acros...",Program Coordinator,Community Programs,"Coordinates local outreach, volunteer support and program delivery for communities connected with Clean Energy Access Network.",Impact Lead,Partnerships & Reporting,"Supports donor communication, impact storytelling and transparent reporting for social programs.",hello@clean-energy-access-network.org,,"Mumbai, Maharashtra, India",https://www.linkedin.com/in/ACwAAAVMIdgBhu_CxeUO9iMeuXM5oz8e75ra4z4,client-batch-1,ready,Vedant Manore,https://www.linkedin.com/in/ACwAAAVMIdgBhu_CxeUO9iMeuXM5oz8e75ra4z4,https://media.licdn.com/dms/image/v2/D4D03AQGr-1gInx3X9A/profile-displayphoto-shrink_800_800/profile-displayphoto-shrink_800_800/0/1693741651676?e=1780531200&v=beta&t=h6tK6YNnuF9DzZjpH923DpfjAcX0a3_fUMFwd4yWhc8,
the-sage-foundation,The SAGE Foundation,"Community-led impact, dignity and development for underserved families.","Mumbai, Maharashtra, India",2009,"Building Community Impact,",One Life at a Time.,"The SAGE Foundation is presented as a premium NGO website concept focused on community development, dignity and grassroots change for communities in Mumbai.","The SAGE Foundation focuses on community development, dignity and grassroots change through community-led programs, partnerships and on-ground outreach in Mumbai. This website concept presents the mission, impact, team and donation journey in a premium digital format.",Support This Cause ₹,#001b13,#0b2d22,#d7b84f,https://images.unsplash.com/photo-1524492412937-b28074a5d7da?auto=format&fit=crop&w=1920&q=80,,Community Outreach,FIELD PROGRAMS,"Grassroots outreach, awareness drives and local partnerships that connect families with practical support.",https://images.unsplash.com/photo-1551731409-43eb3e517a1a?auto=format&fit=crop&w=900&q=80,Education Support,EDUCATION,"Learning support, mentoring and school-readiness programs for children from underserved communities.",https://images.unsplash.com/photo-1594608661623-aa0bd3a69799?auto=format&fit=crop&w=900&q=80,Health & Wellness Camps,HEALTHCARE,"Preventive health camps, awareness sessions and referral support for vulnerable families.",https://images.unsplash.com/photo-1631815588090-d4bfec5b1ccb?auto=format&fit=crop&w=900&q=80,Livelihood & Skills,EMPOWERMENT,"Skill-building, self-reliance and livelihood support designed to help communities move forward.",https://images.unsplash.com/photo-1611702700098-dec597b27d9d?auto=format&fit=crop&w=900&q=80,"10,000+",Lives Reached,Across Mumbai communities,75+,Community Drives,Community-led programs,12+,Years of Impact,Experience-led impact,₹1Cr+,Value Mobilised,For social programs,"The work represented by The SAGE Foundation shows how focused community action can create trust, dignity and practical support for families.",Community Member,Mumbai,Managing Director,"Dr. Akhil Shahani is associated with The SAGE Foundation as Managing Director, helping strengthen partnerships, visibility and community impact across Mum...",Program Coordinator,Community Programs,"Coordinates local outreach, volunteer support and program delivery for communities connected with The SAGE Foundation.",Impact Lead,Partnerships & Reporting,"Supports donor communication, impact storytelling and transparent reporting for social programs.",hello@the-sage-foundation.org,,"Mumbai, Maharashtra, India",https://www.linkedin.com/in/ACwAAAAHeiEBDGZUENAuxNcnNYqDtjMLqiPDF9I,client-batch-1,ready,Dr. Akhil Shahani,https://www.linkedin.com/in/ACwAAAAHeiEBDGZUENAuxNcnNYqDtjMLqiPDF9I,https://media.licdn.com/dms/image/v2/C4E03AQHHIU08aw5h1Q/profile-displayphoto-shrink_800_800/profile-displayphoto-shrink_800_800/0/1516216241298?e=1780531200&v=beta&t=fJlkJjERPX1-cnzrKs3Yb_CekyAOPp6T-5J7svhM1sE,https://media.licdn.com/dms/image/v2/D4D16AQH6UWdUCUi4Dw/profile-displaybackgroundimage-shrink_200_800/profile-displaybackgroundimage-shrink_200_800/0/1736511782288?e=1780531200&v=beta&t=QzJnEu_zQEWZKuW4vFpggY9z3mCC8w1ZFH6UG3-YxA0
samarpan-recovery-de-addiction-services,Samarpan Recovery & De-addiction services,"Mobilising communities for cleaner, greener and more sustainable local action.","South Mumbai, Maharashtra, India",2025,"Protecting Nature,",Powering Change.,"Samarpan Recovery & De-addiction services is presented as a premium NGO website concept focused on environmental awareness, sustainability and community action for communities in South Mumb...","Samarpan Recovery & De-addiction services focuses on environmental awareness, sustainability and community action through community-led programs, partnerships and on-ground outreach in South Mumbai. This website concept presents the mission, impact, team and donation journey in a premium digital format.",Support This Cause ₹,#051f1a,#14352c,#e0bd55,https://images.unsplash.com/photo-1524492412937-b28074a5d7da?auto=format&fit=crop&w=1920&q=80,,Clean & Green Drives,ENVIRONMENT,"Community-led cleanliness, tree care and public awareness drives for healthier local spaces.",https://images.unsplash.com/photo-1551731409-43eb3e517a1a?auto=format&fit=crop&w=900&q=80,Water Awareness,SUSTAINABILITY,"Programs that encourage responsible water use, conservation and local environmental responsibility.",https://images.unsplash.com/photo-1611702700098-dec597b27d9d?auto=format&fit=crop&w=900&q=80,Youth Eco Clubs,EDUCATION,Young volunteers learning practical environmental stewardship through school and community activities.,https://images.unsplash.com/photo-1594608661623-aa0bd3a69799?auto=format&fit=crop&w=900&q=80,Community Sustainability,ACTION,Local partnerships that make sustainable habits easier for families and neighborhoods.,https://images.unsplash.com/photo-1521587760476-6c12a4b040da?auto=format&fit=crop&w=900&q=80,"25,000+",Citizens Reached,Across South Mumbai communities,90+,Clean Drives,Community-led programs,15+,Eco Campaigns,Community-led programs,50+,Local Partners,Local support network,"The work represented by Samarpan Recovery & De-addiction services shows how focused community action can create trust, dignity and practical support for families.",Community Member,South Mumbai,Chief Operations Officer,"Martin Peters is associated with Samarpan Recovery & De-addiction services as Chief Operations Officer, helping strengthen partnerships, visibility and co...",Program Coordinator,Community Programs,"Coordinates local outreach, volunteer support and program delivery for communities connected with Samarpan Recovery & De-addiction services.",Impact Lead,Partnerships & Reporting,"Supports donor communication, impact storytelling and transparent reporting for social programs.",hello@samarpan-recovery-de-addiction-services.org,,"South Mumbai, Maharashtra, India",https://www.linkedin.com/in/ACwAAAhiWyQBeMLMAlLJnmaXSh5C76GktBzEXbY,client-batch-1,ready,Martin Peters,https://www.linkedin.com/in/ACwAAAhiWyQBeMLMAlLJnmaXSh5C76GktBzEXbY,https://media.licdn.com/dms/image/v2/D4D35AQE5_8lHgerIhg/profile-framedphoto-shrink_800_800/B4DZuWuvIaGgAg-/0/1767760393033?e=1779462000&v=beta&t=bZp18weTqXZvYkDMcz8HX1WSwumwLiWN6yMNG-x8ifU,https://media.licdn.com/dms/image/v2/D4E16AQGQLZLB_-tLQg/profile-displaybackgroundimage-shrink_200_800/B4EZ0J8i3BG0AY-/0/1773988361588?e=1780531200&v=beta&t=SK25LZVHx4dp6UKnvvZXV6BGjgG_UpYjkwzx0Eg0hHo
burhani-foundation,Burhani Foundation,"Community-led impact, dignity and development for underserved families.","Mumbai, Maharashtra, India",2021,"Building Community Impact,",One Life at a Time.,"Burhani Foundation is presented as a premium NGO website concept focused on community development, dignity and grassroots change for communities in Mumbai.","Burhani Foundation focuses on community development, dignity and grassroots change through community-led programs, partnerships and on-ground outreach in Mumbai. This website concept presents the mission, impact, team and donation journey in a premium digital format.",Support This Cause ₹,#051f1a,#14352c,#e0bd55,https://images.unsplash.com/photo-1524492412937-b28074a5d7da?auto=format&fit=crop&w=1920&q=80,,Community Outreach,FIELD PROGRAMS,"Grassroots outreach, awareness drives and local partnerships that connect families with practical support.",https://images.unsplash.com/photo-1551731409-43eb3e517a1a?auto=format&fit=crop&w=900&q=80,Education Support,EDUCATION,"Learning support, mentoring and school-readiness programs for children from underserved communities.",https://images.unsplash.com/photo-1594608661623-aa0bd3a69799?auto=format&fit=crop&w=900&q=80,Health & Wellness Camps,HEALTHCARE,"Preventive health camps, awareness sessions and referral support for vulnerable families.",https://images.unsplash.com/photo-1631815588090-d4bfec5b1ccb?auto=format&fit=crop&w=900&q=80,Livelihood & Skills,EMPOWERMENT,"Skill-building, self-reliance and livelihood support designed to help communities move forward.",https://images.unsplash.com/photo-1611702700098-dec597b27d9d?auto=format&fit=crop&w=900&q=80,"10,000+",Lives Reached,Across Mumbai communities,75+,Community Drives,Community-led programs,12+,Years of Impact,Experience-led impact,₹1Cr+,Value Mobilised,For social programs,"The work represented by Burhani Foundation shows how focused community action can create trust, dignity and practical support for families.",Community Member,Mumbai,Director Board Of Trustees,"Murtaza Sadriwala is associated with Burhani Foundation as Director Board Of Trustees, helping strengthen partnerships, visibility and community impact ac...",Program Coordinator,Community Programs,"Coordinates local outreach, volunteer support and program delivery for communities connected with Burhani Foundation.",Impact Lead,Partnerships & Reporting,"Supports donor communication, impact storytelling and transparent reporting for social programs.",hello@burhani-foundation.org,,"Mumbai, Maharashtra, India",https://www.linkedin.com/in/ACwAAAT3U_wBK7pQpL_weoK7ugN85j48nniRgks,client-batch-1,ready,Murtaza Sadriwala,https://www.linkedin.com/in/ACwAAAT3U_wBK7pQpL_weoK7ugN85j48nniRgks,https://media.licdn.com/dms/image/v2/D4D03AQGOEMNGom-HqQ/profile-displayphoto-shrink_800_800/B4DZaJngBGGgAc-/0/1746065563969?e=1780531200&v=beta&t=tYbOxBdoxxlhJFwX2Ib5v3Xpuj3fkdMBfUmmw3AnUsM,
lic-mutual-fund-trustee-private-limited,LIC Mutual Fund Trustee Private Limited,"Community-led impact, dignity and development for underserved families.","Mumbai, Maharashtra, India",2025,"Building Community Impact,",One Life at a Time.,"LIC Mutual Fund Trustee Private Limited is presented as a premium NGO website concept focused on community development, dignity and grassroots change for communities in Mumbai.","LIC Mutual Fund Trustee Private Limited focuses on community development, dignity and grassroots change through community-led programs, partnerships and on-ground outreach in Mumbai. This website concept presents the mission, impact, team and donation journey in a premium digital format.",Support This Cause ₹,#071b14,#1c3a2f,#c7a646,https://images.unsplash.com/photo-1524492412937-b28074a5d7da?auto=format&fit=crop&w=1920&q=80,,Community Outreach,FIELD PROGRAMS,"Grassroots outreach, awareness drives and local partnerships that connect families with practical support.",https://images.unsplash.com/photo-1551731409-43eb3e517a1a?auto=format&fit=crop&w=900&q=80,Education Support,EDUCATION,"Learning support, mentoring and school-readiness programs for children from underserved communities.",https://images.unsplash.com/photo-1594608661623-aa0bd3a69799?auto=format&fit=crop&w=900&q=80,Health & Wellness Camps,HEALTHCARE,"Preventive health camps, awareness sessions and referral support for vulnerable families.",https://images.unsplash.com/photo-1631815588090-d4bfec5b1ccb?auto=format&fit=crop&w=900&q=80,Livelihood & Skills,EMPOWERMENT,"Skill-building, self-reliance and livelihood support designed to help communities move forward.",https://images.unsplash.com/photo-1611702700098-dec597b27d9d?auto=format&fit=crop&w=900&q=80,"10,000+",Lives Reached,Across Mumbai communities,75+,Community Drives,Community-led programs,12+,Years of Impact,Experience-led impact,₹1Cr+,Value Mobilised,For social programs,"The work represented by LIC Mutual Fund Trustee Private Limited shows how focused community action can create trust, dignity and practical support for families.",Community Member,Mumbai,Chairperson of the Board,"Rammohan Bhave is associated with LIC Mutual Fund Trustee Private Limited as Chairperson of the Board, helping strengthen partnerships, visibility and com...",Program Coordinator,Community Programs,"Coordinates local outreach, volunteer support and program delivery for communities connected with LIC Mutual Fund Trustee Private Limited.",Impact Lead,Partnerships & Reporting,"Supports donor communication, impact storytelling and transparent reporting for social programs.",hello@lic-mutual-fund-trustee-private-limited.org,,"Mumbai, Maharashtra, India",https://www.linkedin.com/in/ACwAAFpmgS0BPcmR3X21fD52t1zviWRK-bGnNH4,client-batch-1,ready,Rammohan Bhave,https://www.linkedin.com/in/ACwAAFpmgS0BPcmR3X21fD52t1zviWRK-bGnNH4,https://media.licdn.com/dms/image/v2/D4D35AQEiOtPzcQoSIA/profile-framedphoto-shrink_800_800/B4DZb7jo6iGgAk-/0/1747977146348?e=1779462000&v=beta&t=ln2rxnJqga8mfSOdk_gOum7674EiEOeflfEhB0B41WQ,https://media.licdn.com/dms/image/v2/D4D16AQFcApWZQSgcYg/profile-displaybackgroundimage-shrink_350_1400/B4DZfaRdShG8AY-/0/1751713700164?e=1780531200&v=beta&t=W2aWun21OGGP934snGu3y37wrK-m2SSbcceLx_vrvcY
cancer-kids-strength-of-smile-charitable-trust,Cancer Kids Strength of Smile Charitable Trust,Making healthcare awareness and support more accessible to communities.,Mumbai Metropolitan Region,2016,"Bringing Care Closer,",Healing Communities.,"Cancer Kids Strength of Smile Charitable Trust is presented as a premium NGO website concept focused on healthcare access, awareness and wellness support for communities in Mumbai.","Cancer Kids Strength of Smile Charitable Trust focuses on healthcare access, awareness and wellness support through community-led programs, partnerships and on-ground outreach in Mumbai. This website concept presents the mission, impact, team and donation journey in a premium digital format.",Support This Cause ₹,#051f1a,#14352c,#e0bd55,https://images.unsplash.com/photo-1584515933487-779824d29309?auto=format&fit=crop&w=1920&q=80,,Mobile Health Camps,HEALTHCARE,"Community health camps, screenings and basic medical access for families who need timely care.",https://images.unsplash.com/photo-1576091160550-2173dba999ef?auto=format&fit=crop&w=900&q=80,Patient Awareness,AWARENESS,Practical awareness programs that help people identify risks early and seek the right support.,https://images.unsplash.com/photo-1550831107-1553da8c8464?auto=format&fit=crop&w=900&q=80,Care Navigation,SUPPORT,"Guidance, referrals and follow-up support that make the healthcare journey easier for communities.",https://images.unsplash.com/photo-1559757148-5c350d0d3c56?auto=format&fit=crop&w=900&q=80,Community Wellness,WELLNESS,"Preventive care, nutrition awareness and wellness sessions delivered with local participation.",https://images.unsplash.com/photo-1587854692152-cbe660dbde88?auto=format&fit=crop&w=900&q=80,"8,500+",People Supported,Across Mumbai communities,120+,Health Camps,Community-led programs,30+,Care Partners,Local support network,18+,Districts Reached,Purpose-led progress,"The work represented by Cancer Kids Strength of Smile Charitable Trust shows how focused community action can create trust, dignity and practical support for families.",Community Member,Mumbai,Founder and Chairperson,"Monica Bhagat is associated with Cancer Kids Strength of Smile Charitable Trust as Founder and Chairperson, helping strengthen partnerships, visibility an...",Program Coordinator,Community Programs,"Coordinates local outreach, volunteer support and program delivery for communities connected with Cancer Kids Strength of Smile Charitable Trust.",Impact Lead,Partnerships & Reporting,"Supports donor communication, impact storytelling and transparent reporting for social programs.",hello@cancer-kids-strength-of-smile-charitable-trust.org,,Mumbai Metropolitan Region,https://www.linkedin.com/in/ACwAAA_ZzpkBuNl9-DobFVuhIIhCnD9CN1KBCk0,client-batch-1,ready,Monica Bhagat,https://www.linkedin.com/in/ACwAAA_ZzpkBuNl9-DobFVuhIIhCnD9CN1KBCk0,https://media.licdn.com/dms/image/v2/D4D03AQHaLDHH6BB98w/profile-displayphoto-shrink_800_800/profile-displayphoto-shrink_800_800/0/1728209202973?e=1780531200&v=beta&t=Cioziy2kBu2t79JpIhz_I7Do2OJnJMe0RsiZ0hP0OUM,
social-lens-consulting,Social Lens Consulting,"Community-led impact, dignity and development for underserved families.","Mumbai, Maharashtra, India",2016,"Building Community Impact,",One Life at a Time.,"Social Lens Consulting is presented as a premium NGO website concept focused on community development, dignity and grassroots change for communities in Mumbai.","Social Lens Consulting focuses on community development, dignity and grassroots change through community-led programs, partnerships and on-ground outreach in Mumbai. This website concept presents the mission, impact, team and donation journey in a premium digital format.",Support This Cause ₹,#001b13,#0b2d22,#d7b84f,https://images.unsplash.com/photo-1524492412937-b28074a5d7da?auto=format&fit=crop&w=1920&q=80,,Community Outreach,FIELD PROGRAMS,"Grassroots outreach, awareness drives and local partnerships that connect families with practical support.",https://images.unsplash.com/photo-1551731409-43eb3e517a1a?auto=format&fit=crop&w=900&q=80,Education Support,EDUCATION,"Learning support, mentoring and school-readiness programs for children from underserved communities.",https://images.unsplash.com/photo-1594608661623-aa0bd3a69799?auto=format&fit=crop&w=900&q=80,Health & Wellness Camps,HEALTHCARE,"Preventive health camps, awareness sessions and referral support for vulnerable families.",https://images.unsplash.com/photo-1631815588090-d4bfec5b1ccb?auto=format&fit=crop&w=900&q=80,Livelihood & Skills,EMPOWERMENT,"Skill-building, self-reliance and livelihood support designed to help communities move forward.",https://images.unsplash.com/photo-1611702700098-dec597b27d9d?auto=format&fit=crop&w=900&q=80,"10,000+",Lives Reached,Across Mumbai communities,75+,Community Drives,Community-led programs,12+,Years of Impact,Experience-led impact,₹1Cr+,Value Mobilised,For social programs,"The work represented by Social Lens Consulting shows how focused community action can create trust, dignity and practical support for families.",Community Member,Mumbai,Principal Founding Partner,"Vijaya Balaji is associated with Social Lens Consulting as Principal Founding Partner, helping strengthen partnerships, visibility and community impact ac...",Program Coordinator,Community Programs,"Coordinates local outreach, volunteer support and program delivery for communities connected with Social Lens Consulting.",Impact Lead,Partnerships & Reporting,"Supports donor communication, impact storytelling and transparent reporting for social programs.",hello@social-lens-consulting.org,,"Mumbai, Maharashtra, India",https://www.linkedin.com/in/ACwAAAQNmm8BeBxDxxlfgtXUNo0afudEaa4XZVo,client-batch-1,ready,Vijaya Balaji,https://www.linkedin.com/in/ACwAAAQNmm8BeBxDxxlfgtXUNo0afudEaa4XZVo,https://media.licdn.com/dms/image/v2/D5603AQEvIP9GSbSfmA/profile-displayphoto-crop_800_800/B56ZsxKoR9I0AM-/0/1766056430032?e=1780531200&v=beta&t=nJ5mNLglx9AZpknaxlbJc7TQuAC3vCFrXfS0cI0W2Ow,
catalysts-for-social-action,Catalysts For Social Action,"Community-led impact, dignity and development for underserved families.","Mumbai, Maharashtra, India",2003,"Building Community Impact,",One Life at a Time.,"Catalysts For Social Action is presented as a premium NGO website concept focused on community development, dignity and grassroots change for communities in Mumbai.","Catalysts For Social Action focuses on community development, dignity and grassroots change through community-led programs, partnerships and on-ground outreach in Mumbai. This website concept presents the mission, impact, team and donation journey in a premium digital format.",Support This Cause ₹,#051f1a,#14352c,#e0bd55,https://images.unsplash.com/photo-1524492412937-b28074a5d7da?auto=format&fit=crop&w=1920&q=80,,Community Outreach,FIELD PROGRAMS,"Grassroots outreach, awareness drives and local partnerships that connect families with practical support.",https://images.unsplash.com/photo-1551731409-43eb3e517a1a?auto=format&fit=crop&w=900&q=80,Education Support,EDUCATION,"Learning support, mentoring and school-readiness programs for children from underserved communities.",https://images.unsplash.com/photo-1594608661623-aa0bd3a69799?auto=format&fit=crop&w=900&q=80,Health & Wellness Camps,HEALTHCARE,"Preventive health camps, awareness sessions and referral support for vulnerable families.",https://images.unsplash.com/photo-1631815588090-d4bfec5b1ccb?auto=format&fit=crop&w=900&q=80,Livelihood & Skills,EMPOWERMENT,"Skill-building, self-reliance and livelihood support designed to help communities move forward.",https://images.unsplash.com/photo-1611702700098-dec597b27d9d?auto=format&fit=crop&w=900&q=80,"10,000+",Lives Reached,Across Mumbai communities,75+,Community Drives,Community-led programs,12+,Years of Impact,Experience-led impact,₹1Cr+,Value Mobilised,For social programs,"The work represented by Catalysts For Social Action shows how focused community action can create trust, dignity and practical support for families.",Community Member,Mumbai,Co-Founder and Board Trustee (Not-for-Profit),"Bharati Dasgupta is associated with Catalysts For Social Action as Co-Founder and Board Trustee (Not-for-Profit), helping strengthen partnerships, visibil...",Program Coordinator,Community Programs,"Coordinates local outreach, volunteer support and program delivery for communities connected with Catalysts For Social Action.",Impact Lead,Partnerships & Reporting,"Supports donor communication, impact storytelling and transparent reporting for social programs.",hello@catalysts-for-social-action.org,,"Mumbai, Maharashtra, India",https://www.linkedin.com/in/ACwAABL7co4B7xKZiT5N_FWbBBMq_PYedv7cPf0,client-batch-1,ready,Bharati Dasgupta,https://www.linkedin.com/in/ACwAABL7co4B7xKZiT5N_FWbBBMq_PYedv7cPf0,https://media.licdn.com/dms/image/v2/C5603AQEB7dyMCgEEuQ/profile-displayphoto-shrink_800_800/profile-displayphoto-shrink_800_800/0/1650874043426?e=1780531200&v=beta&t=1jyi1DpzKLikC2mmwI9xtNFxp45r2gl53GasaF2Nxxk,
aditya-birla-education-trust,Aditya Birla Education Trust,Helping children and young learners access brighter educational opportunities.,"Mumbai, Maharashtra, India",2025,"Opening Classrooms,",Unlocking Futures.,"Aditya Birla Education Trust is presented as a premium NGO website concept focused on education access, mentoring and learning support for communities in Mumbai.","Aditya Birla Education Trust focuses on education access, mentoring and learning support through community-led programs, partnerships and on-ground outreach in Mumbai. This website concept presents the mission, impact, team and donation journey in a premium digital format.",Support This Cause ₹,#001b13,#0b2d22,#d7b84f,https://images.unsplash.com/photo-1497633762265-9d179a990aa6?auto=format&fit=crop&w=1920&q=80,,Learning Centers,EDUCATION,"Community learning spaces that help children build confidence, reading skills and school continuity.",https://images.unsplash.com/photo-1503676260728-1c00da094a0b?auto=format&fit=crop&w=900&q=80,Scholarship Support,STUDENT CARE,"Support for students who need guidance, supplies and encouragement to continue their education.",https://images.unsplash.com/photo-1596495578065-6e0763fa1178?auto=format&fit=crop&w=900&q=80,Digital Learning,SKILLS,Digital literacy and practical learning exposure for young learners and first-generation students.,https://images.unsplash.com/photo-1516627145497-ae6968895b74?auto=format&fit=crop&w=900&q=80,Mentor Network,GUIDANCE,Volunteer mentoring and local role models who help students plan stronger futures.,https://images.unsplash.com/photo-1521587760476-6c12a4b040da?auto=format&fit=crop&w=900&q=80,"6,000+",Learners Supported,Across Mumbai communities,80+,Learning Sessions,Community-led programs,25+,Volunteer Mentors,Local support network,92%,Retention Focus,Purpose-led progress,"The work represented by Aditya Birla Education Trust shows how focused community action can create trust, dignity and practical support for families.",Community Member,Mumbai,Head of HR,"Akshatha Karangutkar is associated with Aditya Birla Education Trust as Head of HR, helping strengthen partnerships, visibility and community impact acros...",Program Coordinator,Community Programs,"Coordinates local outreach, volunteer support and program delivery for communities connected with Aditya Birla Education Trust.",Impact Lead,Partnerships & Reporting,"Supports donor communication, impact storytelling and transparent reporting for social programs.",hello@aditya-birla-education-trust.org,,"Mumbai, Maharashtra, India",https://www.linkedin.com/in/ACwAAAPo_jUBfZRb8tWt4Ux5yKMZo7TYvBthdsA,client-batch-1,ready,Akshatha Karangutkar,https://www.linkedin.com/in/ACwAAAPo_jUBfZRb8tWt4Ux5yKMZo7TYvBthdsA,https://media.licdn.com/dms/image/v2/D4D03AQEhO72uJQJotg/profile-displayphoto-crop_800_800/B4DZguFPRaG8AM-/0/1753119783185?e=1780531200&v=beta&t=3H2BeI_ZG9UFMeVFPP8_WHDoDOvdhwvNJj3MjH-QzVQ,
ratna-nidhi-charitable-trust,Ratna Nidhi Charitable Trust,"Community-led impact, dignity and development for underserved families.","Mumbai, Maharashtra, India",2014,"Building Community Impact,",One Life at a Time.,"Ratna Nidhi Charitable Trust is presented as a premium NGO website concept focused on community development, dignity and grassroots change for communities in Mumbai.","Ratna Nidhi Charitable Trust focuses on community development, dignity and grassroots change through community-led programs, partnerships and on-ground outreach in Mumbai. This website concept presents the mission, impact, team and donation journey in a premium digital format.",Support This Cause ₹,#001b13,#0b2d22,#d7b84f,https://images.unsplash.com/photo-1524492412937-b28074a5d7da?auto=format&fit=crop&w=1920&q=80,,Community Outreach,FIELD PROGRAMS,"Grassroots outreach, awareness drives and local partnerships that connect families with practical support.",https://images.unsplash.com/photo-1551731409-43eb3e517a1a?auto=format&fit=crop&w=900&q=80,Education Support,EDUCATION,"Learning support, mentoring and school-readiness programs for children from underserved communities.",https://images.unsplash.com/photo-1594608661623-aa0bd3a69799?auto=format&fit=crop&w=900&q=80,Health & Wellness Camps,HEALTHCARE,"Preventive health camps, awareness sessions and referral support for vulnerable families.",https://images.unsplash.com/photo-1631815588090-d4bfec5b1ccb?auto=format&fit=crop&w=900&q=80,Livelihood & Skills,EMPOWERMENT,"Skill-building, self-reliance and livelihood support designed to help communities move forward.",https://images.unsplash.com/photo-1611702700098-dec597b27d9d?auto=format&fit=crop&w=900&q=80,"10,000+",Lives Reached,Across Mumbai communities,75+,Community Drives,Community-led programs,12+,Years of Impact,Experience-led impact,₹1Cr+,Value Mobilised,For social programs,"The work represented by Ratna Nidhi Charitable Trust shows how focused community action can create trust, dignity and practical support for families.",Community Member,Mumbai,Trustee,"Rajiv Mehta is associated with Ratna Nidhi Charitable Trust as Trustee, helping strengthen partnerships, visibility and community impact across Mumbai.",Program Coordinator,Community Programs,"Coordinates local outreach, volunteer support and program delivery for communities connected with Ratna Nidhi Charitable Trust.",Impact Lead,Partnerships & Reporting,"Supports donor communication, impact storytelling and transparent reporting for social programs.",hello@ratna-nidhi-charitable-trust.org,,"Mumbai, Maharashtra, India",https://www.linkedin.com/in/ACwAABTk_WYB2eD5toH8FvLvDuj4P-FIiXDEYqw,client-batch-1,ready,Rajiv Mehta,https://www.linkedin.com/in/ACwAABTk_WYB2eD5toH8FvLvDuj4P-FIiXDEYqw,https://media.licdn.com/dms/image/v2/C4E03AQH0NWuULJoSpg/profile-displayphoto-shrink_400_400/profile-displayphoto-shrink_400_400/0/1595846588786?e=1780531200&v=beta&t=APn7JnCMXzxoWdoBNclS1W5R4ngCj7P3IHINsNq-38M,https://media.licdn.com/dms/image/v2/D4D16AQH-ifwIXU1b6Q/profile-displaybackgroundimage-shrink_200_800/profile-displaybackgroundimage-shrink_200_800/0/1694629328577?e=1780531200&v=beta&t=EmC938tWopzchlAOyycpwGSDl_jvq601qVoSKan1Wls
marshall-engineering-works,Marshall Engineering Works,"Community-led impact, dignity and development for underserved families.",Mumbai Metropolitan Region,2019,"Building Community Impact,",One Life at a Time.,"Marshall Engineering Works is presented as a premium NGO website concept focused on community development, dignity and grassroots change for communities in Mumbai.","Marshall Engineering Works focuses on community development, dignity and grassroots change through community-led programs, partnerships and on-ground outreach in Mumbai. This website concept presents the mission, impact, team and donation journey in a premium digital format.",Support This Cause ₹,#001b13,#0b2d22,#d7b84f,https://images.unsplash.com/photo-1524492412937-b28074a5d7da?auto=format&fit=crop&w=1920&q=80,,Community Outreach,FIELD PROGRAMS,"Grassroots outreach, awareness drives and local partnerships that connect families with practical support.",https://images.unsplash.com/photo-1551731409-43eb3e517a1a?auto=format&fit=crop&w=900&q=80,Education Support,EDUCATION,"Learning support, mentoring and school-readiness programs for children from underserved communities.",https://images.unsplash.com/photo-1594608661623-aa0bd3a69799?auto=format&fit=crop&w=900&q=80,Health & Wellness Camps,HEALTHCARE,"Preventive health camps, awareness sessions and referral support for vulnerable families.",https://images.unsplash.com/photo-1631815588090-d4bfec5b1ccb?auto=format&fit=crop&w=900&q=80,Livelihood & Skills,EMPOWERMENT,"Skill-building, self-reliance and livelihood support designed to help communities move forward.",https://images.unsplash.com/photo-1611702700098-dec597b27d9d?auto=format&fit=crop&w=900&q=80,"10,000+",Lives Reached,Across Mumbai communities,75+,Community Drives,Community-led programs,12+,Years of Impact,Experience-led impact,₹1Cr+,Value Mobilised,For social programs,"The work represented by Marshall Engineering Works shows how focused community action can create trust, dignity and practical support for families.",Community Member,Mumbai,Chief Executive Officer,"Jasmeet A Arorah is associated with Marshall Engineering Works as Chief Executive Officer, helping strengthen partnerships, visibility and community impac...",Program Coordinator,Community Programs,"Coordinates local outreach, volunteer support and program delivery for communities connected with Marshall Engineering Works.",Impact Lead,Partnerships & Reporting,"Supports donor communication, impact storytelling and transparent reporting for social programs.",hello@marshall-engineering-works.org,,Mumbai Metropolitan Region,https://www.linkedin.com/in/ACwAABFA02ABnFrilvY4LA0Xcy1u4Z7T7eshX-g,client-batch-1,ready,Jasmeet A Arorah,https://www.linkedin.com/in/ACwAABFA02ABnFrilvY4LA0Xcy1u4Z7T7eshX-g,https://media.licdn.com/dms/image/v2/D4D03AQGCIBfbuj2Ygw/profile-displayphoto-shrink_800_800/B4DZZEea90G4Ac-/0/1744905548070?e=1780531200&v=beta&t=1ty3oqm2i5KI_ALfoEMbl5KtazGAOEqTHWSyAUyZrBU,https://media.licdn.com/dms/image/v2/D4D16AQFWGy5XEbuXyA/profile-displaybackgroundimage-shrink_200_800/B4DZp6C3.iKIAc-/0/1762984166972?e=1780531200&v=beta&t=EqQVR6LMJWWzNVBmVfjELERUZB6ek3HaGmstBEJ2q6o
sankalp-micro-association,Sankalp Micro Association,"Community-led impact, dignity and development for underserved families.","Mumbai, Maharashtra, India",2022,"Building Community Impact,",One Life at a Time.,"Sankalp Micro Association is presented as a premium NGO website concept focused on community development, dignity and grassroots change for communities in Mumbai.","Sankalp Micro Association focuses on community development, dignity and grassroots change through community-led programs, partnerships and on-ground outreach in Mumbai. This website concept presents the mission, impact, team and donation journey in a premium digital format.",Support This Cause ₹,#051f1a,#14352c,#e0bd55,https://images.unsplash.com/photo-1524492412937-b28074a5d7da?auto=format&fit=crop&w=1920&q=80,,Community Outreach,FIELD PROGRAMS,"Grassroots outreach, awareness drives and local partnerships that connect families with practical support.",https://images.unsplash.com/photo-1551731409-43eb3e517a1a?auto=format&fit=crop&w=900&q=80,Education Support,EDUCATION,"Learning support, mentoring and school-readiness programs for children from underserved communities.",https://images.unsplash.com/photo-1594608661623-aa0bd3a69799?auto=format&fit=crop&w=900&q=80,Health & Wellness Camps,HEALTHCARE,"Preventive health camps, awareness sessions and referral support for vulnerable families.",https://images.unsplash.com/photo-1631815588090-d4bfec5b1ccb?auto=format&fit=crop&w=900&q=80,Livelihood & Skills,EMPOWERMENT,"Skill-building, self-reliance and livelihood support designed to help communities move forward.",https://images.unsplash.com/photo-1611702700098-dec597b27d9d?auto=format&fit=crop&w=900&q=80,"10,000+",Lives Reached,Across Mumbai communities,75+,Community Drives,Community-led programs,12+,Years of Impact,Experience-led impact,₹1Cr+,Value Mobilised,For social programs,"The work represented by Sankalp Micro Association shows how focused community action can create trust, dignity and practical support for families.",Community Member,Mumbai,Director & Chief Mentor,"Sumit Ghosh is associated with Sankalp Micro Association as Director & Chief Mentor, helping strengthen partnerships, visibility and community impact acro...",Program Coordinator,Community Programs,"Coordinates local outreach, volunteer support and program delivery for communities connected with Sankalp Micro Association.",Impact Lead,Partnerships & Reporting,"Supports donor communication, impact storytelling and transparent reporting for social programs.",hello@sankalp-micro-association.org,,"Mumbai, Maharashtra, India",https://www.linkedin.com/in/ACwAADk4CREBvWdelpEFkjBBLRBbvEU8ObmyuBQ,client-batch-1,ready,Sumit Ghosh,https://www.linkedin.com/in/ACwAADk4CREBvWdelpEFkjBBLRBbvEU8ObmyuBQ,https://media.licdn.com/dms/image/v2/D4D03AQGq2-zJisOppQ/profile-displayphoto-shrink_800_800/profile-displayphoto-shrink_800_800/0/1673249590597?e=1780531200&v=beta&t=A0fwfMPm-Xd3n066GrXJV6GBaflc3ooZw0wJ8g7lyd4,https://media.licdn.com/dms/image/v2/D4D16AQFUqeq3_IC88A/profile-displaybackgroundimage-shrink_200_800/profile-displaybackgroundimage-shrink_200_800/0/1680322519397?e=1780531200&v=beta&t=ZiHApYn0EyKKrpubwGctGgU8S-fBie5tUy6ef2VP3rY
kashvi-trust,Kashvi Trust,"Community-led impact, dignity and development for underserved families.","Mumbai, Maharashtra, India",2025,"Building Community Impact,",One Life at a Time.,"Kashvi Trust is presented as a premium NGO website concept focused on community development, dignity and grassroots change for communities in Mumbai.","Kashvi Trust focuses on community development, dignity and grassroots change through community-led programs, partnerships and on-ground outreach in Mumbai. This website concept presents the mission, impact, team and donation journey in a premium digital format.",Support This Cause ₹,#051f1a,#14352c,#e0bd55,https://images.unsplash.com/photo-1524492412937-b28074a5d7da?auto=format&fit=crop&w=1920&q=80,,Community Outreach,FIELD PROGRAMS,"Grassroots outreach, awareness drives and local partnerships that connect families with practical support.",https://images.unsplash.com/photo-1551731409-43eb3e517a1a?auto=format&fit=crop&w=900&q=80,Education Support,EDUCATION,"Learning support, mentoring and school-readiness programs for children from underserved communities.",https://images.unsplash.com/photo-1594608661623-aa0bd3a69799?auto=format&fit=crop&w=900&q=80,Health & Wellness Camps,HEALTHCARE,"Preventive health camps, awareness sessions and referral support for vulnerable families.",https://images.unsplash.com/photo-1631815588090-d4bfec5b1ccb?auto=format&fit=crop&w=900&q=80,Livelihood & Skills,EMPOWERMENT,"Skill-building, self-reliance and livelihood support designed to help communities move forward.",https://images.unsplash.com/photo-1611702700098-dec597b27d9d?auto=format&fit=crop&w=900&q=80,"10,000+",Lives Reached,Across Mumbai communities,75+,Community Drives,Community-led programs,12+,Years of Impact,Experience-led impact,₹1Cr+,Value Mobilised,For social programs,"The work represented by Kashvi Trust shows how focused community action can create trust, dignity and practical support for families.",Community Member,Mumbai,Chief Operating Officer,"Sapna Menon is associated with Kashvi Trust as Chief Operating Officer, helping strengthen partnerships, visibility and community impact across Mumbai.",Program Coordinator,Community Programs,"Coordinates local outreach, volunteer support and program delivery for communities connected with Kashvi Trust.",Impact Lead,Partnerships & Reporting,"Supports donor communication, impact storytelling and transparent reporting for social programs.",hello@kashvi-trust.org,,"Mumbai, Maharashtra, India",https://www.linkedin.com/in/ACwAACaOOm8BhpDEXwW2AZWWArzVY6AUDQJZGgQ,client-batch-1,ready,Sapna Menon,https://www.linkedin.com/in/ACwAACaOOm8BhpDEXwW2AZWWArzVY6AUDQJZGgQ,https://media.licdn.com/dms/image/v2/D4D03AQGn1Bv_oyXrXw/profile-displayphoto-crop_800_800/B4DZzBdbXoJ4AI-/0/1772772245173?e=1780531200&v=beta&t=2RZjgAxfSVT-TcKneCYv-Anq94Q-qmoZ8JNa2CQJC9E,https://media.licdn.com/dms/image/v2/D4D16AQEaHsT5f4Z42A/profile-displaybackgroundimage-shrink_200_800/B4DZdeaICvGgAU-/0/1749635597889?e=1780531200&v=beta&t=-7ctj4gzpMtDnDyiw8z4ZugXdRUwkTSp9j4Tc9t6F30
swashamtaa-foundation,Swashamtaa Foundation,"Community-led impact, dignity and development for underserved families.",Mumbai Metropolitan Region,2019,"Building Community Impact,",One Life at a Time.,"Swashamtaa Foundation is presented as a premium NGO website concept focused on community development, dignity and grassroots change for communities in Mumbai.","Swashamtaa Foundation focuses on community development, dignity and grassroots change through community-led programs, partnerships and on-ground outreach in Mumbai. This website concept presents the mission, impact, team and donation journey in a premium digital format.",Support This Cause ₹,#001b13,#0b2d22,#d7b84f,https://images.unsplash.com/photo-1524492412937-b28074a5d7da?auto=format&fit=crop&w=1920&q=80,,Community Outreach,FIELD PROGRAMS,"Grassroots outreach, awareness drives and local partnerships that connect families with practical support.",https://images.unsplash.com/photo-1551731409-43eb3e517a1a?auto=format&fit=crop&w=900&q=80,Education Support,EDUCATION,"Learning support, mentoring and school-readiness programs for children from underserved communities.",https://images.unsplash.com/photo-1594608661623-aa0bd3a69799?auto=format&fit=crop&w=900&q=80,Health & Wellness Camps,HEALTHCARE,"Preventive health camps, awareness sessions and referral support for vulnerable families.",https://images.unsplash.com/photo-1631815588090-d4bfec5b1ccb?auto=format&fit=crop&w=900&q=80,Livelihood & Skills,EMPOWERMENT,"Skill-building, self-reliance and livelihood support designed to help communities move forward.",https://images.unsplash.com/photo-1611702700098-dec597b27d9d?auto=format&fit=crop&w=900&q=80,"10,000+",Lives Reached,Across Mumbai communities,75+,Community Drives,Community-led programs,12+,Years of Impact,Experience-led impact,₹1Cr+,Value Mobilised,For social programs,"The work represented by Swashamtaa Foundation shows how focused community action can create trust, dignity and practical support for families.",Community Member,Mumbai,Co-Founder,"Dr. Archana M. is associated with Swashamtaa Foundation as Co-Founder, helping strengthen partnerships, visibility and community impact across Mumbai.",Program Coordinator,Community Programs,"Coordinates local outreach, volunteer support and program delivery for communities connected with Swashamtaa Foundation.",Impact Lead,Partnerships & Reporting,"Supports donor communication, impact storytelling and transparent reporting for social programs.",hello@swashamtaa-foundation.org,,Mumbai Metropolitan Region,https://www.linkedin.com/in/ACwAABHJTooBu4mr6eOFGZjnTIDc8hQYab-NUMQ,client-batch-1,ready,Dr. Archana M.,https://www.linkedin.com/in/ACwAABHJTooBu4mr6eOFGZjnTIDc8hQYab-NUMQ,https://media.licdn.com/dms/image/v2/C4E03AQEAFC4i4M6H1A/profile-displayphoto-shrink_200_200/profile-displayphoto-shrink_200_200/0/1632739369469?e=1780531200&v=beta&t=VuCInSvyLSgl-tCyr6rHUBApgg72wp4CGZ4ad3Yh4Tc,https://media.licdn.com/dms/image/v2/D4D16AQFaBEMRnwj8Ng/profile-displaybackgroundimage-shrink_200_800/profile-displaybackgroundimage-shrink_200_800/0/1702526331782?e=1780531200&v=beta&t=7QCv5iNsVwEOejIzWoukHkMTJwaeORrY3XCXWeqLTMk
dezin-consulting-private-limited,Dezin Consulting Private Limited,"Community-led impact, dignity and development for underserved families.","Mumbai, Maharashtra, India",2020,"Building Community Impact,",One Life at a Time.,"Dezin Consulting Private Limited is presented as a premium NGO website concept focused on community development, dignity and grassroots change for communities in Mumbai.","Dezin Consulting Private Limited focuses on community development, dignity and grassroots change through community-led programs, partnerships and on-ground outreach in Mumbai. This website concept presents the mission, impact, team and donation journey in a premium digital format.",Support This Cause ₹,#071b14,#1c3a2f,#c7a646,https://images.unsplash.com/photo-1524492412937-b28074a5d7da?auto=format&fit=crop&w=1920&q=80,,Community Outreach,FIELD PROGRAMS,"Grassroots outreach, awareness drives and local partnerships that connect families with practical support.",https://images.unsplash.com/photo-1551731409-43eb3e517a1a?auto=format&fit=crop&w=900&q=80,Education Support,EDUCATION,"Learning support, mentoring and school-readiness programs for children from underserved communities.",https://images.unsplash.com/photo-1594608661623-aa0bd3a69799?auto=format&fit=crop&w=900&q=80,Health & Wellness Camps,HEALTHCARE,"Preventive health camps, awareness sessions and referral support for vulnerable families.",https://images.unsplash.com/photo-1631815588090-d4bfec5b1ccb?auto=format&fit=crop&w=900&q=80,Livelihood & Skills,EMPOWERMENT,"Skill-building, self-reliance and livelihood support designed to help communities move forward.",https://images.unsplash.com/photo-1611702700098-dec597b27d9d?auto=format&fit=crop&w=900&q=80,"10,000+",Lives Reached,Across Mumbai communities,75+,Community Drives,Community-led programs,12+,Years of Impact,Experience-led impact,₹1Cr+,Value Mobilised,For social programs,"The work represented by Dezin Consulting Private Limited shows how focused community action can create trust, dignity and practical support for families.",Community Member,Mumbai,Founder & CEO,"Vinod K Sharma is associated with Dezin Consulting Private Limited as Founder & CEO, helping strengthen partnerships, visibility and community impact acro...",Program Coordinator,Community Programs,"Coordinates local outreach, volunteer support and program delivery for communities connected with Dezin Consulting Private Limited.",Impact Lead,Partnerships & Reporting,"Supports donor communication, impact storytelling and transparent reporting for social programs.",hello@dezin-consulting-private-limited.org,,"Mumbai, Maharashtra, India",https://www.linkedin.com/in/ACwAAATR74MBRfQdLweYkHDqLbrDb1qfUxEVQLg,client-batch-1,ready,Vinod K Sharma,https://www.linkedin.com/in/ACwAAATR74MBRfQdLweYkHDqLbrDb1qfUxEVQLg,https://media.licdn.com/dms/image/v2/D4D03AQGiPgrNIgB9Sg/profile-displayphoto-shrink_800_800/B4DZaH6_qhHQAk-/0/1746037114299?e=1780531200&v=beta&t=bAEJzfoK5d8VOUobKrT8J814Adgxv8VasBq-E_LzZAE,https://media.licdn.com/dms/image/v2/D4D16AQGPHeBHcf4PdQ/profile-displaybackgroundimage-shrink_200_800/profile-displaybackgroundimage-shrink_200_800/0/1687867820310?e=1780531200&v=beta&t=fbcslqxsdryJpHIbmLrHLNFDSqDQFCEs2vMRlSbRHLk
drzyashakti-trust,Drzyashakti Trust,"Community-led impact, dignity and development for underserved families.","Navi Mumbai, Maharashtra, India",2019,"Building Community Impact,",One Life at a Time.,"Drzyashakti Trust is presented as a premium NGO website concept focused on community development, dignity and grassroots change for communities in Navi Mumbai.","Drzyashakti Trust focuses on community development, dignity and grassroots change through community-led programs, partnerships and on-ground outreach in Navi Mumbai. This website concept presents the mission, impact, team and donation journey in a premium digital format.",Support This Cause ₹,#071b14,#1c3a2f,#c7a646,https://images.unsplash.com/photo-1524492412937-b28074a5d7da?auto=format&fit=crop&w=1920&q=80,,Community Outreach,FIELD PROGRAMS,"Grassroots outreach, awareness drives and local partnerships that connect families with practical support.",https://images.unsplash.com/photo-1551731409-43eb3e517a1a?auto=format&fit=crop&w=900&q=80,Education Support,EDUCATION,"Learning support, mentoring and school-readiness programs for children from underserved communities.",https://images.unsplash.com/photo-1594608661623-aa0bd3a69799?auto=format&fit=crop&w=900&q=80,Health & Wellness Camps,HEALTHCARE,"Preventive health camps, awareness sessions and referral support for vulnerable families.",https://images.unsplash.com/photo-1631815588090-d4bfec5b1ccb?auto=format&fit=crop&w=900&q=80,Livelihood & Skills,EMPOWERMENT,"Skill-building, self-reliance and livelihood support designed to help communities move forward.",https://images.unsplash.com/photo-1611702700098-dec597b27d9d?auto=format&fit=crop&w=900&q=80,"10,000+",Lives Reached,Across Navi Mumbai communities,75+,Community Drives,Community-led programs,12+,Years of Impact,Experience-led impact,₹1Cr+,Value Mobilised,For social programs,"The work represented by Drzyashakti Trust shows how focused community action can create trust, dignity and practical support for families.",Community Member,Navi Mumbai,Trustee,"Ajay Kumar is associated with Drzyashakti Trust as Trustee, helping strengthen partnerships, visibility and community impact across Navi Mumbai.",Program Coordinator,Community Programs,"Coordinates local outreach, volunteer support and program delivery for communities connected with Drzyashakti Trust.",Impact Lead,Partnerships & Reporting,"Supports donor communication, impact storytelling and transparent reporting for social programs.",hello@drzyashakti-trust.org,,"Navi Mumbai, Maharashtra, India",https://www.linkedin.com/in/ACwAAArqnv4B2dnH2P3IhCDITjD5ixlwh1rdcGo,client-batch-1,ready,Ajay Kumar,https://www.linkedin.com/in/ACwAAArqnv4B2dnH2P3IhCDITjD5ixlwh1rdcGo,https://media.licdn.com/dms/image/v2/D4D03AQGV4LG3CqAIJg/profile-displayphoto-shrink_800_800/profile-displayphoto-shrink_800_800/0/1669734142227?e=1780531200&v=beta&t=9ep5T0zirNJklckD8jBWFr2Sli7gISLWBKxXCvfUQro,https://media.licdn.com/dms/image/v2/C4D16AQEELpKJU8Jx4A/profile-displaybackgroundimage-shrink_200_800/profile-displaybackgroundimage-shrink_200_800/0/1668149417634?e=1780531200&v=beta&t=aCsK6hLPJLAs2yQBeDFspCKPm6FzG4iFOnfzuIulWXA
utkarsh-global-foundation,Utkarsh Global Foundation,"Creating safer, brighter and more supportive futures for children.","Mumbai, Maharashtra, India",2021,"Protecting Childhood,",Creating Futures.,"Utkarsh Global Foundation is presented as a premium NGO website concept focused on child welfare, learning and care for communities in Mumbai.","Utkarsh Global Foundation focuses on child welfare, learning and care through community-led programs, partnerships and on-ground outreach in Mumbai. This website concept presents the mission, impact, team and donation journey in a premium digital format.",Support This Cause ₹,#071b14,#1c3a2f,#c7a646,https://images.unsplash.com/photo-1497633762265-9d179a990aa6?auto=format&fit=crop&w=1920&q=80,,Child Learning Support,EDUCATION,"School support, after-class learning and activity-based programs for children who need extra care.",https://images.unsplash.com/photo-1594608661623-aa0bd3a69799?auto=format&fit=crop&w=900&q=80,Child Safety Awareness,PROTECTION,Awareness programs for families and communities focused on child safety and protection.,https://images.unsplash.com/photo-1503676260728-1c00da094a0b?auto=format&fit=crop&w=900&q=80,Nutrition & Wellness,CARE,Basic nutrition awareness and wellness support to help children grow with dignity.,https://images.unsplash.com/photo-1516627145497-ae6968895b74?auto=format&fit=crop&w=900&q=80,Youth Mentoring,MENTORSHIP,Mentorship and confidence-building activities that help young people make better life choices.,https://images.unsplash.com/photo-1521587760476-6c12a4b040da?auto=format&fit=crop&w=900&q=80,"5,500+",Children Reached,Across Mumbai communities,70+,Activity Sessions,Community-led programs,40+,Community Volunteers,Local support network,15+,Safe Spaces,Purpose-led progress,"The work represented by Utkarsh Global Foundation shows how focused community action can create trust, dignity and practical support for families.",Community Member,Mumbai,Chief Human Resources Officer,"Shaffiqa Hussain is associated with Utkarsh Global Foundation as Chief Human Resources Officer, helping strengthen partnerships, visibility and community...",Program Coordinator,Community Programs,"Coordinates local outreach, volunteer support and program delivery for communities connected with Utkarsh Global Foundation.",Impact Lead,Partnerships & Reporting,"Supports donor communication, impact storytelling and transparent reporting for social programs.",hello@utkarsh-global-foundation.org,,"Mumbai, Maharashtra, India",https://www.linkedin.com/in/ACwAAArfCw0BvxW2f1y86txqkGh3VZIIZSzmiIk,client-batch-1,ready,Shaffiqa Hussain,https://www.linkedin.com/in/ACwAAArfCw0BvxW2f1y86txqkGh3VZIIZSzmiIk,https://media.licdn.com/dms/image/v2/D4D03AQGKhH5qWKI6Ig/profile-displayphoto-shrink_200_200/profile-displayphoto-shrink_200_200/0/1670495618068?e=1780531200&v=beta&t=KoGWJPHSMAkqojsXteoQ8TCD5Xyc304i7-faeLkLd8Q,
aicwa-foundation,AICWA Foundation,"Community-led impact, dignity and development for underserved families.","Mumbai, Maharashtra, India",2025,"Building Community Impact,",One Life at a Time.,"AICWA Foundation is presented as a premium NGO website concept focused on community development, dignity and grassroots change for communities in Mumbai.","AICWA Foundation focuses on community development, dignity and grassroots change through community-led programs, partnerships and on-ground outreach in Mumbai. This website concept presents the mission, impact, team and donation journey in a premium digital format.",Support This Cause ₹,#051f1a,#14352c,#e0bd55,https://images.unsplash.com/photo-1524492412937-b28074a5d7da?auto=format&fit=crop&w=1920&q=80,,Community Outreach,FIELD PROGRAMS,"Grassroots outreach, awareness drives and local partnerships that connect families with practical support.",https://images.unsplash.com/photo-1551731409-43eb3e517a1a?auto=format&fit=crop&w=900&q=80,Education Support,EDUCATION,"Learning support, mentoring and school-readiness programs for children from underserved communities.",https://images.unsplash.com/photo-1594608661623-aa0bd3a69799?auto=format&fit=crop&w=900&q=80,Health & Wellness Camps,HEALTHCARE,"Preventive health camps, awareness sessions and referral support for vulnerable families.",https://images.unsplash.com/photo-1631815588090-d4bfec5b1ccb?auto=format&fit=crop&w=900&q=80,Livelihood & Skills,EMPOWERMENT,"Skill-building, self-reliance and livelihood support designed to help communities move forward.",https://images.unsplash.com/photo-1611702700098-dec597b27d9d?auto=format&fit=crop&w=900&q=80,"10,000+",Lives Reached,Across Mumbai communities,75+,Community Drives,Community-led programs,12+,Years of Impact,Experience-led impact,₹1Cr+,Value Mobilised,For social programs,"The work represented by AICWA Foundation shows how focused community action can create trust, dignity and practical support for families.",Community Member,Mumbai,Founder & President,"Suresh Shyamlal Gupta is associated with AICWA Foundation as Founder & President, helping strengthen partnerships, visibility and community impact across...",Program Coordinator,Community Programs,"Coordinates local outreach, volunteer support and program delivery for communities connected with AICWA Foundation.",Impact Lead,Partnerships & Reporting,"Supports donor communication, impact storytelling and transparent reporting for social programs.",hello@aicwa-foundation.org,,"Mumbai, Maharashtra, India",https://www.linkedin.com/in/ACwAADVD-vMBec3arfz2qrrwYHQXBxjkBayGkw0,client-batch-1,ready,Suresh Shyamlal Gupta,https://www.linkedin.com/in/ACwAADVD-vMBec3arfz2qrrwYHQXBxjkBayGkw0,https://media.licdn.com/dms/image/v2/D4D03AQG-WWs29uWsBw/profile-displayphoto-crop_800_800/B4DZprtokXHwAM-/0/1762743717778?e=1780531200&v=beta&t=STgWIVRfA8ywuC2XqJUW-uvAImxRBd49qGtV9VueRw0,https://media.licdn.com/dms/image/v2/D4D16AQEXz4AmvwygJQ/profile-displaybackgroundimage-shrink_200_800/profile-displaybackgroundimage-shrink_200_800/0/1689413742516?e=1780531200&v=beta&t=pQ3xxELX56ByE5wpKaZluc4z98FzJ0s4Tg5Uj4_JPRU
ichars-support-foundation,ICHARS Support Foundation,Making healthcare awareness and support more accessible to communities.,Mumbai Metropolitan Region,2019,"Bringing Care Closer,",Healing Communities.,"ICHARS Support Foundation is presented as a premium NGO website concept focused on healthcare access, awareness and wellness support for communities in Mumbai.","ICHARS Support Foundation focuses on healthcare access, awareness and wellness support through community-led programs, partnerships and on-ground outreach in Mumbai. This website concept presents the mission, impact, team and donation journey in a premium digital format.",Support This Cause ₹,#001b13,#0b2d22,#d7b84f,https://images.unsplash.com/photo-1584515933487-779824d29309?auto=format&fit=crop&w=1920&q=80,,Mobile Health Camps,HEALTHCARE,"Community health camps, screenings and basic medical access for families who need timely care.",https://images.unsplash.com/photo-1576091160550-2173dba999ef?auto=format&fit=crop&w=900&q=80,Patient Awareness,AWARENESS,Practical awareness programs that help people identify risks early and seek the right support.,https://images.unsplash.com/photo-1550831107-1553da8c8464?auto=format&fit=crop&w=900&q=80,Care Navigation,SUPPORT,"Guidance, referrals and follow-up support that make the healthcare journey easier for communities.",https://images.unsplash.com/photo-1559757148-5c350d0d3c56?auto=format&fit=crop&w=900&q=80,Community Wellness,WELLNESS,"Preventive care, nutrition awareness and wellness sessions delivered with local participation.",https://images.unsplash.com/photo-1587854692152-cbe660dbde88?auto=format&fit=crop&w=900&q=80,"8,500+",People Supported,Across Mumbai communities,120+,Health Camps,Community-led programs,30+,Care Partners,Local support network,18+,Districts Reached,Purpose-led progress,"The work represented by ICHARS Support Foundation shows how focused community action can create trust, dignity and practical support for families.",Community Member,Mumbai,Director,"Nitin Shah is associated with ICHARS Support Foundation as Director, helping strengthen partnerships, visibility and community impact across Mumbai.",Program Coordinator,Community Programs,"Coordinates local outreach, volunteer support and program delivery for communities connected with ICHARS Support Foundation.",Impact Lead,Partnerships & Reporting,"Supports donor communication, impact storytelling and transparent reporting for social programs.",hello@ichars-support-foundation.org,,Mumbai Metropolitan Region,https://www.linkedin.com/in/ACwAAALwfZIBUscoEFV9DGtqzqxsJLj3iy-iJ1k,client-batch-1,ready,Nitin Shah,https://www.linkedin.com/in/ACwAAALwfZIBUscoEFV9DGtqzqxsJLj3iy-iJ1k,https://media.licdn.com/dms/image/v2/D4D03AQHaGIVj2fA39A/profile-displayphoto-crop_800_800/B4DZw0t4YKJ0AU-/0/1770410969078?e=1780531200&v=beta&t=t11jC0npOhSbY8y0XWxS2IJ4E3YsjT1h1MlmzS5aGYE,https://media.licdn.com/dms/image/v2/D4D16AQFn59ZeLy0vQA/profile-displaybackgroundimage-shrink_350_1400/B4DZw0tPERJcAY-/0/1770410800658?e=1780531200&v=beta&t=O-2JKejoTGNgfWHLXRTUjwb88v-HSEAPxZXqOqoC1CM
points-for-good,Points for Good,"Community-led impact, dignity and development for underserved families.","Mumbai, Maharashtra, India",2018,"Building Community Impact,",One Life at a Time.,"Points for Good is presented as a premium NGO website concept focused on community development, dignity and grassroots change for communities in Mumbai.","Points for Good focuses on community development, dignity and grassroots change through community-led programs, partnerships and on-ground outreach in Mumbai. This website concept presents the mission, impact, team and donation journey in a premium digital format.",Support This Cause ₹,#001b13,#0b2d22,#d7b84f,https://images.unsplash.com/photo-1524492412937-b28074a5d7da?auto=format&fit=crop&w=1920&q=80,,Community Outreach,FIELD PROGRAMS,"Grassroots outreach, awareness drives and local partnerships that connect families with practical support.",https://images.unsplash.com/photo-1551731409-43eb3e517a1a?auto=format&fit=crop&w=900&q=80,Education Support,EDUCATION,"Learning support, mentoring and school-readiness programs for children from underserved communities.",https://images.unsplash.com/photo-1594608661623-aa0bd3a69799?auto=format&fit=crop&w=900&q=80,Health & Wellness Camps,HEALTHCARE,"Preventive health camps, awareness sessions and referral support for vulnerable families.",https://images.unsplash.com/photo-1631815588090-d4bfec5b1ccb?auto=format&fit=crop&w=900&q=80,Livelihood & Skills,EMPOWERMENT,"Skill-building, self-reliance and livelihood support designed to help communities move forward.",https://images.unsplash.com/photo-1611702700098-dec597b27d9d?auto=format&fit=crop&w=900&q=80,"10,000+",Lives Reached,Across Mumbai communities,75+,Community Drives,Community-led programs,12+,Years of Impact,Experience-led impact,₹1Cr+,Value Mobilised,For social programs,"The work represented by Points for Good shows how focused community action can create trust, dignity and practical support for families.",Community Member,Mumbai,Founder,"Brian Almeida F IDM CLMP is associated with Points for Good as Founder, helping strengthen partnerships, visibility and community impact across Mumbai.",Program Coordinator,Community Programs,"Coordinates local outreach, volunteer support and program delivery for communities connected with Points for Good.",Impact Lead,Partnerships & Reporting,"Supports donor communication, impact storytelling and transparent reporting for social programs.",hello@points-for-good.org,,"Mumbai, Maharashtra, India",https://www.linkedin.com/in/ACwAAADlPZQBOT3APkhQ05gm-t3zPr2yVqdSI6A,client-batch-1,ready,Brian Almeida F IDM CLMP,https://www.linkedin.com/in/ACwAAADlPZQBOT3APkhQ05gm-t3zPr2yVqdSI6A,https://media.licdn.com/dms/image/v2/C4D03AQEbadbvEn7ulA/profile-displayphoto-shrink_800_800/profile-displayphoto-shrink_800_800/0/1631812150157?e=1780531200&v=beta&t=rUNZ7K__I42z53dkiAdMOlta1dkZGJytuxzAhfcxpLI,https://media.licdn.com/dms/image/v2/D4D16AQGSjzSDBXxT0w/profile-displaybackgroundimage-shrink_200_800/profile-displaybackgroundimage-shrink_200_800/0/1735631587322?e=1780531200&v=beta&t=RQwW3OBTJgpJuy_LZSr0ZGFMb1NRbCmfVEoAskV4N6I